tree
version=v4
num_class=1
num_tree_per_iteration=1
label_index=0
max_feature_idx=20
objective=binary sigmoid:1
feature_names=n_lines los_days total_billed_inr avg_line_inr max_line_inr distinct_procedures r1_overbilling_count r2_dx_mismatch_count r3_stay_logic_count r4_cost_outlier_count n_findings n_high_severity total_excess_inr excess_ratio share_lines_flagged cost_lines_above_band cost_gap_over_p95_inr cost_gap_ratio max_pct_over_median worst_cost_severity n_unmapped_codes
feature_infos=[2:5] [1:7] [456.67000000000002:128436.08] [228.34:42812.029999999999] [274.55000000000001:112884.99000000001] [2:5] [0:3] [0:1] [0:2] [0:3] [0:7] [0:4] [0:64299.709999999999] [0:0.60350000000000004] [0:1] [0:3] [0:78056.25] [0:0.73150000000000004] [0:1208.9000000000001] [0:3] none
tree_sizes=1170 974 1626 1518 1402 1187 1401 1193 1407 1299 1303 1311 1639 1424 1644 1427 1206 1199 1315 1656 1757 1317 1410 1313 1324 1429 1538 1431 1427 1316 1645 1751 1537 1527 1420 1636 1748 1757 1754 1745 1644 1758 1751 1751 1647 1530 1764 1644 1755 1428 1761 1645 1643 1651 1640 1646 1534 1537 1654 1320 1540 1544 1428 1534 1532 1427 1541 1532 1543 1656 1433 1762 1761 1545 1765 1440 1536 1548 1545 1656 1771 1545 1769 1541 1540 1437 1545 1550 1665 1434 1547 1774 1551 1556 1549 1775 1554 1785 1665 1672 1558 1672 1667 1445 1554 1781 1794 1796 1561 1681 1562 1574 1675 1445 1571 1681 1794 1570 1461 1685 1570 1790 1571 1454 1687 1680 1583 1466 1689 1454 1575 1458 1799 1577 1801 1804 1579 1469 1585 1811 1699 1705 1807 1584 1582 1809 1704 1698 1704 1584 1473 1813 1708 1361 1480 1247 1594 1707 1477 1482 1480 1366 1482 1592 1368 1257 1824 1381 1142 1258 1259 1262 1148 1721 1259 1378 1261 1265 1260 1370 1384 1274 1266 1150 1268 1042 1041 1155 1155 1044 1141 1043 1151 1271 1160 1382 1142 1161 1153 938 1036 934 1038 1047 1151 935 1043 1153 1055 1052 1156 933 1054 1055 1047 940 939 936 939 944 939 940 938 935 940 940 941 934 941 936 939 937 935 940 824 936 936 933 932 932 940 944 828 824 829 830 830 829 830 828 719 720 718 722 721 601 714 714 608 601 493 490 493 493 495 492 495 490 489 492 491 495 491 490 490 492 492 492 489 493 491 490 490 487 489 487 491 488 491 378 493 379 490 375 377 378 492 382 379 381

Tree=0
num_leaves=10
num_cat=0
split_feature=10 10 6 13 17 1 3 3 2
split_gain=8318.37 147.571 567.927 466.042 0.044903 1.42109e-14 3.55271e-15 3.55271e-15 8.88178e-16
threshold=1.0000000180025095e-35 1.5000000000000002 1.0000000180025095e-35 0.10935000000000002 0.035800000000000005 2.5000000000000004 1436.5700000000002 3660.9350000000004 42844.360000000008
decision_type=2 2 2 2 2 2 2 2 2
left_child=5 2 -2 8 -3 6 -1 -8 -4
right_child=1 4 3 -5 -6 -7 7 -9 -10
leaf_value=-2.5870508995179677 -1.8534684989434798 -1.85652188079293 -2.5870508995179677 -1.8534684989434802 -1.8534684989434798 -2.5870508995179677 -2.5870508995179677 -2.5870508995179677 -2.5870508995179677
leaf_weight=5.4526937007904079 23.173286497592926 16.37528620660305 4.4984723031520826 3.4330794811248779 45.488303124904633 59.161726653575897 13.768051594495775 4.0895202755928031 1.3631734251976011
leaf_count=80 27 20 66 4 53 868 202 60 20
internal_value=-2.22026 -1.89958 -1.98591 -2.3161 -1.85428 -2.58705 -2.58705 -2.58705 -2.58705
internal_weight=176.804 94.3316 32.468 9.29473 61.8636 82.472 23.3103 17.8576 5.86165
internal_count=1400 190 117 90 73 1210 342 262 86
is_linear=0
shrinkage=1


Tree=1
num_leaves=8
num_cat=0
split_feature=10 10 6 1 3 16 3
split_gain=3490.74 29.1703 151.232 87.8811 0.0318398 0.00552202 2.84217e-14
threshold=1.0000000180025095e-35 1.5000000000000002 1.0000000180025095e-35 4.5000000000000009 16291.555000000002 780.08000000000015 11396.200000000003
decision_type=2 2 2 2 2 2 2
left_child=6 2 -2 -4 5 -3 -1
right_child=1 4 3 -5 -6 -7 -8
leaf_value=-0.053762076040617945 0.36909583849997818 0.36997388024555766 0.25130064885604447 -0.053762076040617945 0.36753711191090888 0.36909583849997818 -0.053762076040617945
leaf_weight=67.617874309420586 39.817993640899658 29.435752153396606 8.1767537444829923 3.3190679401159278 31.08312414586544 45.716955661773682 11.128639563918112
leaf_count=1039 27 20 39 51 22 31 171
internal_value=0.218066 0.353931 0.322974 0.163223 0.368883 0.36944 -0.0537621
internal_weight=236.296 157.55 51.3138 11.4958 106.236 75.1527 78.7465
internal_count=1400 190 117 90 73 51 1210
is_linear=0
shrinkage=0.05


Tree=2
num_leaves=14
num_cat=0
split_feature=10 11 7 13 9 15 3 1 12 0 4 2 4
split_gain=2176.19 14.7126 32.8079 62.4077 143.251 0.0816868 0.000879662 0.000518544 0.00026155 1.42109e-14 7.10543e-15 3.55271e-15 3.55271e-15
threshold=1.0000000180025095e-35 1.0000000180025095e-35 1.0000000180025095e-35 0.10935000000000002 1.0000000180025095e-35 1.0000000180025095e-35 16695.305000000004 4.5000000000000009 1132.3050000000003 2.5000000000000004 12158.045000000002 5449.7150000000011 27089.085000000003
decision_type=2 2 2 2 2 2 2 2 2 2 2 2 2
left_child=9 2 3 4 7 -3 -7 -2 -9 11 -11 -1 -12
right_child=1 5 -4 -5 -6 6 -8 8 -10 10 12 -13 -14
leaf_value=-0.053565164478826324 -0.054836894976458245 0.27350371903936249 0.27068208557784468 0.2782529774872296 0.27060982435790443 0.27062581761881466 0.27093674404554829 -0.053565164478826303 -0.054478622246432608 -0.053565164478826345 -0.053565164478826338 -0.053565164478826345 -0.053565164478826345
leaf_weight=8.3872271887958068 2.8148737549781817 37.622217059135437 41.719919800758362 12.991816401481627 7.5870065689086914 56.899948358535767 37.899622201919556 2.0502110905945305 1.2684878185391424 30.256145488470793 17.271475248038772 15.034881331026552 4.224677398800849
leaf_count=135 35 20 22 7 4 30 20 33 19 487 278 242 68
internal_value=0.175916 0.261804 0.24298 0.199714 0.125347 0.271532 0.27075 -0.0543377 -0.0539143 -0.0535652 -0.0535652 -0.0535652 -0.0535652
internal_weight=276.029 200.854 68.4323 26.7124 13.7206 132.422 94.7996 6.13357 3.3187 75.1744 51.7523 23.4221 21.4962
internal_count=1400 190 120 98 91 70 50 87 52 1210 833 377 346
is_linear=0
shrinkage=0.05


Tree=3
num_leaves=13
num_cat=0
split_feature=10 11 7 13 9 13 18 1 12 1 4 4
split_gain=1549.48 8.24974 19.2023 38.2216 104.843 0.0516714 0.000763866 0.000436725 0.000227358 1.42109e-14 7.10543e-15 3.55271e-15
threshold=1.0000000180025095e-35 1.0000000180025095e-35 1.0000000180025095e-35 0.10935000000000002 1.0000000180025095e-35 0.21280000000000002 109.30000000000001 4.5000000000000009 1132.3050000000003 3.5000000000000004 2731.7950000000005 5962.0500000000011
decision_type=2 2 2 2 2 2 2 2 2 2 2 2
left_child=9 2 3 4 7 6 -3 -2 -9 10 -1 -12
right_child=1 5 -4 -5 -6 -7 -8 8 -10 -11 11 -13
leaf_value=-0.05337921961120401 -0.054578795912724791 0.21813045007216988 0.21834931824351261 0.22285359789839765 0.21830635030175505 0.22030567002351056 0.21839596538920239 -0.053379219611204003 -0.054250773398290403 -0.053379219611204044 -0.053379219611204023 -0.053379219611204044
leaf_weight=7.2936871424317387 2.689932435750964 46.720318078994751 48.910612106323242 15.337367534637449 8.8940696716308576 44.183022260665894 64.463398694992065 1.9568428918719294 1.2115625515580175 42.161069579422474 11.563162542879583 10.732986770570276
leaf_count=123 35 21 22 7 4 20 29 33 19 711 195 181
internal_value=0.149928 0.21217 0.199014 0.167586 0.110127 0.218859 0.218284 -0.0541103 -0.0537125 -0.0533792 -0.0533792 -0.0533792
internal_weight=306.118 234.367 79.0004 30.0898 14.7524 155.367 111.184 5.85834 3.16841 71.7509 29.5898 22.2961
internal_count=1400 190 120 98 91 70 50 87 52 1210 499 376
is_linear=0
shrinkage=0.05


Tree=4
num_leaves=12
num_cat=0
split_feature=10 11 7 13 6 1 3 1 12 2 3
split_gain=1185.98 5.28476 12.6595 26.002 81.8736 0.0330943 0.000511179 0.000368157 0.000197571 1.42109e-14 7.10543e-15
threshold=1.0000000180025095e-35 1.0000000180025095e-35 1.0000000180025095e-35 0.10935000000000002 1.0000000180025095e-35 2.5000000000000004 16109.670000000002 4.5000000000000009 1132.3050000000003 13912.490000000002 8365.340000000002
decision_type=2 2 2 2 2 2 2 2 2 2 2
left_child=9 2 3 4 -2 -3 -7 -6 -9 -1 -11
right_child=1 5 -4 -5 7 6 -8 8 -10 10 -12
leaf_value=-0.053203569546479583 0.18529797940048076 0.18676586029023204 0.18532670875533316 0.18835416947996697 -0.0543355867282743 0.18515243820942007 0.18535961388180669 -0.053203569546479548 -0.054035086675372213 -0.053203569546479569 -0.053203569546479583
leaf_weight=38.08357210829854 9.9239072799682599 49.368605375289917 54.576151609420776 17.18420672416687 2.5699061155319205 74.466164827346802 49.609129190444946 1.867396552115679 1.1569578051567075 14.882584642618896 15.505050159990786
leaf_count=673 4 20 22 7 35 30 20 33 19 263 274
internal_value=0.131986 0.180621 0.170586 0.145986 0.0990693 0.185671 0.185235 -0.0538956 -0.0535217 -0.0532036 -0.0532036
internal_weight=329.194 260.722 87.2785 32.7024 15.5182 173.444 124.075 5.59426 3.02435 68.4712 30.3876
internal_count=1400 190 120 98 91 70 50 87 52 1210 537
is_linear=0
shrinkage=0.05


Tree=5
num_leaves=10
num_cat=0
split_feature=10 11 7 13 9 13 1 1 12
split_gain=950.301 3.67981 9.00101 18.9141 66.6208 0.0206383 0.000644278 0.000310633 0.000171637
threshold=1.0000000180025095e-35 1.0000000180025095e-35 1.0000000180025095e-35 0.10935000000000002 1.0000000180025095e-35 0.21280000000000002 4.5000000000000009 4.5000000000000009 1132.3050000000003
decision_type=2 2 2 2 2 2 2 2 2
left_child=-1 2 3 4 7 6 -3 -2 -9
right_child=1 5 -4 -5 -6 -7 -8 8 -10
leaf_value=-0.053037580527977891 -0.054106296718597895 0.16225578751298908 0.16243386783876324 0.1646259130025633 0.16241321982120152 0.16351463514239981 0.16247651303460606 -0.05303758052797785 -0.053830856624946313
leaf_weight=65.330513194203377 2.4546677991747883 75.169048547744751 59.025461912155151 18.635800123214722 10.7326602935791 53.455971717834473 59.016856908798218 1.7817412689328196 1.104602165520191
leaf_count=1210 35 28 22 7 4 20 22 33 19
internal_value=0.118755 0.158643 0.150552 0.130347 0.0906048 0.162684 0.162353 -0.0536928 -0.0533412
internal_weight=346.707 281.377 93.7349 34.7095 16.0737 187.642 134.186 5.34101 2.88634
internal_count=1400 190 120 98 91 70 50 87 52
is_linear=0
shrinkage=0.05


Tree=6
num_leaves=12
num_cat=0
split_feature=10 11 7 13 9 2 12 1 12 2 2
split_gain=785.941 2.7131 6.74345 14.4159 55.7748 0.0161767 0.000451748 0.000262318 0.000149059 1.42109e-14 3.55271e-15
threshold=1.0000000180025095e-35 1.0000000180025095e-35 1.0000000180025095e-35 0.10935000000000002 1.0000000180025095e-35 20297.310000000001 3130.5750000000003 4.5000000000000009 1132.3050000000003 18925.650000000005 21702.165000000005
decision_type=2 2 2 2 2 2 2 2 2 2 2
left_child=9 2 3 4 7 -3 -7 -2 -9 -1 -11
right_child=1 5 -4 -5 -6 6 -8 8 -10 10 -12
leaf_value=-0.052880674493607609 -0.053890024587605195 0.1464823517583472 0.14557691968528633 0.14724630570940486 0.14556133458569442 0.14555563176578143 0.14537361381271849 -0.05288067449360756 -0.053637411173936625 -0.052880674493607532 -0.052880674493607609
leaf_weight=44.605471611022949 2.344085797667506 56.614058971405029 62.46883225440979 19.761419057846069 11.358550071716307 85.190704345703125 56.827650785446167 1.6997466087341311 1.0544238239526746 2.2663288116455105 15.452241897583006
leaf_count=866 35 20 22 7 4 30 20 33 19 44 300
internal_value=0.10856 0.142401 0.135625 0.11846 0.0838925 0.145768 0.145483 -0.0535013 -0.0531704 -0.0528807 -0.0528807
internal_weight=359.644 297.319 98.6871 36.2182 16.4568 198.632 142.018 5.09826 2.75417 62.324 17.7186
internal_count=1400 190 120 98 91 70 50 87 52 1210 344
is_linear=0
shrinkage=0.05


Tree=7
num_leaves=10
num_cat=0
split_feature=10 11 7 13 9 15 13 1 12
split_gain=665.207 2.08532 5.24948 11.3726 47.678 0.0115078 0.000492438 0.0002217 0.000129411
threshold=1.0000000180025095e-35 1.0000000180025095e-35 1.0000000180025095e-35 0.10935000000000002 1.0000000180025095e-35 1.0000000180025095e-35 0.071300000000000016 4.5000000000000009 1132.3050000000003
decision_type=2 2 2 2 2 2 2 2 2
left_child=-1 2 3 4 7 -3 -7 -2 -9
right_child=1 5 -4 -5 -6 6 -8 8 -10
leaf_value=-0.052732298922216717 -0.053685937078168246 0.13336975639520887 0.13262848800843249 0.13394726042782099 0.13261630202052796 0.13261841381638559 0.1324321999310096 -0.052732298922216675 -0.053454125733313242
leaf_weight=59.447056800127029 2.2380255535244968 59.010510921478271 65.065617799758911 20.613112449645996 11.830542564392088 88.728497505187988 59.185092687606812 1.6212833672761919 1.0063511878252027
leaf_count=1210 35 20 22 7 4 30 20 33 19
internal_value=0.10045 0.129892 0.124055 0.109103 0.0784301 0.132779 0.132544 -0.0533202 -0.0530087
internal_weight=368.746 309.299 102.375 37.3093 16.6962 206.924 147.914 4.86566 2.62763
internal_count=1400 190 120 98 91 70 50 87 52
is_linear=0
shrinkage=0.05


Tree=8
num_leaves=12
num_cat=0
split_feature=10 11 7 13 6 13 16 1 16 2 2
split_gain=572.997 1.65418 4.20767 9.21215 41.4087 0.00894333 0.000654749 0.00018752 0.00012526 7.10543e-15 1.77636e-15
threshold=1.0000000180025095e-35 1.0000000180025095e-35 1.0000000180025095e-35 0.10935000000000002 1.0000000180025095e-35 0.21280000000000002 3076.6850000000004 4.5000000000000009 0.3000000000000001 27101.210000000003 39462.515000000007
decision_type=2 2 2 2 2 2 2 2 2 2 2
left_child=9 2 3 4 -2 6 -3 -6 -9 -1 -11
right_child=1 5 -4 -5 7 -7 -8 8 -10 10 -12
leaf_value=-0.052591953626827725 0.1223554357695716 0.12217531547064567 0.12236524412571359 0.12343639155856821 -0.053493274788415104 0.12300085052521009 0.12238290603714222 -0.052587505401309159 -0.053321512758090432 -0.052591953626827725 -0.052591953626827719
leaf_weight=45.168484702706337 12.171872138977053 73.064352750778198 66.943629741668701 21.232419967651367 2.136349380016326 60.748542785644531 79.111668586730957 1.5906065180897715 0.9159303493797778 6.5597384423017484 4.9666591063141823
leaf_count=964 4 24 22 7 35 20 26 34 18 140 106
internal_value=0.0938414 0.119955 0.114819 0.101542 0.0738952 0.122488 0.122283 -0.0531491 -0.0528557 -0.052592 -0.052592
internal_weight=374.61 317.915 104.991 38.0472 16.8148 212.925 152.176 4.64289 2.50654 56.6949 11.5264
internal_count=1400 190 120 98 91 70 50 87 52 1210 246
is_linear=0
shrinkage=0.05


Tree=9
num_leaves=11
num_cat=0
split_feature=10 11 7 18 13 1 1 13 12 2
split_gain=500.401 1.34497 3.45095 7.63232 31.6408 0.00675439 0.000293537 0.000267837 1.4828e-08 1.42109e-14
threshold=1.0000000180025095e-35 1.0000000180025095e-35 1.0000000180025095e-35 77.40000000000002 0.10935000000000002 2.5000000000000004 4.5000000000000009 0.061150000000000003 951.0200000000001 28591.705000000005
decision_type=2 2 2 2 2 2 2 2 2 2
left_child=9 2 3 4 6 -3 -2 -7 -8 -1
right_child=1 5 -4 -5 -6 7 8 -9 -10 -11
leaf_value=-0.052459157792578121 -0.053311316826730043 0.11457396718224662 0.11403058872746637 0.11146130639960479 0.11533123701807937 0.11400991304150171 -0.052458646722349858 0.11387577133063242 -0.052449917322338349 -0.052459157792578121
leaf_weight=44.322648048400879 2.0389189384877673 61.929506063461304 68.208757877349854 25.211318522691727 9.2721326351165754 93.015614032745361 1.072118431329727 62.026319980621338 0.89055339992046345 9.7402593493461591
leaf_count=992 35 20 22 16 3 30 24 20 20 218
internal_value=0.0883522 0.111872 0.107276 0.0953047 0.0646177 0.114133 -0.0528912 0.113956 -0.0524547 -0.0524592
internal_weight=377.728 323.665 106.694 38.485 13.2737 216.971 4.00159 155.042 1.96267 54.0629
internal_count=1400 190 120 98 82 70 79 50 44 1210
is_linear=0
shrinkage=0.05


Tree=10
num_leaves=11
num_cat=0
split_feature=10 11 6 13 7 13 16 18 1 3
split_gain=441.748 1.13533 2.94411 12.6825 25.7947 0.0052574 0.000446217 0.000164541 0.000212547 1.42109e-14
threshold=1.0000000180025095e-35 1.0000000180025095e-35 1.0000000180025095e-35 0.092350000000000015 1.0000000180025095e-35 0.21280000000000002 3076.6850000000004 62.45000000000001 4.5000000000000009 1436.5700000000002
decision_type=2 2 2 2 2 2 2 2 2 2
left_child=9 2 -2 4 7 6 -3 8 -4 -1
right_child=1 5 3 -5 -6 -7 -8 -9 -10 -11
leaf_value=-0.05233347756273761 0.10714351206487027 0.10697371081137315 -0.053139410858182495 0.10733374579652043 0.10717350760816767 0.10760347575146754 0.10714258367636185 -0.053507013791429005 -0.052329891391951017 -0.05233347756273761
leaf_weight=6.3900757580995551 68.949398517608643 75.232252836227417 1.7232416123151764 28.255364056676626 6.2679076194763184 62.631990671157837 81.485749006271362 0.94806836545467366 1.5314627625048158 45.156535357236862
leaf_count=150 22 24 31 11 2 20 26 18 36 1060
internal_value=0.0837088 0.105152 0.100947 0.0899154 0.0429114 0.107216 0.107062 -0.0529274 -0.0527585 -0.0523335
internal_weight=378.572 327.025 107.675 38.726 10.4707 219.35 156.718 4.20277 3.2547 51.5466
internal_count=1400 190 120 98 87 70 50 85 67 1210
is_linear=0
shrinkage=0.05


Tree=11
num_leaves=11
num_cat=0
split_feature=10 11 6 13 7 15 13 18 1 2
split_gain=393.558 0.961637 2.50811 10.9004 23.2761 0.00436119 0.000326878 0.000142946 0.000181416 7.10543e-15
threshold=1.0000000180025095e-35 1.0000000180025095e-35 1.0000000180025095e-35 0.092350000000000015 1.0000000180025095e-35 1.0000000180025095e-35 0.071300000000000016 62.45000000000001 4.5000000000000009 47091.345000000008
decision_type=2 2 2 2 2 2 2 2 2 2
left_child=9 2 -2 4 7 -3 -7 8 -4 -1
right_child=1 5 3 -5 -6 6 -8 -9 -10 -11
leaf_value=-0.052214502183145356 0.10133755359957185 0.10175188650874452 -0.052976938506829142 0.10142800752152029 0.10136295648335092 0.10131823439232467 0.1011711444392097 -0.053330959120584914 -0.052211104247292417 -0.052214502183145356
leaf_weight=48.126236479729414 69.245192766189575 62.925909996032715 1.6440982334315761 28.400970067828894 6.2949762344360352 94.425726890563965 62.952677249908447 0.90473240986466397 1.4600030928850172 1.0153214447200287
leaf_count=1185 22 20 31 11 2 30 20 18 36 25
internal_value=0.0797499 0.0995057 0.0956396 0.0854456 0.0413924 0.1014 0.101259 -0.0527779 -0.0526167 -0.0522145
internal_weight=377.396 328.254 107.95 38.7048 10.3038 220.304 157.378 4.00883 3.1041 49.1416
internal_count=1400 190 120 98 87 70 50 85 67 1210
is_linear=0
shrinkage=0.05


Tree=12
num_leaves=14
num_cat=0
split_feature=10 11 6 13 7 2 1 18 1 1 1 2 2
split_gain=353.247 0.826056 2.16516 9.46689 21.1272 0.00337815 0.000145577 0.000124141 0.000154912 7.10543e-15 3.55271e-15 3.55271e-15 3.55271e-15
threshold=1.0000000180025095e-35 1.0000000180025095e-35 1.0000000180025095e-35 0.092350000000000015 1.0000000180025095e-35 20297.310000000001 5.5000000000000009 62.45000000000001 4.5000000000000009 4.5000000000000009 1.5000000000000002 21002.370000000003 19767.605000000003
decision_type=2 2 2 2 2 2 2 2 2 2 2 2 2
left_child=9 2 -2 4 7 -3 -7 8 -4 10 -1 12 -12
right_child=1 5 3 -5 -6 6 -8 -9 -10 -11 11 -13 -14
leaf_value=-0.052101842794932088 0.096390050926619356 0.096754160464825503 -0.052823333822018939 0.096392264264822558 0.096411825913381377 0.096276087331539015 0.096372636885834084 -0.053164042635036539 -0.052098619535598703 -0.052101842794932109 -0.052101842794932102 -0.052101842794932109 -0.052101842794932011
leaf_weight=6.4264527335763004 69.160116195678711 62.871920585632324 1.5683474279940117 28.390115778893232 6.2873935699462891 84.870342254638672 72.302717208862305 0.86324185878038395 1.391720689833164 20.94404174014926 15.524141844362024 3.0583720840513697 0.89041212573647577
leaf_count=166 22 20 31 11 2 27 23 18 36 541 401 79 23
internal_value=0.07633 0.0946885 0.0910996 0.0815962 0.04005 0.0964444 0.0963205 -0.0526365 -0.0524826 -0.0521018 -0.0521018 -0.0521018 -0.0521018
internal_weight=374.549 327.706 107.661 38.5008 10.1107 220.045 157.173 3.82331 2.96007 46.8434 25.8994 19.4729 16.4146
internal_count=1400 190 120 98 87 70 50 85 67 1210 669 503 424
is_linear=0
shrinkage=0.05


Tree=13
num_leaves=12
num_cat=0
split_feature=10 11 6 13 7 13 16 18 1 1 2
split_gain=319.056 0.718153 1.89037 8.29448 19.272 0.00278708 0.000305962 0.000107771 0.000132334 7.10543e-15 1.77636e-15
threshold=1.0000000180025095e-35 1.0000000180025095e-35 1.0000000180025095e-35 0.092350000000000015 1.0000000180025095e-35 0.21280000000000002 1573.5300000000002 62.45000000000001 4.5000000000000009 1.5000000000000002 7292.0950000000012
decision_type=2 2 2 2 2 2 2 2 2 2 2
left_child=9 2 -2 4 7 6 -3 8 -4 10 -1
right_child=1 5 3 -5 -6 -7 -8 -9 -10 -11 -12
leaf_value=-0.051995135608222123 0.092127261134691607 0.091983147962172968 -0.052678067340974535 0.092048813928986617 0.092146112900478153 0.092457118855734918 0.092124111043432155 -0.053005753859958704 -0.051992085630651975 -0.051995135608222123 -0.051995135608222089
leaf_weight=4.4647975303232661 68.751496553421021 68.731117486953735 1.4958682842552651 28.246453486382961 6.2503752708435059 62.522172212600708 87.501345634460449 0.82353126630187024 1.326489772647619 38.522715881466866 1.6604618914425371
leaf_count=121 22 22 31 11 2 20 28 18 36 1044 45
internal_value=0.0733485 0.0905336 0.0871747 0.0782478 0.038856 0.092175 0.0920621 -0.0525025 -0.0523557 -0.0519951 -0.0519951
internal_weight=370.297 325.649 106.894 38.1427 9.89626 218.755 156.232 3.64589 2.82236 44.648 6.12526
internal_count=1400 190 120 98 87 70 50 85 67 1210 166
is_linear=0
shrinkage=0.05


Tree=14
num_leaves=14
num_cat=0
split_feature=10 11 6 13 7 15 13 18 1 0 2 2 2
split_gain=289.709 0.630852 1.66673 7.32193 17.654 0.00225392 0.000192333 9.35264e-05 0.00011309 7.10543e-15 3.55271e-15 1.77636e-15 8.88178e-16
threshold=1.0000000180025095e-35 1.0000000180025095e-35 1.0000000180025095e-35 0.092350000000000015 1.0000000180025095e-35 1.0000000180025095e-35 0.071300000000000016 62.45000000000001 4.5000000000000009 2.5000000000000004 11021.500000000002 4253.6850000000004 9750.1100000000024
decision_type=2 2 2 2 2 2 2 2 2 2 2 2 2
left_child=9 2 -2 4 7 -3 -7 8 -4 10 11 -1 -13
right_child=1 5 3 -5 -6 6 -8 -9 -10 -11 -12 12 -14
leaf_value=-0.051894043522057599 0.088419604665231966 0.088716798860961441 -0.052540642664883314 0.088265277406044479 0.088436078054147105 0.088405340887200132 0.08829152469024136 -0.052855614464283156 -0.051891158658681026 -0.051894043522057592 -0.051894043522057592 -0.051894043522057565 -0.051894043522057544
leaf_weight=4.0089476779103261 68.069254398345947 61.921257734298706 1.4265416227281082 27.99056550860405 6.1884615421295166 92.81718373298645 61.853865623474121 0.78553615137934674 1.2641883119940756 29.293451014906168 5.3100973628461361 3.0594600699841981 0.87915519252419461
leaf_count=114 22 20 31 11 2 30 20 18 36 833 151 87 25
internal_value=0.0707283 0.0869164 0.0837503 0.0753096 0.0377881 0.0884619 0.0883598 -0.0523756 -0.0522355 -0.051894 -0.051894 -0.051894 -0.051894
internal_weight=364.868 322.317 105.725 37.6553 9.66473 216.592 154.671 3.47627 2.69073 42.5511 13.2577 7.94756 3.93862
internal_count=1400 190 120 98 87 70 50 85 67 1210 377 226 112
is_linear=0
shrinkage=0.05


Tree=15
num_leaves=12
num_cat=0
split_feature=10 11 6 13 7 13 16 18 1 3 4
split_gain=264.264 0.559221 1.48223 6.50515 16.2307 0.00183737 0.000221121 8.11386e-05 9.66779e-05 7.10543e-15 7.10543e-15
threshold=1.0000000180025095e-35 1.0000000180025095e-35 1.0000000180025095e-35 0.092350000000000015 1.0000000180025095e-35 0.21280000000000002 1573.5300000000002 62.45000000000001 4.5000000000000009 8513.8650000000016 7915.0200000000013
decision_type=2 2 2 2 2 2 2 2 2 2 2
left_child=9 2 -2 4 7 6 -3 8 -4 10 -1
right_child=1 5 3 -5 -6 -7 -8 -9 -10 -11 -12
leaf_value=-0.051798262605669054 0.085168409039378376 0.085045416328454734 -0.052410599141330665 0.084940899635405728 0.085182907611886419 0.08543779579412919 0.085166677216807138 -0.052713185153791947 -0.051795529175893175 -0.051798262605669068 -0.051798262605669068
leaf_weight=15.817393213510515 67.156940937042236 67.11571478843689 1.3602502271533001 27.640408143401146 6.1056144237518311 61.109272956848145 85.471734285354614 0.74919310957193364 1.2046972922980783 8.9140393957495672 15.817393213510512
leaf_count=472 22 22 31 11 2 20 28 18 36 266 472
internal_value=0.0684096 0.0837417 0.0807388 0.0727119 0.0368282 0.0852061 0.0851133 -0.0522554 -0.0521217 -0.0517983 -0.0517983
internal_weight=358.463 317.914 104.217 37.0602 9.41976 213.697 152.587 3.31414 2.56495 40.5488 31.6348
internal_count=1400 190 120 98 87 70 50 85 67 1210 944
is_linear=0
shrinkage=0.05


Tree=16
num_leaves=10
num_cat=0
split_feature=10 11 6 13 7 14 18 1 6
split_gain=242.006 0.499728 1.32825 5.81172 14.9691 0.00154756 7.03676e-05 8.26783e-05 5.39207e-05
threshold=1.0000000180025095e-35 1.0000000180025095e-35 1.0000000180025095e-35 0.092350000000000015 1.0000000180025095e-35 0.55000000000000016 62.45000000000001 4.5000000000000009 1.5000000000000002
decision_type=2 2 2 2 2 2 2 2 2
left_child=-1 2 -2 4 6 -3 7 -4 -7
right_child=1 5 3 -5 -6 8 -8 -9 -10
leaf_value=-0.051707486663769502 0.082297181090068228 0.082502116685676419 -0.052287513225798235 0.081997585790887659 0.082310022107321107 0.082253577267667882 -0.052578039451187622 -0.051704895405351281 0.082188775997549868
leaf_weight=38.637242279946804 66.05259895324707 81.150103330612183 1.2968790754675854 27.211663112044334 6.0052957534790039 69.034842491149902 0.71444006636738766 1.1479015126824377 60.004148483276367
leaf_count=1210 22 27 31 11 2 23 18 36 20
internal_value=0.0663451 0.0809355 0.0780718 0.0703994 0.0359615 0.082331 -0.0521415 -0.052014 0.0822234
internal_weight=351.255 312.618 102.429 36.3762 9.16452 210.189 3.15922 2.44478 129.039
internal_count=1400 190 120 98 87 70 85 67 43
is_linear=0
shrinkage=0.05


Tree=17
num_leaves=10
num_cat=0
split_feature=10 11 6 13 7 4 12 18 1
split_gain=222.385 0.449795 1.19843 5.21737 13.8437 0.00126153 6.57099e-05 6.10073e-05 7.07291e-05
threshold=1.0000000180025095e-35 1.0000000180025095e-35 1.0000000180025095e-35 0.092350000000000015 1.0000000180025095e-35 15142.640000000001 3130.5750000000003 62.45000000000001 4.5000000000000009
decision_type=2 2 2 2 2 2 2 2 2
left_child=-1 2 -2 4 7 -3 -7 8 -4
right_child=1 5 3 -5 -6 6 -8 -9 -10
leaf_value=-0.051621443527049185 0.07974564490843998 0.07997157328436974 -0.052170979569124809 0.079373797791705739 0.0797570956223696 0.079725175593739581 0.079656978105382359 -0.052449788170446134 -0.051618983693687372
leaf_weight=36.812594588845968 64.789502620697021 58.986857891082764 1.2363154552876938 26.718040339648724 5.8905308246612549 88.33383846282959 58.854700326919556 0.68121621757745732 1.0936891734600065
leaf_count=1210 22 20 31 11 2 30 20 18 36
internal_value=0.064497 0.0784397 0.0756954 0.0683283 0.0351759 0.0797762 0.0796979 -0.0520336 -0.0519119
internal_weight=343.397 306.585 100.409 35.6198 8.90175 206.175 147.189 3.01122 2.33
internal_count=1400 190 120 98 87 70 50 85 67
is_linear=0
shrinkage=0.05


Tree=18
num_leaves=11
num_cat=0
split_feature=10 11 6 13 7 13 16 18 1 2
split_gain=204.971 0.407501 1.08802 4.7036 12.8338 0.00105622 0.000129412 5.28759e-05 6.05258e-05 7.10543e-15
threshold=1.0000000180025095e-35 1.0000000180025095e-35 1.0000000180025095e-35 0.092350000000000015 1.0000000180025095e-35 0.21280000000000002 1573.5300000000002 62.45000000000001 4.5000000000000009 47091.345000000008
decision_type=2 2 2 2 2 2 2 2 2 2
left_child=9 2 -2 4 7 6 -3 8 -4 -1
right_child=1 5 3 -5 -6 -7 -8 -9 -10 -11
leaf_value=-0.051539865497816743 0.077465676748852408 0.077367457713466301 -0.052060622428999295 0.077020361426162809 0.077475935359056849 0.077674080974496407 0.077462948117500874 -0.052328060304362538 -0.051537531922127247 -0.051539865497816743
leaf_weight=34.346637027338147 63.396733283996582 63.330425500869751 1.1784496568143357 26.171519190073013 5.763965368270874 57.733434915542603 80.684405326843262 0.64946225658059109 1.0419519972056148 0.72461259551346202
leaf_count=1185 22 22 31 11 2 20 28 18 36 25
internal_value=0.0628346 0.0762076 0.0735661 0.0664631 0.0344613 0.0774934 0.077421 -0.0519312 -0.0518152 -0.0515399
internal_weight=335.022 299.95 98.2021 34.8053 8.63383 201.748 144.015 2.86986 2.2204 35.0712
internal_count=1400 190 120 98 87 70 50 85 67 1210
is_linear=0
shrinkage=0.05


Tree=19
num_leaves=14
num_cat=0
split_feature=10 11 6 13 7 15 13 18 1 0 2 2 2
split_gain=189.424 0.371389 0.993393 4.25608 11.9231 0.000881423 8.1766e-05 4.58152e-05 5.18084e-05 7.10543e-15 3.55271e-15 1.77636e-15 1.77636e-15
threshold=1.0000000180025095e-35 1.0000000180025095e-35 1.0000000180025095e-35 0.092350000000000015 1.0000000180025095e-35 1.0000000180025095e-35 0.071300000000000016 62.45000000000001 4.5000000000000009 2.5000000000000004 20297.310000000001 28591.705000000005 18925.650000000005
decision_type=2 2 2 2 2 2 2 2 2 2 2 2 2
left_child=9 2 -2 4 7 -3 -7 8 -4 11 -11 12 -1
right_child=1 5 3 -5 -6 6 -8 -9 -10 10 -12 -13 -14
leaf_value=-0.051462511845045016 0.075418356956173327 0.075610613067989385 -0.051956085673560463 0.074897458542815445 0.075427590650692197 0.075407734513071242 0.075329896207905145 -0.052212508230975632 -0.051460297842053838 -0.051462511845044981 -0.051462511845044995 -0.051462511845044891 -0.051462511845044891
leaf_weight=8.5318946857005304 61.899694442749023 56.383186340332031 1.1231743954122055 25.582568034529686 5.6279110908508301 84.397155284881592 56.208313941955566 0.61912031844258297 0.99258539825677861 15.655612578615548 7.3446083702146998 0.93878452852368433 0.93878452852368433
leaf_count=309 22 20 31 11 2 30 20 18 36 567 266 34 34
internal_value=0.0613326 0.0742015 0.0716488 0.0647749 0.0338092 0.0754436 0.0753766 -0.0518342 -0.0517235 -0.0514625 -0.0514625 -0.0514625 -0.0514625
internal_weight=326.243 292.834 95.8451 33.9454 8.36279 196.989 140.605 2.73488 2.11576 33.4097 23.0002 10.4095 9.47068
internal_count=1400 190 120 98 87 70 50 85 67 1210 833 377 343
is_linear=0
shrinkage=0.05


Tree=20
num_leaves=15
num_cat=0
split_feature=10 11 6 13 7 13 16 18 1 0 2 2 2 2
split_gain=175.468 0.340342 0.911742 3.86361 11.0982 0.000727704 9.39817e-05 3.96851e-05 4.43598e-05 7.10543e-15 3.55271e-15 3.55271e-15 3.55271e-15 3.55271e-15
threshold=1.0000000180025095e-35 1.0000000180025095e-35 1.0000000180025095e-35 0.092350000000000015 1.0000000180025095e-35 0.21280000000000002 1573.5300000000002 62.45000000000001 4.5000000000000009 3.5000000000000004 2367.0650000000005 27759.880000000005 21702.165000000005 15515.770000000002
decision_type=2 2 2 2 2 2 2 2 2 2 2 2 2 2
left_child=9 2 -2 4 7 6 -3 8 -4 10 -1 12 13 -12
right_child=1 5 3 -5 -6 -7 -8 -9 -10 -11 11 -13 -14 -15
leaf_value=-0.051389149151190631 0.073571853013326222 0.073486521771261762 -0.051857053154221372 0.072972488111802042 0.073580191054429284 0.073748634422667977 0.07356995260455855 -0.052102804294358845 -0.051387052807901817 -0.051389149151190798 -0.051389149151190763 -0.051389149151190798 -0.051389149151190798 -0.051389149151190798
leaf_weight=2.1040990948677125 60.320574522018433 60.241778612136841 1.0703853890299786 24.96032041311264 5.4843862056732178 54.956036806106567 76.769413471221924 0.59013416990637768 0.94548827223479737 5.4969588853418818 15.885948166251191 4.4186080992221823 1.4728693664073933 2.4460151977837077
leaf_count=80 22 22 31 11 2 20 28 18 36 209 604 168 56 93
internal_value=0.0599704 0.0723906 0.0699146 0.0632397 0.0332124 0.0735949 0.0735333 -0.0517422 -0.0516366 -0.0513891 -0.0513891 -0.0513891 -0.0513891 -0.0513891
internal_weight=317.163 285.339 93.3713 33.0507 8.09039 191.967 137.011 2.60601 2.01587 31.8245 26.3275 24.2234 19.8048 18.332
internal_count=1400 190 120 98 87 70 50 85 67 1210 1001 921 753 697
is_linear=0
shrinkage=0.05


Tree=21
num_leaves=11
num_cat=0
split_feature=10 11 6 13 7 14 18 1 6 2
split_gain=162.883 0.313489 0.840876 3.51727 10.3479 0.000614975 3.43661e-05 3.7992e-05 2.35762e-05 3.55271e-15
threshold=1.0000000180025095e-35 1.0000000180025095e-35 1.0000000180025095e-35 0.092350000000000015 1.0000000180025095e-35 0.55000000000000016 62.45000000000001 4.5000000000000009 1.5000000000000002 46360.635000000009
decision_type=2 2 2 2 2 2 2 2 2 2
left_child=9 2 -2 4 6 -3 7 -4 -7 -1
right_child=1 5 3 -5 -6 8 -8 -9 -10 -11
leaf_value=-0.051319565597558382 0.07189988587796764 0.072035385267468194 -0.051763206627724434 0.071218461070269912 0.071907452478833497 0.071870183813424388 -0.051998640997077974 -0.051317576078459826 0.071824711852241416 -0.051319565597558382
leaf_weight=29.385502025485042 58.678714513778687 72.159908294677734 1.0199814736843102 24.312737144529819 5.3351495265960693 61.31330394744873 0.56244909577071656 0.90056315250694741 53.272383689880371 0.92690841853618522
leaf_count=1173 22 27 31 11 2 23 18 36 20 37
internal_value=0.0587305 0.0707493 0.0683395 0.0618375 0.0326648 0.071921 -0.0516549 -0.0515542 0.071849 -0.0513196
internal_weight=307.868 277.555 90.8096 32.1309 7.81814 186.746 2.48299 1.92054 114.586 30.3124
internal_count=1400 190 120 98 87 70 85 67 43 1210
is_linear=0
shrinkage=0.05


Tree=22
num_leaves=12
num_cat=0
split_feature=10 11 7 18 6 13 2 13 1 1 2
split_gain=151.484 0.290141 0.779359 1.84801 3.04565 7.67713 0.000517361 0.000515299 2.99732e-05 2.67962e-05 3.55271e-15
threshold=1.0000000180025095e-35 1.0000000180025095e-35 1.0000000180025095e-35 77.40000000000002 1.5000000000000002 0.10935000000000002 20297.310000000001 0.06405000000000001 4.5000000000000009 5.5000000000000009 16991.090000000004
decision_type=2 2 2 2 2 2 2 2 2 2 2
left_child=10 2 3 4 5 7 -3 8 -2 -8 -1
right_child=1 6 -4 -5 -6 -7 9 -9 -10 -11 -12
leaf_value=-0.05125355329566831 -0.051673340105037407 0.070533330321727997 0.070381173432793084 0.068992881166364636 0.070018044362775797 0.072471634304297317 0.07032552677858811 -0.053136031703136605 -0.051249697764950509 0.070371171527314369 -0.051253553295668323
leaf_weight=20.161459250375632 0.81469253450632295 51.94385027885437 56.991635084152222 21.058596635237336 5.1416726112365723 2.6938369274139404 69.863692283630371 0.6281557586044072 0.85642004571855068 59.569822311401367 8.7087960075587016
leaf_count=845 26 20 22 16 2 1 27 17 36 23 365
internal_value=0.0575982 0.0692562 0.0669037 0.0605501 0.0430073 0.0151929 0.0704 -0.0519151 -0.0514562 0.0703465 -0.0512536
internal_weight=298.433 269.562 88.185 31.1934 10.1348 4.99311 181.377 2.29927 1.67111 129.434 28.8703
internal_count=1400 190 120 98 82 80 70 79 62 50 1210
is_linear=0
shrinkage=0.05


Tree=23
num_leaves=11
num_cat=0
split_feature=10 11 6 13 7 13 16 18 1 0
split_gain=141.114 0.271439 0.731456 3.01795 9.12384 0.000432286 5.64929e-05 5.47827e-05 2.78281e-05 3.55271e-15
threshold=1.0000000180025095e-35 1.0000000180025095e-35 1.0000000180025095e-35 0.092350000000000015 1.0000000180025095e-35 0.21280000000000002 3076.6850000000004 62.45000000000001 4.5000000000000009 2.5000000000000004
decision_type=2 2 2 2 2 2 2 2 2 2
left_child=9 2 -2 4 7 6 -3 8 -4 -1
right_child=1 5 3 -5 -6 -7 -8 -9 -10 -11
leaf_value=-0.051190920396990386 0.069000289674670964 0.068928837552397079 -0.051589267647060261 0.068241879987196399 0.069001888143296025 0.069137151955930315 0.06899597988699982 -0.051977646711346172 -0.051188825165807653 -0.051190920396990407
leaf_weight=8.5666203424334544 55.278110980987549 60.201156854629517 0.92557076737284949 22.946099303662777 5.0254771709442139 50.38586950302124 65.322067022323608 0.5407715756446122 0.81665382161736488 18.928368024528027
leaf_count=377 22 24 31 11 2 20 26 18 36 833
internal_value=0.0565584 0.06789 0.0655796 0.0593296 0.031348 0.0690134 0.0689638 -0.051538 -0.0514016 -0.0511909
internal_weight=288.937 261.442 85.5327 30.2546 7.30847 175.909 125.523 2.283 1.74222 27.495
internal_count=1400 190 120 98 87 70 50 85 67 1210
is_linear=0
shrinkage=0.05


Tree=24
num_leaves=11
num_cat=0
split_feature=10 11 6 13 7 15 18 13 1 2
split_gain=131.662 0.253127 0.682447 2.76709 8.54274 0.000370324 4.73782e-05 3.63755e-05 2.38505e-05 7.10543e-15
threshold=1.0000000180025095e-35 1.0000000180025095e-35 1.0000000180025095e-35 0.092350000000000015 1.0000000180025095e-35 1.0000000180025095e-35 62.45000000000001 0.071300000000000016 4.5000000000000009 14987.175000000001
decision_type=2 2 2 2 2 2 2 2 2 2
left_child=9 2 -2 4 6 -3 8 -7 -4 -1
right_child=1 5 3 -5 -6 7 -8 -9 -10 -11
leaf_value=-0.051131493659083774 0.067733472399909692 0.067862005307899584 -0.051509357266901014 0.066884409147782736 0.067734936084822103 0.067721278440376731 -0.051880169424608685 0.067665441460898992 -0.051129500623537598 -0.051131493659083788
leaf_weight=16.35938581824303 53.540435552597046 48.811423063278198 0.88176155276596835 22.258670702576637 4.8675079345703125 72.985790491104126 0.51533994078636158 48.583881139755249 0.77770372293889523 9.8242872506380063
leaf_count=756 22 20 31 11 2 30 18 20 36 454
internal_value=0.0556065 0.0666434 0.0643762 0.0582417 0.0309248 0.0677457 -0.0514614 0.067699 -0.0513313 -0.0511315
internal_weight=279.406 253.223 82.8414 29.301 7.04231 170.381 2.17481 121.57 1.65947 26.1837
internal_count=1400 190 120 98 87 70 85 50 67 1210
is_linear=0
shrinkage=0.05


Tree=25
num_leaves=12
num_cat=0
split_feature=10 11 6 10 13 13 1 13 1 1 2
split_gain=123.013 0.237002 0.639161 2.60222 8.82956 0.000910109 0.000307613 1.82265e-05 1.52052e-05 1.32224e-06 3.55271e-15
threshold=1.0000000180025095e-35 1.0000000180025095e-35 1.0000000180025095e-35 1.5000000000000002 0.10935000000000002 0.066400000000000015 2.5000000000000004 0.061150000000000003 4.5000000000000009 6.5000000000000009 6859.0750000000016
decision_type=2 2 2 2 2 2 2 2 2 2 2
left_child=10 2 -2 4 5 8 -3 -8 -4 -10 -1
right_child=1 6 3 -5 -6 -7 7 -9 9 -11 -12
leaf_value=-0.051075092308827057 0.066572100551990518 0.066691231026397291 -0.05143323384619411 0.066036003883679681 0.068326413247669734 -0.053605928173882225 0.066556219616374993 0.066516034782983416 -0.051072721239058365 -0.051190317285232073 -0.051075092308827091
leaf_weight=6.1818569898605373 51.794994831085205 47.226517915725708 0.70432316139340689 21.192656859755516 4.9431047439575195 0.54796759411692608 70.59551477432251 47.006134033203125 0.51406147703528404 0.44679346308112144 18.751632869243622
leaf_count=300 22 20 26 10 2 15 30 20 25 20 910
internal_value=0.0547301 0.065499 0.0632687 0.0572331 0.0311642 -0.0518384 0.0665834 0.0665402 -0.0512568 -0.0511274 -0.0510751
internal_weight=269.906 244.972 80.1439 28.3489 7.15625 2.21315 164.828 117.602 1.66518 0.960855 24.9335
internal_count=1400 190 120 98 88 86 70 50 71 45 1210
is_linear=0
shrinkage=0.05


Tree=26
num_leaves=13
num_cat=0
split_feature=10 11 7 13 12 12 13 16 1 2 2 3
split_gain=115.087 0.220373 0.594905 1.40488 9.72971 0.000864092 0.000262177 3.62602e-05 1.27128e-05 3.55271e-15 1.77636e-15 8.88178e-16
threshold=1.0000000180025095e-35 1.0000000180025095e-35 1.0000000180025095e-35 0.10935000000000002 1.0000000180025095e-35 1404.4250000000004 0.21280000000000002 1573.5300000000002 4.5000000000000009 15662.310000000003 46914.595000000008 13333.810000000001
decision_type=2 2 2 2 2 2 2 2 2 2 2 2
left_child=9 2 3 4 -2 8 7 -3 -6 -1 11 -11
right_child=1 6 -4 -5 5 -7 -8 -9 -10 10 -12 -13
leaf_value=-0.051021564855567886 0.065556679095698719 0.065442796565912786 0.065505121434428729 0.065835048566704066 -0.051360318201119318 -0.053421098547379912 0.065616563382572934 0.065499702488489062 -0.051074251750432453 -0.051021564855567893 -0.051021564855567803 -0.051021564855567858
leaf_weight=15.697008371353151 9.1162405014038104 49.945493698120117 50.051713705062866 16.0771644115448 0.82509434223174982 0.62904824502766121 45.644183397293091 63.690558195114136 0.73374314792454243 5.8275143578648549 0.54939529299736012 1.6678071394562719
leaf_count=800 4 22 22 7 32 19 20 28 36 297 28 85
internal_value=0.0539257 0.0644516 0.0622636 0.0563383 0.0428316 -0.0518569 0.0655153 0.0654747 -0.0512257 -0.0510216 -0.0510216 -0.0510216
internal_weight=260.455 236.713 77.433 27.3813 11.3041 2.18789 159.28 113.636 1.55884 23.7417 8.04472 7.49532
internal_count=1400 190 120 98 91 87 70 50 68 1210 410 382
is_linear=0
shrinkage=0.05


Tree=27
num_leaves=12
num_cat=0
split_feature=10 11 7 13 12 12 15 13 1 1 4
split_gain=107.8 0.20402 0.551332 1.30008 9.12451 0.000746709 0.000219782 2.20028e-05 1.08993e-05 3.55271e-15 8.88178e-16
threshold=1.0000000180025095e-35 1.0000000180025095e-35 1.0000000180025095e-35 0.10935000000000002 1.0000000180025095e-35 1404.4250000000004 1.0000000180025095e-35 0.071300000000000016 4.5000000000000009 2.5000000000000004 1970.3400000000004
decision_type=2 2 2 2 2 2 2 2 2 2 2
left_child=9 2 3 4 -2 8 -3 -8 -6 10 -1
right_child=1 6 -4 -5 5 -7 7 -9 -10 -11 -12
leaf_value=-0.050970751145455587 0.064569550597009279 0.06462586294002734 0.064522005010385908 0.064827090606032978 -0.051292215848139269 -0.053254390209682458 0.064511929573670287 0.064466211689525155 -0.051020788849348055 -0.050970751145455843 -0.050970751145455843
leaf_weight=0.69125092774629848 8.8008232116699237 44.068299770355225 48.317585229873657 15.524784088134764 0.78586978465318613 0.60019504837691773 65.862558364868164 43.832060575485229 0.69867099262773991 16.216373115777969 5.6981495395302773
leaf_count=37 4 20 22 7 32 19 30 20 36 868 305
internal_value=0.0531853 0.06349 0.0613468 0.0555378 0.0422896 -0.0517662 0.0645316 0.0644937 -0.0511645 -0.0509708 -0.0509708
internal_weight=251.097 228.491 74.7279 26.4103 10.8856 2.08474 153.763 109.695 1.48454 22.6058 6.3894
internal_count=1400 190 120 98 91 87 70 50 68 1210 342
is_linear=0
shrinkage=0.05


Tree=28
num_leaves=12
num_cat=0
split_feature=10 11 7 13 12 12 13 16 1 2 2
split_gain=101.082 0.189224 0.511847 1.20529 8.56514 0.000645136 0.000186804 2.64812e-05 9.34635e-06 3.55271e-15 1.11022e-16
threshold=1.0000000180025095e-35 1.0000000180025095e-35 1.0000000180025095e-35 0.10935000000000002 1.0000000180025095e-35 1404.4250000000004 0.21280000000000002 1573.5300000000002 4.5000000000000009 45333.580000000009 47228.010000000009
decision_type=2 2 2 2 2 2 2 2 2 2 2
left_child=9 2 3 4 -2 8 7 -3 -6 -1 -11
right_child=1 6 -4 -5 5 -7 -8 -9 -10 10 -12
leaf_value=-0.050922510075179277 0.063658524857024987 0.063559703845510782 0.063614613138815876 0.063897247652443714 -0.051227608273132254 -0.053095783400394558 0.063712056188991131 0.063610106250375109 -0.05097003802474101 -0.050922510075179277 -0.050922510075179145
leaf_weight=20.651535440236334 8.4883527755737322 46.492230415344238 46.599975347518921 14.97705030441284 0.7484614923596371 0.57258559204637993 42.507855415344238 59.297935724258423 0.66524144820868969 0.51584369316697021 0.35575427114963531
leaf_count=1161 4 22 22 7 32 19 20 28 36 29 20
internal_value=0.0525002 0.0626022 0.0605001 0.0547978 0.0417871 -0.0516799 0.0636235 0.063588 -0.0511064 -0.0509225 -0.0509225
internal_weight=241.873 220.35 72.0517 25.4517 10.4746 1.98629 148.298 105.79 1.4137 21.5231 0.871598
internal_count=1400 190 120 98 91 87 70 50 68 1210 49
is_linear=0
shrinkage=0.05


Tree=29
num_leaves=11
num_cat=0
split_feature=10 11 7 13 12 12 14 1 3 3
split_gain=94.8725 0.175795 0.475951 1.11927 8.04711 0.00055727 0.000158502 8.01618e-06 6.43653e-06 7.10543e-15
threshold=1.0000000180025095e-35 1.0000000180025095e-35 1.0000000180025095e-35 0.10935000000000002 1.0000000180025095e-35 1404.4250000000004 0.55000000000000016 4.5000000000000009 12625.055000000002 5076.0200000000013
decision_type=2 2 2 2 2 2 2 2 2 2
left_child=9 2 3 4 -2 7 -3 -6 -8 -1
right_child=1 6 -4 -5 5 -7 8 -9 -10 -11
leaf_value=-0.050876705756630614 0.062816136150121965 0.0628501448845636 0.062775498572297792 0.063037793529584593 -0.051166304907443186 -0.052944887027047208 0.062728772373963834 -0.050921854693561065 0.062755880957633875 -0.050876705756630641
leaf_weight=12.108557103201749 8.1798915863037127 55.272433757781982 44.904684543609619 14.43589663505554 0.7127900794148434 0.54617339745163906 44.807092905044556 0.63338088802993298 42.824477195739746 8.3828472252935153
leaf_count=715 4 27 22 7 32 19 22 36 21 495
internal_value=0.0518652 0.0617811 0.0597168 0.0541125 0.0413204 -0.0515978 0.0627838 -0.0510513 0.062742 -0.0508767
internal_weight=232.808 212.317 69.4128 24.5081 10.0722 1.89234 142.904 1.34617 87.6316 20.4914
internal_count=1400 190 120 98 91 87 70 68 43 1210
is_linear=0
shrinkage=0.05


Tree=30
num_leaves=14
num_cat=0
split_feature=10 11 7 13 13 13 2 16 1 1 2 2 3
split_gain=89.1235 0.16357 0.443226 1.04099 7.5665 0.000380559 0.000135143 3.02487e-05 7.64115e-06 7.58811e-06 3.55271e-15 1.77636e-15 1.77636e-15
threshold=1.0000000180025095e-35 1.0000000180025095e-35 1.0000000180025095e-35 0.10935000000000002 1.0000000180025095e-35 0.066400000000000015 20297.310000000001 19.360000000000003 4.5000000000000009 5.5000000000000009 14501.290000000003 13912.490000000002 5527.6500000000005
decision_type=2 2 2 2 2 2 2 2 2 2 2 2 2
left_child=10 2 3 4 -2 7 -3 8 -6 -8 11 12 -1
right_child=1 6 -4 -5 5 -7 9 -9 -10 -11 -12 -13 -14
leaf_value=-0.050833223001744747 0.062035843379730365 0.062084138060983521 0.061998162950691695 0.062241975134190247 -0.051108966714709228 -0.052808842569184639 0.061961722822420587 -0.051484384234303661 -0.050829514385643128 0.06198961607403123 -0.050833223001744747 -0.050833223001744587 -0.050833223001744587
leaf_weight=10.253939285874365 7.8763303756713885 39.450025796890259 43.236574411392212 13.90295088291168 0.46699779853224732 0.4345413390547036 52.964164137840271 0.38748675771057606 0.51368504576385021 45.182158231735229 8.0612730234861356 0.59653420373797494 0.59653420373797494
leaf_count=636 4 20 22 7 22 15 27 18 32 23 500 37 37
internal_value=0.0512756 0.0610204 0.0589907 0.0534767 0.0408862 -0.0515198 0.062006 -0.0511104 -0.0509626 0.0619746 -0.0508332 -0.0508332 -0.0508332
internal_weight=223.923 204.415 66.8186 23.582 9.67904 1.80271 137.596 1.36817 0.980683 98.1463 19.5083 11.447 10.8505
internal_count=1400 190 120 98 91 87 70 72 54 50 1210 710 673
is_linear=0
shrinkage=0.05


Tree=31
num_leaves=15
num_cat=0
split_feature=10 11 7 13 17 17 17 13 3 16 4 0 2 2
split_gain=83.7908 0.15241 0.41331 0.969559 2.53881 4.58106 0.000149889 0.000114103 7.96217e-05 1.62041e-05 3.79318e-06 3.55271e-15 1.77636e-15 1.77636e-15
threshold=1.0000000180025095e-35 1.0000000180025095e-35 1.0000000180025095e-35 0.10935000000000002 0.23030000000000003 0.22665000000000005 0.0062000000000000015 0.21280000000000002 5076.0200000000013 1573.5300000000002 21831.170000000002 2.5000000000000004 46005.835000000006 26034.560000000001
decision_type=2 2 2 2 2 2 2 2 2 2 2 2 2 2
left_child=11 2 3 4 5 6 8 9 -2 -3 -10 -1 13 -13
right_child=1 7 -4 -5 -6 -7 -8 -9 10 -11 -12 12 -14 -15
leaf_value=-0.050791922362173184 -0.051690664916146281 0.061231395323237715 0.061276887159695426 0.06150385368427156 0.06131188014307859 0.061311880143078562 -0.052304954845610208 0.061357432199598987 -0.051001514551796079 0.061273127791767169 -0.050787181997716604 -0.050791922362173225 -0.050791922362173073 -0.050791922362173184
leaf_weight=5.7863450404256609 0.49877669289708293 41.493410706520081 41.599686026573181 13.379570484161375 5.6838093996047974 1.8946031332015991 0.39177354611456405 37.960536360740662 0.39940227475017309 52.933984637260437 0.42724471446126699 9.5006567109376139 0.62928420864045698 2.6552723925560722
leaf_count=377 23 22 22 7 3 1 15 20 21 28 28 619 41 173
internal_value=0.0507275 0.0603144 0.0583167 0.052886 0.0404819 0.00770231 -0.0514457 0.0612842 -0.0511918 0.0612548 -0.0508907 -0.0507919 -0.0507919 -0.0507919
internal_weight=215.234 196.663 64.2749 22.6752 9.29561 3.6118 1.7172 132.388 1.32542 94.4274 0.826647 18.5716 12.7852 12.1559
internal_count=1400 190 120 98 91 88 87 70 72 50 49 1210 833 792
is_linear=0
shrinkage=0.05


Tree=32
num_leaves=13
num_cat=0
split_feature=10 11 7 13 17 17 17 15 3 13 4 2
split_gain=78.836 0.142195 0.385896 0.904206 2.37877 4.32543 0.000129278 9.77395e-05 6.9005e-05 1.01243e-05 3.25655e-06 3.55271e-15
threshold=1.0000000180025095e-35 1.0000000180025095e-35 1.0000000180025095e-35 0.10935000000000002 0.23030000000000003 0.22665000000000005 0.0062000000000000015 1.0000000180025095e-35 5076.0200000000013 0.071300000000000016 21831.170000000002 3087.4350000000009
decision_type=2 2 2 2 2 2 2 2 2 2 2 2
left_child=11 2 3 4 5 6 8 -3 -2 -9 -10 -1
right_child=1 7 -4 -5 -6 -7 -8 9 10 -11 -12 -13
leaf_value=-0.050752702352897507 -0.051609605153737914 0.060682602495841724 0.060606620683153312 0.060818190578490861 0.060639156654179599 0.060639156654179571 -0.052192828854344189 0.060599342987192287 -0.050951735156086447 0.060565252936999041 -0.05074820085059624 -0.050752702352897611
leaf_weight=1.7825228217989231 0.4751774705946461 36.502900123596191 39.99733829498291 12.866875052452086 5.4650609493255615 1.8216869831085205 0.37344692274928104 54.517572999000549 0.38028502278029919 36.26885986328125 0.40671203937381506 15.896596968173979
leaf_count=122 23 20 22 7 3 1 15 30 21 20 28 1088
internal_value=0.0502172 0.0596582 0.0576901 0.0523364 0.040105 0.00764598 -0.0513756 0.0606135 -0.0511338 0.0605857 -0.0508466 -0.0507527
internal_weight=206.755 189.076 61.7866 21.7892 8.92237 3.45731 1.63562 127.289 1.26217 90.7864 0.786997 17.6791
internal_count=1400 190 120 98 91 88 87 70 72 50 49 1210
is_linear=0
shrinkage=0.05


Tree=33
num_leaves=13
num_cat=0
split_feature=10 11 7 13 17 17 1 2 1 13 4 0
split_gain=74.2254 0.132825 0.360718 0.844281 2.23086 4.08592 0.000111598 9.69711e-05 8.24201e-05 5.17135e-06 6.74724e-07 3.55271e-15
threshold=1.0000000180025095e-35 1.0000000180025095e-35 1.0000000180025095e-35 0.10935000000000002 0.23030000000000003 0.22665000000000005 5.5000000000000009 41721.950000000004 2.5000000000000004 0.061150000000000003 9704.8700000000008 2.5000000000000004
decision_type=2 2 2 2 2 2 2 2 2 2 2 2
left_child=11 2 3 4 5 6 10 -8 -3 -10 -2 -1
right_child=1 8 -4 -5 -6 -7 7 -9 9 -11 -12 -13
leaf_value=-0.05071545606750201 -0.050948024580640509 0.060054078035014995 0.059982884854038777 0.060180347684487462 0.060013180421197333 0.060013180421197299 -0.052296418717298059 -0.051160330382407242 0.059973256032619916 0.059948401715598655 -0.05085640784238521 -0.050715456067502045
leaf_weight=5.2433966537937549 0.38348757103085696 35.077505826950073 38.432217836380005 12.365774393081663 5.251372218132019 1.7504574060440063 0.38831923250108957 0.36378900706768036 52.373878955841064 34.857724189758301 0.4222276546061039 11.585542208515106
leaf_count=377 21 20 22 7 3 1 18 22 30 20 26 833
internal_value=0.0497415 0.0590475 0.0571068 0.0518244 0.039753 0.00759317 -0.0513089 -0.0517469 0.0599894 0.0599633 -0.0509 -0.0507155
internal_weight=198.496 181.667 59.3576 20.9254 8.55965 3.30828 1.55782 0.752108 122.309 87.2316 0.805715 16.8289
internal_count=1400 190 120 98 91 88 87 40 70 50 47 1210
is_linear=0
shrinkage=0.05


Tree=34
num_leaves=12
num_cat=0
split_feature=10 11 7 13 17 17 1 2 13 16 4
split_gain=69.9291 0.124212 0.337546 0.789217 2.09393 3.86131 9.65926e-05 8.37479e-05 7.07366e-05 1.03382e-05 5.78826e-07
threshold=1.0000000180025095e-35 1.0000000180025095e-35 1.0000000180025095e-35 0.10935000000000002 0.23030000000000003 0.22665000000000005 5.5000000000000009 41721.950000000004 0.21280000000000002 1573.5300000000002 9704.8700000000008
decision_type=2 2 2 2 2 2 2 2 2 2 2
left_child=-1 2 3 4 5 6 10 -8 9 -3 -2
right_child=1 8 -4 -5 -6 -7 7 -9 -10 -11 -12
leaf_value=-0.050680076476067884 -0.050900936198108086 0.059363320935782338 0.059401688732220514 0.059586203494358107 0.059429937761300233 0.059429937761300206 -0.0521856402444906 -0.051103963103740116 0.059468955899910705 0.059398713194500956 -0.050813968774786791
leaf_weight=16.01907504722476 0.36511360667646109 36.803330898284912 36.906455159187317 11.876995563507078 5.0430375337600708 1.6810125112533569 0.37014501076191664 0.34641886502504349 33.688941955566406 46.961774587631226 0.40196234360337257
leaf_count=1210 21 22 22 7 3 1 18 22 20 28 26
internal_value=0.0492976 0.0584784 0.056563 0.0513469 0.039424 0.00754361 -0.0512453 -0.0516627 0.0594078 0.0593832 -0.0508554
internal_weight=190.464 174.445 56.9911 20.0847 8.20769 3.16465 1.48364 0.716564 117.454 83.7651 0.767076
internal_count=1400 190 120 98 91 88 87 40 70 50 47
is_linear=0
shrinkage=0.05


Tree=35
num_leaves=14
num_cat=0
split_feature=10 11 7 13 17 17 1 2 2 1 4 2 2
split_gain=65.9203 0.116278 0.316178 0.738517 1.96696 3.65047 8.35822e-05 7.23144e-05 5.9861e-05 3.48306e-06 4.96616e-07 1.77636e-15 1.77636e-15
threshold=1.0000000180025095e-35 1.0000000180025095e-35 1.0000000180025095e-35 0.10935000000000002 0.23030000000000003 0.22665000000000005 5.5000000000000009 41721.950000000004 20297.310000000001 5.5000000000000009 9704.8700000000008 47228.010000000009 41721.950000000004
decision_type=2 2 2 2 2 2 2 2 2 2 2 2 2
left_child=11 2 3 4 5 6 10 -8 -3 -10 -2 12 -1
right_child=1 8 -4 -5 -6 -7 7 -9 9 -11 -12 -13 -14
leaf_value=-0.05064646652473194 -0.050856223624562907 0.058922650622015099 0.058859475489847934 0.059032078205433984 0.058885840281977457 0.058885840281977422 -0.052080143105621091 -0.051050329335421855 0.058832479431493112 0.058853359709778709 -0.050773663039732332 -0.050646466524731565 -0.050646466524731752
leaf_weight=14.491589413955802 0.34760443866253166 32.336076498031616 35.421692252159119 11.401103734970091 4.840283989906311 1.613427996635437 0.35278805438429117 0.32986128795892 43.379393100738525 37.013913631439209 0.38265427201986313 0.25202764198184091 0.50405528396368104
leaf_count=1150 21 20 22 7 3 1 18 22 27 23 26 20 40
internal_value=0.0488828 0.0579474 0.0560556 0.0509009 0.0391163 0.00749708 -0.0511848 -0.0515825 0.0588652 0.0588421 -0.050813 -0.0506465 -0.0506465
internal_weight=182.666 167.419 54.6894 19.2677 7.86662 3.02634 1.41291 0.682649 112.729 80.3933 0.730259 15.2477 14.9956
internal_count=1400 190 120 98 91 88 87 40 70 50 47 1210 1190
is_linear=0
shrinkage=0.05


Tree=36
num_leaves=15
num_cat=0
split_feature=10 11 7 13 17 17 1 2 13 16 4 1 2 2
split_gain=62.1755 0.108955 0.296436 0.691745 1.84905 3.45241 7.23045e-05 6.24308e-05 5.09912e-05 7.51899e-06 4.26169e-07 3.55271e-15 1.77636e-15 1.77636e-15
threshold=1.0000000180025095e-35 1.0000000180025095e-35 1.0000000180025095e-35 0.10935000000000002 0.23030000000000003 0.22665000000000005 5.5000000000000009 41721.950000000004 0.21280000000000002 3076.6850000000004 9704.8700000000008 1.5000000000000002 45094.990000000005 22243.805000000004
decision_type=2 2 2 2 2 2 2 2 2 2 2 2 2 2
left_child=11 2 3 4 5 6 10 -8 9 -3 -2 -1 13 -13
right_child=1 8 -4 -5 -6 -7 7 -9 -10 -11 -12 12 -14 -15
leaf_value=-0.050614540439338045 -0.050813768101506777 0.058320405964696669 0.058353064025844753 0.058514682866496241 0.058377699723465494 0.058377699723465459 -0.051979679142183668 -0.050999294996033777 0.058412587848724197 0.058351657841745876 -0.050735381428921436 -0.050614540439338065 -0.050614540439337899 -0.05061454043933801
leaf_weight=1.9910331517457951 0.33092087693512706 36.964553594589233 33.97914445400238 10.938524007797239 4.643280029296875 1.547760009765625 0.33621461410075426 0.31407983601093292 31.022005081176758 40.152435541152954 0.36425972823053598 9.0316142365336365 0.6236971318721779 2.8666079714894304
leaf_count=166 21 24 22 7 3 1 18 22 20 26 26 753 52 239
internal_value=0.0484948 0.0574514 0.0555815 0.0504839 0.0388281 0.00745335 -0.0511272 -0.0515062 0.0583585 0.0583367 -0.0507727 -0.0506145 -0.0506145 -0.0506145
internal_weight=175.106 160.593 52.4542 18.475 7.53652 2.89324 1.34548 0.650294 108.139 77.117 0.695181 14.513 12.5219 11.8982
internal_count=1400 190 120 98 91 88 87 40 70 50 47 1210 1044 992
is_linear=0
shrinkage=0.05


Tree=37
num_leaves=15
num_cat=0
split_feature=10 11 7 13 17 17 1 2 15 13 4 1 2 2
split_gain=58.6732 0.102185 0.278167 0.648523 1.7394 3.26621 6.25325e-05 5.38893e-05 4.38964e-05 4.67803e-06 3.65749e-07 3.55271e-15 1.77636e-15 1.77636e-15
threshold=1.0000000180025095e-35 1.0000000180025095e-35 1.0000000180025095e-35 0.10935000000000002 0.23030000000000003 0.22665000000000005 5.5000000000000009 41721.950000000004 1.0000000180025095e-35 0.071300000000000016 9704.8700000000008 6.5000000000000009 39923.575000000004 33314.450000000004
decision_type=2 2 2 2 2 2 2 2 2 2 2 2 2 2
left_child=11 2 3 4 5 6 10 -8 -3 -10 -2 12 13 -1
right_child=1 8 -4 -5 -6 -7 7 -9 9 -11 -12 -13 -14 -15
leaf_value=-0.050584211943683788 -0.050773450442471703 0.057935955706708266 0.057879583130188164 0.058031063884617644 0.057902630673153349 0.057902630673153314 -0.051884017128901783 -0.050950735299510386 0.057874286563288996 0.057848608330533936 -0.050699021881203489 -0.050584211943683725 -0.050584211943683594 -0.050584211943683656
leaf_weight=10.559690021909766 0.31502532493323354 29.747432231903076 32.57965874671936 10.489558458328245 4.4521433115005493 1.4840477705001831 0.32039202377200127 0.29903954360634089 44.405138731002808 29.533008456230164 0.34673679526895285 1.9406997878104455 0.51371464971453029 0.79911167733371335
leaf_count=925 21 20 22 7 3 1 18 22 30 20 26 170 45 70
internal_value=0.0481316 0.0569876 0.055138 0.0500938 0.0385579 0.00741224 -0.0510724 -0.0514335 0.0578847 0.057864 -0.0507345 -0.0505842 -0.0505842 -0.0505842
internal_weight=167.785 153.972 50.2866 17.7069 7.21738 2.76524 1.28119 0.619432 103.686 73.9381 0.661762 13.8132 11.8725 11.3588
internal_count=1400 190 120 98 91 88 87 40 70 50 47 1210 1040 995
is_linear=0
shrinkage=0.05


Tree=38
num_leaves=15
num_cat=0
split_feature=10 11 7 13 17 17 1 2 14 3 4 2 2 2
split_gain=55.3945 0.0959153 0.261232 0.608514 1.6373 3.09102 5.40679e-05 4.65093e-05 3.73119e-05 1.61249e-06 3.13952e-07 3.55271e-15 1.77636e-15 5.55112e-17
threshold=1.0000000180025095e-35 1.0000000180025095e-35 1.0000000180025095e-35 0.10935000000000002 0.23030000000000003 0.22665000000000005 5.5000000000000009 41721.950000000004 0.55000000000000016 12625.055000000002 9704.8700000000008 46005.835000000006 40296.460000000006 47228.010000000009
decision_type=2 2 2 2 2 2 2 2 2 2 2 2 2 2
left_child=11 2 3 4 5 6 10 -8 -3 -10 -2 12 -1 -13
right_child=1 8 -4 -5 -6 -7 7 -9 9 -11 -12 13 -14 -15
leaf_value=-0.050555395456273827 -0.050735160406485125 0.05747981299242471 0.057436464729383734 0.05757856433343124 0.057458041484173189 0.057458041484173154 -0.051792929991029947 -0.050904527146666302 0.057408955717826171 0.057425230538406619 -0.050664482255821298 -0.050555395456273411 -0.050555395456273647 -0.050555395456273577
leaf_weight=12.158109124749894 0.29988181404769687 38.461708068847656 31.223755717277527 10.054402232170103 4.2669471502304077 1.4223157167434692 0.30528878606855869 0.28470690827816725 31.138024210929871 29.771076321601868 0.33004542719572783 0.22816826775670129 0.54325778037309724 0.21730311214923859
leaf_count=1119 21 27 22 7 3 1 18 22 22 21 26 21 50 20
internal_value=0.0477913 0.0565536 0.0547229 0.0497283 0.0383045 0.00737355 -0.0510203 -0.0513642 0.0574413 0.0574169 -0.0506981 -0.0505554 -0.0505554 -0.0505554
internal_weight=160.705 147.558 48.1873 16.9636 6.90919 2.64224 1.21992 0.589996 99.3708 60.9091 0.629927 13.1468 12.7014 0.445471
internal_count=1400 190 120 98 91 88 87 40 70 43 47 1210 1169 41
is_linear=0
shrinkage=0.05


Tree=39
num_leaves=15
num_cat=0
split_feature=10 11 7 13 17 17 1 2 13 16 4 0 3 4
split_gain=52.322 0.0901002 0.245512 0.571424 1.54212 2.9261 4.67387e-05 4.01341e-05 3.1824e-05 4.72048e-06 2.69546e-07 1.77636e-15 1.77636e-15 1.77636e-15
threshold=1.0000000180025095e-35 1.0000000180025095e-35 1.0000000180025095e-35 0.10935000000000002 0.23030000000000003 0.22665000000000005 5.5000000000000009 41721.950000000004 0.21280000000000002 1573.5300000000002 9704.8700000000008 2.5000000000000004 13907.640000000001 30798.990000000002
decision_type=2 2 2 2 2 2 2 2 2 2 2 2 2 2
left_child=11 2 3 4 5 6 10 -8 9 -3 -2 -1 13 -13
right_child=1 8 -4 -5 -6 -7 7 -9 -10 -11 -12 12 -14 -15
leaf_value=-0.050528016191283678 -0.050698793721759394 0.056992662037506962 0.057021376284408412 0.057154782737007137 0.057041597667634392 0.057041597667634364 -0.051706206953565717 -0.050860561279705167 0.057071470160158379 0.057019229282696232 -0.050631669031423403 -0.050528016191283699 -0.050528016191283387 -0.050528016191283276
leaf_weight=3.8984494898468247 0.28545586578548221 29.819337606430054 29.911681056022644 9.6331586837768537 4.0877265930175781 1.3625755310058594 0.29087445698678493 0.27104979008436203 27.315415620803833 38.060711860656738 0.31414724700152874 8.0760982800275034 0.31022144481539804 0.22749572619795877
leaf_count=377 21 22 22 7 3 1 18 22 20 28 26 781 30 22
internal_value=0.0474721 0.0561469 0.054334 0.0493858 0.0380666 0.00733712 -0.0509707 -0.0512983 0.0570259 0.0570076 -0.0506636 -0.050528 -0.050528 -0.050528
internal_weight=153.864 141.352 46.1567 16.245 6.61183 2.5241 1.16153 0.561924 95.1955 67.88 0.599603 12.5123 8.61382 8.30359
internal_count=1400 190 120 98 91 88 87 40 70 50 47 1210 833 803
is_linear=0
shrinkage=0.05


Tree=40
num_leaves=14
num_cat=0
split_feature=10 11 7 13 17 17 1 2 15 13 4 2 2
split_gain=49.4403 0.084699 0.230899 0.53699 1.45328 2.77074 4.03941e-05 3.46279e-05 2.72815e-05 2.90847e-06 2.31408e-07 1.77636e-15 1.77636e-15
threshold=1.0000000180025095e-35 1.0000000180025095e-35 1.0000000180025095e-35 0.10935000000000002 0.23030000000000003 0.22665000000000005 5.5000000000000009 41721.950000000004 1.0000000180025095e-35 0.071300000000000016 9704.8700000000008 46360.635000000009 41625.115000000005
decision_type=2 2 2 2 2 2 2 2 2 2 2 2 2
left_child=11 2 3 4 5 6 10 -8 -3 -10 -2 12 -1
right_child=1 8 -4 -5 -6 -7 7 -9 9 -11 -12 -13 -14
leaf_value=-0.050501994407142974 -0.050664246241467259 0.05667959289200683 0.056632208413653129 0.056757551813760888 0.056651174421057549 0.056651174421057521 -0.051623639505013863 -0.050818727459262504 0.056627748612387452 0.056606153845729978 -0.050600497077806818 -0.050501994407142717 -0.05050199440714264
leaf_weight=11.268325382843608 0.27171449549496085 26.159339785575867 28.643438458442688 9.2258497476577741 3.9144841432571411 1.3048280477523804 0.27711971569806337 0.25803743116557598 39.039185762405396 25.961040258407593 0.29900555312633514 0.36412929184734899 0.27555730193853456
leaf_count=1145 21 20 22 7 3 1 18 22 30 20 26 37 28
internal_value=0.0471725 0.0557656 0.0539693 0.0490644 0.0378431 0.00730282 -0.0509235 -0.0512355 0.0566365 0.0566191 -0.0506308 -0.050502 -0.050502
internal_weight=147.262 135.354 44.1945 15.551 6.32519 2.41071 1.10588 0.535157 91.1596 65.0002 0.57072 11.908 11.5439
internal_count=1400 190 120 98 91 88 87 40 70 50 47 1210 1173
is_linear=0
shrinkage=0.05


Tree=41
num_leaves=15
num_cat=0
split_feature=10 11 7 13 17 17 1 2 4 12 4 2 2 17
split_gain=46.7353 0.0796755 0.217297 0.504978 1.37028 2.62431 3.49036e-05 2.98732e-05 2.32265e-05 1.51451e-06 1.98718e-07 1.77636e-15 1.77636e-15 1.77636e-15
threshold=1.0000000180025095e-35 1.0000000180025095e-35 1.0000000180025095e-35 0.10935000000000002 0.23030000000000003 0.22665000000000005 5.5000000000000009 41721.950000000004 15142.640000000001 3130.5750000000003 9704.8700000000008 47228.010000000009 46005.835000000006 0.0018000000000000002
decision_type=2 2 2 2 2 2 2 2 2 2 2 2 2 2
left_child=11 2 3 4 5 6 10 -8 -3 -10 -2 12 13 -1
right_child=1 8 -4 -5 -6 -7 7 -9 9 -11 -12 -13 -14 -15
leaf_value=-0.050477278994145794 -0.050631432375246657 0.056311741243605579 0.056267049464622965 0.056384898452388733 0.056284850700187329 0.056284850700187294 -0.051545036049553905 -0.050778923163120215 0.056261078356976107 0.056245151835882592 -0.050570880093020146 -0.050477278994145294 -0.050477278994145315 -0.050477278994145336
leaf_weight=10.742610868997865 0.25862610992044122 25.042400598526001 27.418822765350342 8.8324304819107038 3.7471926212310791 1.2490642070770264 0.26399627234786749 0.24564035329967737 37.361662030220032 24.858401775360107 0.2845852505415678 0.18731666728854257 0.19668250065296966 0.20604833401739675
leaf_count=1147 21 20 22 7 3 1 18 22 30 20 26 20 21 22
internal_value=0.0468911 0.0554078 0.0536269 0.0487626 0.037633 0.00727048 -0.0508786 -0.0511758 0.0562711 0.0562547 -0.0505997 -0.0504773 -0.0504773 -0.0504773
internal_weight=140.895 129.563 42.3004 14.8815 6.0491 2.30191 1.05285 0.509637 87.2625 62.2201 0.543211 11.3327 11.1453 10.9487
internal_count=1400 190 120 98 91 88 87 40 70 50 47 1210 1190 1169
is_linear=0
shrinkage=0.05


Tree=42
num_leaves=15
num_cat=0
split_feature=10 11 7 13 17 17 1 2 13 16 4 2 2 16
split_gain=44.194 0.0749975 0.204621 0.475181 1.29266 2.48621 3.01534e-05 2.57683e-05 1.99522e-05 3.01119e-06 1.7065e-07 1.77636e-15 1.77636e-15 1.77636e-15
threshold=1.0000000180025095e-35 1.0000000180025095e-35 1.0000000180025095e-35 0.10935000000000002 0.23030000000000003 0.22665000000000005 5.5000000000000009 41721.950000000004 0.21280000000000002 1573.5300000000002 9704.8700000000008 47228.010000000009 40718.770000000011 0.3000000000000001
decision_type=2 2 2 2 2 2 2 2 2 2 2 2 2 2
left_child=11 2 3 4 5 6 10 -8 9 -3 -2 12 13 -1
right_child=1 8 -4 -5 -6 -7 7 -9 -10 -11 -12 -13 -14 -15
leaf_value=-0.050453780831230255 -0.050600257458553816 0.055899756772931568 0.055924159270339294 0.056035035375114998 0.055940880623076866 0.055940880623076818 -0.051470207551765824 -0.050741048975797579 0.055966490818670084 0.055922413758196801 -0.050542740227966537 -0.050453780831229728 -0.050453780831230081 -0.050453780831230061
leaf_weight=9.5102784438058663 0.2461605090647927 26.152156352996826 26.237454414367676 8.452795743942259 3.5858016014099121 1.1952672004699707 0.25147689785808325 0.2338303430005908 23.965373754501343 33.385429620742798 0.27085278555750847 0.17826201394200403 0.5882646460086115 0.50804673973471004
leaf_count=1067 21 22 22 7 3 1 18 22 20 28 26 20 66 57
internal_value=0.0466267 0.0550718 0.0533054 0.048479 0.0374354 0.00723999 -0.0508358 -0.0511189 0.055928 0.0559125 -0.0505701 -0.0504538 -0.0504538 -0.0504538
internal_weight=134.761 123.977 40.4736 14.2362 5.78339 2.19759 1.00232 0.485307 83.503 59.5376 0.517013 10.7849 10.6066 10.0183
internal_count=1400 190 120 98 91 88 87 40 70 50 47 1210 1190 1124
is_linear=0
shrinkage=0.05


Tree=43
num_leaves=15
num_cat=0
split_feature=10 11 7 13 17 17 1 2 14 3 4 2 2 2
split_gain=41.805 0.0706358 0.192794 0.447412 1.21999 2.35592 2.60448e-05 2.22249e-05 1.6976e-05 7.3824e-07 1.4659e-07 1.77636e-15 1.77636e-15 1.77636e-15
threshold=1.0000000180025095e-35 1.0000000180025095e-35 1.0000000180025095e-35 0.10935000000000002 0.23030000000000003 0.22665000000000005 5.5000000000000009 41721.950000000004 0.55000000000000016 12625.055000000002 9704.8700000000008 47228.010000000009 40855.255000000012 33763.880000000012
decision_type=2 2 2 2 2 2 2 2 2 2 2 2 2 2
left_child=11 2 3 4 5 6 10 -8 -3 -10 -2 12 13 -1
right_child=1 8 -4 -5 -6 -7 7 -9 9 -11 -12 -13 -14 -15
leaf_value=-0.050431455458084508 -0.050570642631824481 0.055634548971919974 0.055601951631721915 0.055706331617247119 0.055617669793067828 0.055617669793067794 -0.051398977002074131 -0.050705012610761969 0.055581223971125096 0.055593507272345577 -0.050515999494639974 -0.050431455458083953 -0.050431455458084307 -0.050431455458084362
leaf_weight=8.838308872655027 0.23428879398852509 30.925735235214233 25.098803758621216 8.0867908000946027 3.4302399158477783 1.1434133052825928 0.23953537736088037 0.22258039657026529 25.024556398391724 23.929078578948975 0.25777608249336481 0.16964124515652734 0.5174057977274068 0.73793941643089134
leaf_count=1042 21 27 22 7 3 1 18 22 22 21 26 20 61 87
internal_value=0.0463779 0.054756 0.0530032 0.0482124 0.0372493 0.00721122 -0.0507952 -0.0510647 0.0556055 0.0555872 -0.050542 -0.0504315 -0.0504315 -0.0504315
internal_weight=128.856 118.593 38.7134 13.6146 5.52783 2.09759 0.954181 0.462116 79.8794 48.9536 0.492065 10.2633 10.0937 9.57625
internal_count=1400 190 120 98 91 88 87 40 70 43 47 1210 1190 1129
is_linear=0
shrinkage=0.05


Tree=44
num_leaves=14
num_cat=0
split_feature=10 11 7 13 17 17 17 1 3 13 4 1 16
split_gain=39.5576 0.0665649 0.181748 0.421504 1.15191 2.23293 2.39889e-05 1.4544e-05 1.1514e-05 9.43335e-07 5.38898e-07 1.77636e-15 1.77636e-15
threshold=1.0000000180025095e-35 1.0000000180025095e-35 1.0000000180025095e-35 0.10935000000000002 0.23030000000000003 0.22665000000000005 0.011400000000000002 2.5000000000000004 5076.0200000000013 0.061150000000000003 21831.170000000002 6.5000000000000009 1.0000000180025095e-35
decision_type=2 2 2 2 2 2 2 2 2 2 2 2 2
left_child=11 2 3 4 5 6 8 -3 -2 -9 -10 12 -1
right_child=1 7 -4 -5 -6 -7 -8 9 10 -11 -12 -13 -14
leaf_value=-0.050410232239365339 -0.050872957885730687 0.055336760000987119 0.055298969043184612 0.055397296026330728 0.055313758760218878 0.055313758760218837 -0.0512412567193722 0.055293899741111097 -0.050517135602052246 0.05528046485288917 -0.050405583161020812 -0.050410232239365249 -0.050410232239365083
leaf_weight=8.0071246623992867 0.27561746258288455 21.926107287406921 24.002217531204224 7.7342188358306885 3.280418872833252 1.093472957611084 0.19922245712950826 32.704989910125732 0.21000553574413061 21.75851309299469 0.22347353957593441 1.3721887022256858 0.38744151592254716
leaf_count=992 24 20 22 7 3 1 14 30 21 20 28 170 48
internal_value=0.0461438 0.0544591 0.052719 0.0479615 0.0370741 0.00718407 -0.0507565 0.0553024 -0.0506203 0.0552885 -0.0504596 -0.0504102 -0.0504102
internal_weight=123.175 113.408 37.0186 13.0164 5.28221 2.00179 0.908319 76.3896 0.709097 54.4635 0.433479 9.76675 8.39457
internal_count=1400 190 120 98 91 88 87 70 73 50 49 1210 1040
is_linear=0
shrinkage=0.05


Tree=45
num_leaves=13
num_cat=0
split_feature=10 11 7 13 17 17 17 13 3 16 4 1
split_gain=37.4419 0.0627612 0.171421 0.397308 1.08807 2.11678 2.06661e-05 1.2513e-05 9.94635e-06 1.88591e-06 4.63243e-07 1.77636e-15
threshold=1.0000000180025095e-35 1.0000000180025095e-35 1.0000000180025095e-35 0.10935000000000002 0.23030000000000003 0.22665000000000005 0.011400000000000002 0.21280000000000002 5076.0200000000013 4248.505000000001 21831.170000000002 1.5000000000000002
decision_type=2 2 2 2 2 2 2 2 2 2 2 2
left_child=11 2 3 4 5 6 8 9 -2 -3 -10 -1
right_child=1 7 -4 -5 -6 -7 -8 -9 10 -11 -12 -13
leaf_value=-0.050390066233235491 -0.050830772286052352 0.054995189291914881 0.055013899247934955 0.055106564253008028 0.055027812145435041 0.055027812145435 -0.051180748431106184 0.055049735382460475 -0.050491668129699532 0.055014279780607092 -0.050385647114636258 -0.050390066233235491
leaf_weight=1.2750513413920987 0.26238753320649055 28.076098322868347 22.94692862033844 7.3948479890823364 3.1362354755401611 1.0454118251800537 0.1897246609441936 20.963631868362427 0.19986167177557945 23.991530299186707 0.21265659760683775 8.0189975928515178
leaf_count=166 24 27 22 7 3 1 14 20 21 23 28 1044
internal_value=0.0459234 0.0541797 0.0524515 0.0477254 0.036909 0.00715844 -0.0507197 0.0550171 -0.0505901 0.055004 -0.050437 -0.0503901
internal_weight=117.713 108.419 35.3881 12.4411 5.04628 1.91004 0.86463 73.0313 0.674906 52.0676 0.412518 9.29405
internal_count=1400 190 120 98 91 88 87 70 73 50 49 1210
is_linear=0
shrinkage=0.05


Tree=46
num_leaves=15
num_cat=0
split_feature=10 11 7 13 17 17 17 15 3 13 4 2 2 2
split_gain=35.4492 0.0592038 0.161756 0.374687 1.02816 2.00705 1.78025e-05 1.06886e-05 8.59079e-06 1.14277e-06 3.98222e-07 1.77636e-15 1.77636e-15 1.77636e-15
threshold=1.0000000180025095e-35 1.0000000180025095e-35 1.0000000180025095e-35 0.10935000000000002 0.23030000000000003 0.22665000000000005 0.011400000000000002 1.0000000180025095e-35 5076.0200000000013 0.071300000000000016 21831.170000000002 47091.345000000008 43953.570000000007 40855.255000000012
decision_type=2 2 2 2 2 2 2 2 2 2 2 2 2 2
left_child=11 2 3 4 5 6 8 -3 -2 -9 -10 12 13 -1
right_child=1 7 -4 -5 -6 -7 -8 9 10 -11 -12 -13 -14 -15
leaf_value=-0.050370897601885227 -0.050790609817715271 0.054779396246127821 0.054745512959790979 0.054832896126190626 0.054758614905382454 0.054758614905382419 -0.051123185180850642 0.054742324683737568 -0.050467463717904948 0.054726854202990595 -0.050366697151125239 -0.050370897601884707 -0.05037089760188479 -0.050370897601884707
leaf_weight=8.2520124195143509 0.24978312570601502 20.037413954734802 21.93209433555603 7.0684155225753784 2.9975740313529968 0.99919134378433228 0.18066975940018892 29.890831589698792 0.19020318239927292 19.873380303382874 0.20235940208658576 0.1827283529564746 0.22658315766602832 0.1827283529564746
leaf_count=1129 24 20 22 7 3 1 14 30 21 20 28 25 31 25
internal_value=0.0457157 0.0539167 0.0521997 0.047503 0.0367533 0.00713423 -0.0506847 0.0547486 -0.0505614 0.0547361 -0.0504155 -0.0503709 -0.0503709 -0.0503709
internal_weight=112.466 103.622 33.8203 11.8882 4.81978 1.82221 0.823015 69.8016 0.642346 49.7642 0.392563 8.84405 8.66132 8.43474
internal_count=1400 190 120 98 91 88 87 70 73 50 49 1210 1185 1154
is_linear=0
shrinkage=0.05


Tree=47
num_leaves=14
num_cat=0
split_feature=10 11 7 13 17 17 17 13 3 16 4 2 2
split_gain=33.5713 0.0558734 0.152703 0.35352 0.971892 1.90334 1.5335e-05 9.1615e-06 7.41881e-06 1.39141e-06 3.42337e-07 1.77636e-15 1.77636e-15
threshold=1.0000000180025095e-35 1.0000000180025095e-35 1.0000000180025095e-35 0.10935000000000002 0.23030000000000003 0.22665000000000005 0.011400000000000002 0.21280000000000002 5076.0200000000013 1573.5300000000002 21831.170000000002 47228.010000000009 45333.580000000009
decision_type=2 2 2 2 2 2 2 2 2 2 2 2 2
left_child=11 2 3 4 5 6 8 9 -2 -3 -10 12 -1
right_child=1 7 -4 -5 -6 -7 -8 -9 10 -11 -12 -13 -14
leaf_value=-0.05035267816403554 -0.050752374922949629 0.054474162557818832 0.054492704300365007 0.054575140144183389 0.054505052101700896 0.054505052101700847 -0.051068426994897158 0.054524788796601387 -0.050444460192252419 0.05449139649762165 -0.05034868526558868 -0.050352678164034874 -0.050352678164035075
leaf_weight=8.0748892002738959 0.23777554370462695 20.884484231472015 20.956793010234833 6.7546370029449463 2.864310085773468 0.95477002859115601 0.17203801637515426 19.147444128990173 0.18100728141143918 26.665857434272766 0.19255734281614423 0.13910231180489141 0.20169835211709219
leaf_count=1161 24 22 22 7 3 1 14 20 21 28 28 20 29
internal_value=0.04552 0.0536688 0.0519624 0.0472934 0.0366065 0.00711135 -0.0506514 0.0544956 -0.0505341 0.0544838 -0.0503951 -0.0503527 -0.0503527
internal_weight=107.427 99.0117 32.3139 11.3571 4.60246 1.73815 0.783378 66.6978 0.61134 47.5503 0.373565 8.41569 8.27659
internal_count=1400 190 120 98 91 88 87 70 73 50 49 1210 1190
is_linear=0
shrinkage=0.05


Tree=48
num_leaves=15
num_cat=0
split_feature=10 11 7 13 17 17 17 2 3 1 4 0 2 1
split_gain=31.8005 0.0527532 0.144217 0.333696 0.919018 1.80528 1.32091e-05 7.85688e-06 6.40576e-06 4.71306e-07 2.94324e-07 1.77636e-15 4.44089e-16 2.22045e-16
threshold=1.0000000180025095e-35 1.0000000180025095e-35 1.0000000180025095e-35 0.10935000000000002 0.23030000000000003 0.22665000000000005 0.011400000000000002 20297.310000000001 5076.0200000000013 5.5000000000000009 21831.170000000002 3.5000000000000004 10535.585000000001 5.5000000000000009
decision_type=2 2 2 2 2 2 2 2 2 2 2 2 2 2
left_child=11 2 3 4 5 6 8 -3 -2 -9 -10 -1 -13 -14
right_child=1 7 -4 -5 -6 -7 -8 9 10 -11 -12 12 13 -15
leaf_value=-0.050335360329854556 -0.050715977605899555 0.054284832759891814 0.054254434893755303 0.054332240964533797 0.054266073502337281 0.054266073502337232 -0.051016340298525857 0.054241317473787777 -0.05042259994514782 0.05425153549763792 -0.050331564089141738 -0.050335360329854417 -0.050335360329854487 -0.050335360329854445
leaf_weight=6.6247476846910995 0.22633732529357231 18.292453706264496 20.020050227642059 6.4532073736190796 2.736311137676239 0.91210371255874634 0.16381049249321222 24.506153464317322 0.17225222056731582 20.918030917644501 0.18322694581001997 0.33752460731193412 0.58901353040710069 0.45665093930438161
leaf_count=1001 24 20 22 7 3 1 14 27 21 23 28 51 89 69
internal_value=0.0453353 0.0534353 0.0517387 0.0470957 0.036468 0.00708972 -0.0506197 0.0542572 -0.0505081 0.054246 -0.0503757 -0.0503354 -0.0503354 -0.0503354
internal_weight=102.592 94.5839 30.8673 10.8472 4.39404 1.65773 0.745627 63.7166 0.581816 45.4242 0.355479 8.00794 1.38319 1.04566
internal_count=1400 190 120 98 91 88 87 70 73 50 49 1210 209 158
is_linear=0
shrinkage=0.05


Tree=49
num_leaves=12
num_cat=0
split_feature=10 11 7 13 17 17 17 15 3 13 4
split_gain=30.13 0.0498275 0.136256 0.315115 0.869296 1.71255 1.13773e-05 6.70727e-06 5.5302e-06 7.22459e-07 2.5306e-07
threshold=1.0000000180025095e-35 1.0000000180025095e-35 1.0000000180025095e-35 0.10935000000000002 0.23030000000000003 0.22665000000000005 0.011400000000000002 1.0000000180025095e-35 5076.0200000000013 0.071300000000000016 21831.170000000002
decision_type=2 2 2 2 2 2 2 2 2 2 2
left_child=-1 2 3 4 5 6 8 -3 -2 -9 -10
right_child=1 7 -4 -5 -6 -7 -8 9 10 -11 -12
leaf_value=-0.050318896900379217 -0.050681328154801843 0.05405850569309556 0.054029762248198568 0.054103232120716917 0.054040739614075711 0.054040739614075663 -0.050966790282886081 0.05402707527017974 -0.050401823478962465 0.054013900872891034 -0.050315288565229169
leaf_weight=7.619814262725412 0.2154422127641753 17.471500158309937 19.120847165584564 6.1638066172599792 2.6134382486343384 0.87114608287811279 0.15596903115510941 26.059132814407349 0.16391721786931157 17.324309945106506 0.17434581788256764
leaf_count=1210 24 20 22 7 3 1 14 30 21 20 28
internal_value=0.0451611 0.053215 0.0515278 0.0469093 0.0363371 0.00706927 -0.0505896 0.0540323 -0.0504833 0.0540218 -0.0503572
internal_weight=97.9537 90.3339 29.4789 10.3581 4.19426 1.58082 0.709674 60.8549 0.553705 43.3834 0.338263
internal_count=1400 190 120 98 91 88 87 70 73 50 49
is_linear=0
shrinkage=0.05


Tree=50
num_leaves=15
num_cat=0
split_feature=10 11 7 13 17 17 17 13 3 16 4 1 3 3
split_gain=28.5534 0.0470819 0.128781 0.297684 0.822511 1.62481 9.79929e-06 5.77399e-06 4.77357e-06 8.86544e-07 2.17586e-07 8.88178e-16 2.22045e-16 5.55112e-17
threshold=1.0000000180025095e-35 1.0000000180025095e-35 1.0000000180025095e-35 0.10935000000000002 0.23030000000000003 0.22665000000000005 0.011400000000000002 0.21280000000000002 5076.0200000000013 1573.5300000000002 21831.170000000002 6.5000000000000009 11906.920000000002 15931.390000000001
decision_type=2 2 2 2 2 2 2 2 2 2 2 2 2 2
left_child=11 2 3 4 5 6 8 9 -2 -3 -10 -1 -13 -14
right_child=1 7 -4 -5 -6 -7 -8 -9 10 -11 -12 12 13 -15
leaf_value=-0.05030324811161091 -0.050648341231129129 0.053801994280166868 0.053817812989526925 0.053887212581385208 0.053828170555737624 0.053828170555737569 -0.050919654224389765 0.053845097409779108 -0.050382074621508448 0.053816732832264118 -0.050299816727578696 -0.050303248111610854 -0.050303248111610632 -0.050303248111610514
leaf_weight=6.2317400425672522 0.20506507251411832 18.193139612674713 18.258131086826324 5.8861036896705627 2.4955483675003052 0.83184945583343506 0.14849620359018445 16.684186220169067 0.15598245663568377 23.232028901576996 0.16589259589090943 0.71305487025529124 0.1797617319971323 0.12583321239799261
leaf_count=1040 24 22 22 7 3 1 14 20 21 28 28 119 30 21
internal_value=0.0449967 0.0530073 0.0513288 0.0467333 0.0362136 0.00704993 -0.0505609 0.0538203 -0.0504598 0.0538103 -0.0503397 -0.0503032 -0.0503032 -0.0503032
internal_weight=93.5068 86.2564 28.1471 9.88894 4.00283 1.50729 0.675436 58.1094 0.52694 41.4252 0.321875 7.25039 1.01865 0.305595
internal_count=1400 190 120 98 91 88 87 70 73 50 49 1210 170 51
is_linear=0
shrinkage=0.05


Tree=51
num_leaves=14
num_cat=0
split_feature=10 11 7 13 17 17 17 2 3 1 4 0 2
split_gain=27.0648 0.0445036 0.121758 0.281322 0.778463 1.54179 8.43976e-06 4.92861e-06 4.11992e-06 2.97131e-07 1.87109e-07 8.88178e-16 4.44089e-16
threshold=1.0000000180025095e-35 1.0000000180025095e-35 1.0000000180025095e-35 0.10935000000000002 0.23030000000000003 0.22665000000000005 0.011400000000000002 20297.310000000001 5076.0200000000013 5.5000000000000009 21831.170000000002 2.5000000000000004 32594.000000000004
decision_type=2 2 2 2 2 2 2 2 2 2 2 2 2
left_child=11 2 3 4 5 6 8 -3 -2 -9 -10 12 -1
right_child=1 7 -4 -5 -6 -7 -8 9 10 -11 -12 -13 -14
leaf_value=-0.050288374453590926 -0.050616943727889489 0.053643581466132788 0.053617776515907822 0.053683358179036848 0.053627555525133964 0.053627555525133909 -0.050874816610557289 0.053606636290428424 -0.050363307345412112 0.053615331320639927 -0.050285109321724301 -0.050288374453590926 -0.050288374453590558
leaf_weight=2.0297215636819597 0.19518188061192832 15.928609311580656 17.430828213691711 5.6197587847709656 2.3824946880340576 0.79416489601135254 0.14137531351298094 21.335362613201141 0.14842900168150663 18.212481379508972 0.15784691041335464 4.7493204004131258 0.11973076639696945
leaf_count=356 24 20 22 7 3 1 14 27 21 23 28 833 21
internal_value=0.0448414 0.0528111 0.051141 0.0465672 0.0360969 0.00703163 -0.0505336 0.0536201 -0.0504374 0.0536106 -0.050323 -0.0502884 -0.0502884
internal_weight=89.2453 82.3465 26.8701 9.43925 3.81949 1.437 0.642833 55.4765 0.501458 39.5478 0.306276 6.89877 2.14945
internal_count=1400 190 120 98 91 88 87 70 73 50 49 1210 377
is_linear=0
shrinkage=0.05


Tree=52
num_leaves=14
num_cat=0
split_feature=10 11 7 13 17 17 17 13 3 16 4 1 2
split_gain=25.6587 0.0420807 0.115156 0.26595 0.736971 1.46319 7.26862e-06 4.2317e-06 3.55527e-06 6.51714e-07 1.60891e-07 8.88178e-16 8.88178e-16
threshold=1.0000000180025095e-35 1.0000000180025095e-35 1.0000000180025095e-35 0.10935000000000002 0.23030000000000003 0.22665000000000005 0.011400000000000002 0.21280000000000002 5076.0200000000013 1573.5300000000002 21831.170000000002 2.5000000000000004 45856.130000000012
decision_type=2 2 2 2 2 2 2 2 2 2 2 2 2
left_child=11 2 3 4 5 6 8 9 -2 -3 -10 -1 -13
right_child=1 7 -4 -5 -6 -7 -8 -9 10 -11 -12 12 -14
leaf_value=-0.05027422647139107 -0.050587054977540548 0.053414714109414924 0.053428908077699615 0.053490903109504842 0.053438139824094483 0.053438139824094427 -0.050832163154389154 0.05345338012374188 -0.050345465304813354 0.053427952014130746 -0.050271128216638497 -0.050274226471391063 -0.050274226471390897
leaf_weight=1.8553119711577881 0.18576967436820468 16.577743232250214 16.637846708297729 5.3644269108772278 2.2741289734840393 0.75804299116134644 0.1345903524197638 15.204694926738737 0.14123880630359054 21.170331716537476 0.15018933359533548 4.4592585973441601 0.2495448850095271
leaf_count=342 24 22 22 7 3 1 14 20 21 28 28 822 46
internal_value=0.0446947 0.052626 0.0509636 0.0464103 0.0359866 0.00701431 -0.0505076 0.0534311 -0.0504161 0.0534221 -0.0503072 -0.0502742 -0.0502742
internal_weight=85.1631 78.599 25.6462 9.00839 3.64396 1.36983 0.611788 52.9528 0.477198 37.7481 0.291428 6.56412 4.7088
internal_count=1400 190 120 98 91 88 87 70 73 50 49 1210 868
is_linear=0
shrinkage=0.05


Tree=53
num_leaves=14
num_cat=0
split_feature=10 11 7 13 17 17 17 15 3 13 4 1 2
split_gain=24.3299 0.0398022 0.108945 0.251501 0.697865 1.38878 6.25985e-06 3.63576e-06 3.06772e-06 3.97597e-07 1.38362e-07 8.88178e-16 2.22045e-16
threshold=1.0000000180025095e-35 1.0000000180025095e-35 1.0000000180025095e-35 0.10935000000000002 0.23030000000000003 0.22665000000000005 0.011400000000000002 1.0000000180025095e-35 5076.0200000000013 0.071300000000000016 21831.170000000002 5.5000000000000009 45094.990000000005
decision_type=2 2 2 2 2 2 2 2 2 2 2 2 2
left_child=11 2 3 4 5 6 8 -3 -2 -9 -10 -1 -13
right_child=1 7 -4 -5 -6 -7 -8 9 10 -11 -12 12 -14
leaf_value=-0.05026078121685993 -0.050558608777457895 0.053273730867752271 0.05325051665108807 0.053309136204819356 0.053259239113060942 0.053259239113060901 -0.050791591339911624 0.053248370771294518 -0.050328505605357524 0.05323764526268078 -0.050257834610351652 -0.050260781216859896 -0.050260781216859764
leaf_weight=4.4441886800341299 0.17680650344118498 14.510970532894133 15.878089010715485 5.1197597980499268 2.1703011989593506 0.7234337329864502 0.12812599306926131 21.639439523220062 0.13439464196562767 14.384402155876158 0.14290134981274605 1.5330128199420867 0.26840628497302521
leaf_count=861 24 20 22 7 3 1 14 30 21 20 28 297 52
internal_value=0.0445561 0.0524511 0.050796 0.046262 0.0358823 0.00699792 -0.0504829 0.0532526 -0.0503959 0.0532441 -0.0502921 -0.0502608 -0.0502608
internal_weight=81.2542 75.0086 24.4738 8.59572 3.47596 1.30566 0.582228 50.5348 0.454102 36.0238 0.277296 6.24561 1.80142
internal_count=1400 190 120 98 91 88 87 70 73 50 49 1210 349
is_linear=0
shrinkage=0.05


Tree=54
num_leaves=14
num_cat=0
split_feature=10 11 7 13 17 17 17 14 3 3 4 2 2
split_gain=23.0739 0.0376586 0.103099 0.237911 0.660991 1.3183 5.39085e-06 3.11272e-06 2.64667e-06 1.38031e-07 1.18994e-07 8.88178e-16 2.22045e-16
threshold=1.0000000180025095e-35 1.0000000180025095e-35 1.0000000180025095e-35 0.10935000000000002 0.23030000000000003 0.22665000000000005 0.011400000000000002 0.55000000000000016 5076.0200000000013 12625.055000000002 21831.170000000002 19901.280000000002 22016.055000000004
decision_type=2 2 2 2 2 2 2 2 2 2 2 2 2
left_child=11 2 3 4 5 6 8 -3 -2 -9 -10 -1 -13
right_child=1 7 -4 -5 -6 -7 -8 9 10 -11 -12 12 -14
leaf_value=-0.050247999519844946 -0.050531531191050728 0.053099905550696748 0.05308194959017374 0.053137402236716404 0.05309019058469238 0.053090190584692325 -0.050752994365629647 0.0530704848262053 -0.050312384340330391 0.053077321866609933 -0.050245196257816462 -0.05024799951984469 -0.050247999519844912
leaf_weight=4.316892124246805 0.16827139677479885 18.675923228263855 15.15045565366745 4.8854078054428101 2.0708616971969604 0.69028723239898682 0.12196756014600396 15.100579917430879 0.12788007035851479 14.442577540874479 0.13596529560163617 0.17680104263126839 1.4487863215617833
leaf_count=879 24 27 22 7 3 1 14 22 21 21 28 36 295
internal_value=0.0444251 0.0522858 0.0506377 0.0461219 0.0357836 0.0069824 -0.0504594 0.0530839 -0.0503766 0.0530738 -0.0502778 -0.050248 -0.050248
internal_weight=77.5127 71.5702 23.3511 8.20064 3.31523 1.24437 0.554084 48.2191 0.432117 29.5432 0.263845 5.94248 1.62559
internal_count=1400 190 120 98 91 88 87 70 73 43 49 1210 331
is_linear=0
shrinkage=0.05


Tree=55
num_leaves=14
num_cat=0
split_feature=10 11 7 13 17 17 17 13 3 16 4 2 2
split_gain=21.8862 0.0356404 0.0975927 0.22512 0.626206 1.25153 4.64241e-06 2.67576e-06 2.28316e-06 4.12586e-07 1.02336e-07 8.88178e-16 2.22045e-16
threshold=1.0000000180025095e-35 1.0000000180025095e-35 1.0000000180025095e-35 0.10935000000000002 0.23030000000000003 0.22665000000000005 0.011400000000000002 0.21280000000000002 5076.0200000000013 1573.5300000000002 21831.170000000002 28214.540000000005 47091.345000000008
decision_type=2 2 2 2 2 2 2 2 2 2 2 2 2
left_child=11 2 3 4 5 6 8 9 -2 -3 -10 -1 -13
right_child=1 7 -4 -5 -6 -7 -8 -9 10 -11 -12 12 -14
leaf_value=-0.050235849080107364 -0.050505759387625498 0.052910503531161591 0.052922622763104749 0.052975089240931542 0.052930413953865121 0.052930413953865066 -0.05071628094709623 0.052943494524480994 -0.050297057969747254 0.052921804488494296 -0.050233181166866217 -0.050235849080107337 -0.050235849080106948
leaf_weight=4.6026315889321259 0.16014432022348157 14.40048825740814 14.453850626945496 4.6610225439071655 1.9756606221199033 0.65855354070663452 0.11610100232064724 13.210321366786955 0.12167941452935338 18.391279876232147 0.1293643438257277 0.93454448506236054 0.1168180606327951
leaf_count=985 24 22 22 7 3 1 14 20 21 28 28 200 25
internal_value=0.0443012 0.0521296 0.050488 0.0459894 0.0356903 0.0069677 -0.0504371 0.0529245 -0.0503582 0.0529168 -0.0502641 -0.0502358 -0.0502358
internal_weight=73.9325 68.2785 22.2764 7.82253 3.1615 1.18584 0.527289 46.0021 0.411188 32.7918 0.251044 5.65399 1.05136
internal_count=1400 190 120 98 91 88 87 70 73 50 49 1210 225
is_linear=0
shrinkage=0.05


Tree=56
num_leaves=13
num_cat=0
split_feature=10 11 7 13 17 17 17 1 3 13 4 2
split_gain=20.7627 0.0337394 0.0924044 0.213076 0.593377 1.18827 3.99774e-06 2.2952e-06 1.9694e-06 1.53709e-07 8.80216e-08 1.77636e-15
threshold=1.0000000180025095e-35 1.0000000180025095e-35 1.0000000180025095e-35 0.10935000000000002 0.23030000000000003 0.22665000000000005 0.011400000000000002 2.5000000000000004 5076.0200000000013 0.061150000000000003 21831.170000000002 28060.430000000004
decision_type=2 2 2 2 2 2 2 2 2 2 2 2
left_child=11 2 3 4 5 6 8 -3 -2 -9 -10 -1
right_child=1 7 -4 -5 -6 -7 -8 9 10 -11 -12 -13
leaf_value=-0.050224287532143766 -0.050481231613707989 0.052791764326997385 0.052771970434800898 0.052821629357291844 0.052779337304361885 0.05277933730436183 -0.050681356070181739 0.052769348508420147 -0.050282488746797541 0.052762192213463288 -0.050221755592466388 -0.050224287532143724
leaf_weight=4.3658031271770588 0.15240614255890361 12.601376712322233 13.78718626499176 4.4462572336196899 1.8845499157905576 0.62818330526351929 0.11051287408918142 18.784809887409214 0.1157777332700789 12.494192242622374 0.12308246130123734 1.0136487912386654
leaf_count=982 24 20 22 7 3 1 14 30 21 20 28 228
internal_value=0.0441839 0.0519818 0.0503464 0.0458641 0.035602 0.00695377 -0.0504158 0.0527737 -0.0503408 0.0527665 -0.0502512 -0.0502243
internal_weight=70.5078 65.1283 21.248 7.46077 3.01451 1.12996 0.501779 43.8804 0.391266 31.279 0.23886 5.37945
internal_count=1400 190 120 98 91 88 87 70 73 50 49 1210
is_linear=0
shrinkage=0.05


Tree=57
num_leaves=13
num_cat=0
split_feature=10 11 7 13 17 17 17 13 3 16 4 3
split_gain=19.6997 0.0319479 0.0875132 0.201728 0.562381 1.12831 3.44252e-06 1.96745e-06 1.69852e-06 3.03765e-07 7.57038e-08 8.88178e-16
threshold=1.0000000180025095e-35 1.0000000180025095e-35 1.0000000180025095e-35 0.10935000000000002 0.23030000000000003 0.22665000000000005 0.011400000000000002 0.21280000000000002 5076.0200000000013 1573.5300000000002 21831.170000000002 8513.8650000000016
decision_type=2 2 2 2 2 2 2 2 2 2 2 2
left_child=11 2 3 4 5 6 8 9 -2 -3 -10 -1
right_child=1 7 -4 -5 -6 -7 -8 -9 10 -11 -12 -13
leaf_value=-0.050213300797223498 -0.050457884428745381 0.052618583507188101 0.05262948012672674 0.052676493952027129 0.052636451391820244 0.052636451391820174 -0.050648133370271048 0.052648246375524704 -0.050268637046619095 0.052628749990768844 -0.050210894584968149 -0.050213300797223463
leaf_weight=3.9930299594998351 0.14503859262913577 13.10029047727585 13.149387240409851 4.2407692670822144 1.7973827719688413 0.59912759065628052 0.10519031388685107 12.018796503543852 0.11016076942905784 16.731440484523773 0.1171043454669416 1.1251546284183858
leaf_count=944 24 22 22 7 3 1 14 20 21 28 28 266
internal_value=0.044073 0.0518421 0.0502125 0.0457455 0.0355185 0.00694057 -0.0503956 0.0526312 -0.0503242 0.0526243 -0.0502389 -0.0502133
internal_weight=67.2329 62.1147 20.2642 7.11477 2.874 1.07662 0.477494 41.8505 0.372304 29.8317 0.227265 5.11818
internal_count=1400 190 120 98 91 88 87 70 73 50 49 1210
is_linear=0
shrinkage=0.05


Tree=58
num_leaves=14
num_cat=0
split_feature=10 11 7 18 13 13 13 15 13 1 1 2 2
split_gain=18.6937 0.0302586 0.0828999 0.191101 0.345597 1.03378 8.37099e-06 1.69446e-06 1.85817e-07 1.39465e-07 8.88178e-16 4.44089e-16 4.44089e-16
threshold=1.0000000180025095e-35 1.0000000180025095e-35 1.0000000180025095e-35 77.40000000000002 0.15100000000000002 0.10935000000000002 0.069550000000000015 1.0000000180025095e-35 0.071300000000000016 4.5000000000000009 4.5000000000000009 4253.6850000000004 26034.560000000001
decision_type=2 2 2 2 2 2 2 2 2 2 2 2 2
left_child=10 2 3 4 5 6 9 -3 -9 -2 11 -1 -13
right_child=1 7 -4 -5 -6 -7 -8 8 -10 -11 -12 12 -14
leaf_value=-0.050202860598251277 -0.050268001195907075 0.052512502176474574 0.052494671424735163 0.05132716389164893 0.052444894541154967 0.05273157436123474 -0.050766304170781124 0.052493026024034412 0.052484774841837015 -0.050200183294251147 -0.050202860598251298 -0.050202860598251291 -0.050202860598251069
leaf_weight=0.49902876466512625 0.14848108589649311 11.461670279502867 12.539394021034241 4.6454238505102694 1.1193259954452512 0.61850655078887939 0.097324335249140859 17.089002847671512 11.358491539955137 0.15488664689473808 2.1772142071276903 2.0162371862679724 0.17707472294569004
leaf_count=124 28 20 22 16 2 1 12 30 20 39 541 501 44
internal_value=0.043968 0.0517099 0.0500858 0.0456333 0.0332649 0.0122006 -0.0503628 0.0524963 0.0524897 -0.0502334 -0.0502029 -0.0502029 -0.0502029
internal_weight=64.1021 59.2325 19.3233 6.78395 2.13852 1.0192 0.400692 39.9092 28.4475 0.303368 4.86955 2.69234 2.19331
internal_count=1400 190 120 98 82 80 79 70 50 67 1210 669 545
is_linear=0
shrinkage=0.05


Tree=59
num_leaves=11
num_cat=0
split_feature=10 11 6 10 13 13 4 12 1 1
split_gain=17.7382 0.0293501 0.0803385 0.332741 1.31223 7.24438e-06 1.45119e-06 9.8563e-08 7.24404e-08 2.17246e-08
threshold=1.0000000180025095e-35 1.0000000180025095e-35 1.0000000180025095e-35 1.5000000000000002 0.10935000000000002 0.069550000000000015 15142.640000000001 3130.5750000000003 4.5000000000000009 6.5000000000000009
decision_type=2 2 2 2 2 2 2 2 2 2
left_child=-1 2 -2 4 5 8 -3 -8 -4 -10
right_child=1 6 3 -5 -6 -7 7 -9 9 -11
leaf_value=-0.050192922330002637 0.052367251165409801 0.052383993104773874 -0.050254864270293742 0.05195361930561776 0.052602700424922127 -0.050728858374594767 0.052364870589434655 0.05235871674595604 -0.05019056002723235 -0.050224816504915608
leaf_weight=4.6329576522111884 11.956911206245424 10.928790748119352 0.14127556933089991 4.8735364619642496 1.1844139695167539 0.092644384130835533 16.289971292018894 10.834215164184569 0.094553285511210561 0.090654468862339854
leaf_count=1210 22 20 28 10 2 12 30 20 25 21
internal_value=0.0438612 0.0515753 0.0499378 0.045453 0.0256963 -0.0503386 0.0523686 0.0523624 -0.0502279 -0.0502073
internal_weight=61.1199 56.487 18.434 6.47708 1.60354 0.419128 38.053 27.1242 0.326483 0.185208
internal_count=1400 190 120 98 88 86 70 50 74 46
is_linear=0
shrinkage=0.05


Tree=60
num_leaves=13
num_cat=0
split_feature=10 11 7 13 17 17 3 13 3 16 4 0
split_gain=16.8353 0.0280502 0.0767557 0.176453 0.490546 0.976342 3.43558e-06 1.24706e-06 7.78557e-07 1.93715e-07 2.74347e-08 8.88178e-16
threshold=1.0000000180025095e-35 1.0000000180025095e-35 1.0000000180025095e-35 0.10935000000000002 0.23030000000000003 0.22665000000000005 15449.115000000002 0.21280000000000002 5076.0200000000013 1573.5300000000002 21831.170000000002 2.5000000000000004
decision_type=2 2 2 2 2 2 2 2 2 2 2 2
left_child=11 2 3 4 5 6 8 9 -2 -3 -10 -1
right_child=1 7 -4 -5 -6 -7 -8 -9 10 -11 -12 -13
leaf_value=-0.050183480562418073 -0.050365768060617849 0.052236989255096192 0.05224649560286905 0.052288343235716753 0.052254894801420454 0.052254894801420385 -0.050640144660808795 0.052262368464619971 -0.050230358205116822 0.052245709268829522 -0.050191280162508345 -0.050183480562418052
leaf_weight=1.3733436872716982 0.15305059682577971 11.355349540710451 11.399465680122375 3.6797912120819092 1.5597901940345762 0.51993006467819214 0.084175226511433721 10.419550359249113 0.098806278081610799 14.503818869590758 0.082342833979055285 3.0344702692236751
leaf_count=377 30 22 22 7 3 1 13 20 22 28 22 833
internal_value=0.0437644 0.0514535 0.0498141 0.045326 0.0350701 0.00650297 -0.0503547 0.0522478 -0.0502827 0.0522419 -0.0502126 -0.0501835
internal_weight=58.2639 53.8561 17.5774 6.17789 2.4981 0.938305 0.418375 36.2787 0.3342 25.8592 0.181149 4.40781
internal_count=1400 190 120 98 91 88 87 70 74 50 44 1210
is_linear=0
shrinkage=0.05


Tree=61
num_leaves=13
num_cat=0
split_feature=10 11 7 13 17 17 3 15 3 13 4 0
split_gain=15.9813 0.0265852 0.0727566 0.16721 0.465251 0.927393 2.95798e-06 1.07042e-06 6.71301e-07 1.17613e-07 2.36e-08 8.88178e-16
threshold=1.0000000180025095e-35 1.0000000180025095e-35 1.0000000180025095e-35 0.10935000000000002 0.23030000000000003 0.22665000000000005 15449.115000000002 1.0000000180025095e-35 5076.0200000000013 0.071300000000000016 21831.170000000002 2.5000000000000004
decision_type=2 2 2 2 2 2 2 2 2 2 2 2
left_child=11 2 3 4 5 6 8 -3 -2 -9 -10 -1
right_child=1 7 -4 -5 -6 -7 -8 9 10 -11 -12 -13
leaf_value=-0.050174500537139191 -0.050347997559046245 0.052147200293625989 0.052132135729716561 0.052171788870768024 0.052140086969143712 0.052140086969143642 -0.050608902934597813 0.052130574369772788 -0.050219075920132188 0.052123522373988831 -0.050181917841915419 -0.050174500537139177
leaf_weight=1.3065928493160743 0.14563632151112083 9.9327954053878766 10.866692900657654 3.507948100566864 1.4869027733802793 0.49563425779342651 0.080118133453652263 14.808283656835558 0.094008026411756873 9.8421339690685254 0.078341171378269792 2.8869810171891004
leaf_count=377 30 20 22 7 3 1 13 30 22 20 22 833
internal_value=0.0436753 0.0513414 0.0497067 0.0452309 0.0350032 0.00649286 -0.0503374 0.0521333 -0.050269 0.0521278 -0.0502022 -0.0501745
internal_weight=55.5321 51.3385 16.7553 5.88859 2.38064 0.893738 0.398104 34.5832 0.317986 24.6504 0.172349 4.19357
internal_count=1400 190 120 98 91 88 87 70 74 50 44 1210
is_linear=0
shrinkage=0.05


Tree=62
num_leaves=12
num_cat=0
split_feature=10 11 7 13 17 17 3 13 3 16 4
split_gain=15.1722 0.0252014 0.0689783 0.158482 0.441327 0.880964 2.54677e-06 9.19015e-07 5.78782e-07 1.43105e-07 2.03009e-08
threshold=1.0000000180025095e-35 1.0000000180025095e-35 1.0000000180025095e-35 0.10935000000000002 0.23030000000000003 0.22665000000000005 15449.115000000002 0.21280000000000002 5076.0200000000013 1573.5300000000002 21831.170000000002
decision_type=2 2 2 2 2 2 2 2 2 2 2
left_child=-1 2 3 4 5 6 8 9 -2 -3 -10
right_child=1 7 -4 -5 -6 -7 -8 -9 10 -11 -12
leaf_value=-0.05016596143237928 -0.050331088744780234 0.052015266576993881 0.052023830505925461 0.052061410658572629 0.052031364399050234 0.052031364399050151 -0.050579189440879607 0.052038128150082158 -0.050208348063917586 0.052023129408283068 -0.050173015804117031
leaf_weight=3.9897128101438275 0.13857892085797852 10.317238092422487 10.357694178819656 3.3437594771385193 1.4172665476799009 0.47242218255996704 0.076254370622336864 9.4677794277667982 0.089441826101392508 13.178344279527662 0.074533316073939204
leaf_count=1210 30 22 22 7 3 1 13 20 22 28 22
internal_value=0.0435908 0.0512352 0.049605 0.0451408 0.0349399 0.00648329 -0.0503209 0.052025 -0.0502559 0.0520197 -0.0501923
internal_weight=52.923 48.9333 15.97 5.61226 2.2685 0.851231 0.378808 32.9634 0.302554 23.4956 0.163975
internal_count=1400 190 120 98 91 88 87 70 74 50 44
is_linear=0
shrinkage=0.05


Tree=63
num_leaves=13
num_cat=0
split_feature=10 11 7 13 17 17 3 14 3 3 4 2
split_gain=14.4054 0.0238939 0.0654075 0.150237 0.418693 0.836917 2.19263e-06 7.9002e-07 4.98987e-07 3.50455e-08 1.74633e-08 8.88178e-16
threshold=1.0000000180025095e-35 1.0000000180025095e-35 1.0000000180025095e-35 0.10935000000000002 0.23030000000000003 0.22665000000000005 15449.115000000002 0.55000000000000016 5076.0200000000013 12625.055000000002 21831.170000000002 15662.310000000003
decision_type=2 2 2 2 2 2 2 2 2 2 2 2
left_child=11 2 3 4 5 6 8 -3 -2 -9 -10 -1
right_child=1 7 -4 -5 -6 -7 -8 9 10 -11 -12 -13
leaf_value=-0.050157839558975514 -0.050314999512511144 0.051932293873416108 0.051921236464270305 0.051956857403185355 0.051928371273184441 0.051928371273184351 -0.050550921728948831 0.051913931216913026 -0.050198146498830726 0.051918199529607224 -0.050164549923886997 -0.050157839558975487
leaf_weight=2.5095744058489795 0.13186143687926 12.170396000146868 9.8715201318264008 3.1869212985038757 1.3507519662380216 0.45025065541267395 0.072574937483295798 9.8367392420768756 0.085096550639718771 9.409011244773863 0.07090994599275291 1.286156882997602
leaf_count=800 30 27 22 7 3 1 13 22 22 21 22 410
internal_value=0.0435108 0.0511346 0.0495086 0.0450555 0.0348799 0.0064742 -0.0503053 0.0519223 -0.0502434 0.051916 -0.0501829 -0.0501578
internal_weight=50.4318 46.636 15.2199 5.34837 2.16145 0.810694 0.360443 31.4161 0.287868 19.2458 0.156006 3.79573
internal_count=1400 190 120 98 91 88 87 70 74 43 44 1210
is_linear=0
shrinkage=0.05


Tree=64
num_leaves=13
num_cat=0
split_feature=10 11 7 13 17 17 3 2 3 12 4 2
split_gain=13.6788 0.022658 0.0620315 0.142446 0.397273 0.795124 1.88776e-06 6.78981e-07 4.30152e-07 4.149e-08 1.50211e-08 4.44089e-16
threshold=1.0000000180025095e-35 1.0000000180025095e-35 1.0000000180025095e-35 0.10935000000000002 0.23030000000000003 0.22665000000000005 15449.115000000002 20297.310000000001 5076.0200000000013 3130.5750000000003 21831.170000000002 10366.045000000002
decision_type=2 2 2 2 2 2 2 2 2 2 2 2
left_child=11 2 3 4 5 6 8 -3 -2 -9 -10 -1
right_child=1 7 -4 -5 -6 -7 -8 9 10 -11 -12 -13
leaf_value=-0.0501501169760908 -0.050299687870206104 0.051836922829188628 0.051824029026636353 0.051857800070949256 0.051830792062792723 0.051830792062792633 -0.050524038490190194 0.051822079421592782 -0.050188444739857868 0.051817578031802508 -0.050156499689073757 -0.0501501169760908
leaf_weight=1.4981809090822928 0.12546769995242124 8.599376857280733 9.4072490930557251 3.0371377468109131 1.2872329652309416 0.42907765507698059 0.069071223959326744 12.815350264310839 0.080961595056578517 8.5239041745662671 0.067462180741131306 2.1129722781479359
leaf_count=502 30 20 22 7 3 1 13 30 22 20 22 708
internal_value=0.043435 0.0510393 0.0494172 0.0449746 0.034823 0.00646558 -0.0502904 0.0518251 -0.0502315 0.0518203 -0.0501739 -0.0501501
internal_weight=48.0534 44.4423 14.5037 5.09641 2.05927 0.77204 0.342963 29.9386 0.273891 21.3393 0.148424 3.61115
internal_count=1400 190 120 98 91 88 87 70 74 50 44 1210
is_linear=0
shrinkage=0.05


Tree=65
num_leaves=12
num_cat=0
split_feature=10 11 7 13 17 17 3 13 3 16 4
split_gain=12.99 0.0214895 0.0588388 0.135081 0.376997 0.755466 1.62523e-06 5.82731e-07 3.70773e-07 9.08407e-08 1.29228e-08
threshold=1.0000000180025095e-35 1.0000000180025095e-35 1.0000000180025095e-35 0.10935000000000002 0.23030000000000003 0.22665000000000005 15449.115000000002 0.21280000000000002 5076.0200000000013 4248.505000000001 21831.170000000002
decision_type=2 2 2 2 2 2 2 2 2 2 2
left_child=-1 2 3 4 5 6 8 9 -2 -3 -10
right_child=1 7 -4 -5 -6 -7 -8 -9 10 -11 -12
leaf_value=-0.050142776275701642 -0.050285118296202504 0.051725261518320458 0.051731906024859546 0.051763932531280143 0.051738315325043908 0.051738315325043818 -0.050498466098497147 0.051744144987256747 -0.050179222851864359 0.051731965998361176 -0.050148845288380983
leaf_weight=3.4355254913680247 0.11938227410427948 10.961836814880376 8.9639847874641418 2.8941214680671692 1.2265871465206144 0.40886238217353821 0.065735013224184513 8.1943610310554487 0.077026847284287214 9.3717685937881452 0.064181559951975942
leaf_count=1210 30 27 22 7 3 1 13 20 22 23 22
internal_value=0.0433632 0.0509489 0.0493307 0.044898 0.034769 0.0064574 -0.0502763 0.0517329 -0.0502203 0.0517284 -0.0501654
internal_weight=45.7834 42.3478 13.8199 4.8559 1.96178 0.735188 0.326326 28.528 0.260591 20.3336 0.141208
internal_count=1400 190 120 98 91 88 87 70 74 50 44
is_linear=0
shrinkage=0.05


Tree=66
num_leaves=13
num_cat=0
split_feature=10 11 7 13 17 17 3 15 3 13 4 2
split_gain=12.3369 0.0203843 0.0558185 0.128118 0.357799 0.717828 1.39921e-06 5.0136e-07 3.19577e-07 5.52793e-08 1.11167e-08 4.44089e-16
threshold=1.0000000180025095e-35 1.0000000180025095e-35 1.0000000180025095e-35 0.10935000000000002 0.23030000000000003 0.22665000000000005 15449.115000000002 1.0000000180025095e-35 5076.0200000000013 0.071300000000000016 21831.170000000002 45333.580000000009
decision_type=2 2 2 2 2 2 2 2 2 2 2 2
left_child=11 2 3 4 5 6 8 -3 -2 -9 -10 -1
right_child=1 7 -4 -5 -6 -7 -8 9 10 -11 -12 -13
leaf_value=-0.050135793487704972 -0.05027125501024126 0.051656219259432791 0.051644589547698044 0.05167496222015272 0.051650664977717753 0.05165066497771767 -0.050474142717088236 0.051643388935813356 -0.050170451477691738 0.051637935432468418 -0.05014156561865122 -0.050135793487704639
leaf_weight=3.1360592320561405 0.11359045794233402 7.807726293802264 8.5408587753772736 2.7575936913490295 1.1686957776546476 0.38956525921821594 0.062558452133089304 11.638683170080187 0.07328269025310874 7.7349782288074485 0.061060027917847037 0.1323573663830756
leaf_count=1161 30 20 22 7 3 1 13 30 22 20 22 49
internal_value=0.043295 0.0508633 0.0492486 0.0448253 0.0347178 0.00644964 -0.0502628 0.0516455 -0.0502095 0.0516412 -0.0501573 -0.0501358
internal_weight=43.617 40.3486 13.1672 4.62635 1.86875 0.700057 0.310492 27.1814 0.247933 19.3737 0.134343 3.26842
internal_count=1400 190 120 98 91 88 87 70 74 50 44 1210
is_linear=0
shrinkage=0.05


Tree=67
num_leaves=13
num_cat=0
split_feature=10 11 7 13 17 17 3 4 3 12 4 2
split_gain=11.7176 0.0193387 0.0529605 0.121531 0.339618 0.682103 1.2046e-06 4.30165e-07 2.75424e-07 2.93821e-08 9.56338e-09 4.44089e-16
threshold=1.0000000180025095e-35 1.0000000180025095e-35 1.0000000180025095e-35 0.10935000000000002 0.23030000000000003 0.22665000000000005 15449.115000000002 15142.640000000001 5076.0200000000013 3130.5750000000003 21831.170000000002 15278.255000000001
decision_type=2 2 2 2 2 2 2 2 2 2 2 2
left_child=11 2 3 4 5 6 8 -3 -2 -9 -10 -1
right_child=1 7 -4 -5 -6 -7 -8 9 10 -11 -12 -13
leaf_value=-0.050129151288169582 -0.050258062779920148 0.051572848187563927 0.051561811433852758 0.051590621834909312 0.051567571300324522 0.051567571300324425 -0.050451006489858369 0.051560233013869465 -0.050162111290555395 0.051556159909447799 -0.050134643168587734 -0.050129151288169561
leaf_weight=1.9992770552635186 0.10807823226786872 7.4386557340621975 8.1370296776294708 2.6272842884063721 1.1134439706802366 0.37114799022674561 0.0595340421423316 11.085435688495638 0.069719949970021844 7.3721281588077536 0.058089913101866841 1.110138416290283
leaf_count=778 30 20 22 7 3 1 13 30 22 20 22 432
internal_value=0.0432304 0.0507822 0.0491708 0.0447565 0.0346693 0.00644228 -0.05025 0.0515627 -0.0501993 0.0515586 -0.0501496 -0.0501292
internal_weight=41.55 38.4405 12.5443 4.4073 1.78001 0.66657 0.295422 25.8962 0.235888 18.4576 0.12781 3.10942
internal_count=1400 190 120 98 91 88 87 70 74 50 44 1210
is_linear=0
shrinkage=0.05


Tree=68
num_leaves=13
num_cat=0
split_feature=10 11 7 13 17 17 3 13 3 16 4 0
split_gain=11.1302 0.0183492 0.0502554 0.115299 0.322396 0.648191 1.03704e-06 3.70143e-07 2.37361e-07 5.78996e-08 8.22801e-09 4.44089e-16
threshold=1.0000000180025095e-35 1.0000000180025095e-35 1.0000000180025095e-35 0.10935000000000002 0.23030000000000003 0.22665000000000005 15449.115000000002 0.21280000000000002 5076.0200000000013 1573.5300000000002 21831.170000000002 3.5000000000000004
decision_type=2 2 2 2 2 2 2 2 2 2 2 2
left_child=11 2 3 4 5 6 8 9 -2 -3 -10 -1
right_child=1 7 -4 -5 -6 -7 -8 -9 10 -11 -12 -13
leaf_value=-0.050122837369912666 -0.050245512137150443 0.051477033074440209 0.051483323115344717 0.051510653857741596 0.051488786582756456 0.051488786582756352 -0.050428999123908136 0.051493811274528879 -0.050154181493818908 0.051482814487444323 -0.050128060014994251 -0.05012283736991259
leaf_weight=2.4471809300594027 0.10283222817815652 7.7206847071647706 7.7516846656799316 2.5029319822788239 1.0607204139232633 0.35357347130775452 0.056654622545465827 7.0865688920021048 0.066329890163615346 9.8626192510128003 0.055263908579945564 0.51094986451789726
leaf_count=1001 30 22 22 7 3 1 13 20 22 28 22 209
internal_value=0.0431691 0.0507052 0.0490971 0.0446911 0.0346233 0.00643529 -0.0502379 0.0514842 -0.0501896 0.0514803 -0.0501423 -0.0501228
internal_weight=39.578 36.6199 11.95 4.19831 1.69537 0.634654 0.281081 24.6699 0.224426 17.5833 0.121594 2.95813
internal_count=1400 190 120 98 91 88 87 70 74 50 44 1210
is_linear=0
shrinkage=0.05


Tree=69
num_leaves=14
num_cat=0
split_feature=10 11 7 13 17 17 3 15 3 13 4 2 2
split_gain=10.573 0.0174126 0.0476944 0.109401 0.306078 0.615995 8.92769e-07 3.17746e-07 2.04553e-07 3.50589e-08 7.07724e-09 4.44089e-16 4.44089e-16
threshold=1.0000000180025095e-35 1.0000000180025095e-35 1.0000000180025095e-35 0.10935000000000002 0.23030000000000003 0.22665000000000005 15449.115000000002 1.0000000180025095e-35 5076.0200000000013 0.071300000000000016 21831.170000000002 35025.775000000009 21702.165000000005
decision_type=2 2 2 2 2 2 2 2 2 2 2 2 2
left_child=11 2 3 4 5 6 8 -3 -2 -9 -10 12 -1
right_child=1 7 -4 -5 -6 -7 -8 9 10 -11 -12 -13 -14
leaf_value=-0.050116831949596409 -0.050233570834545438 0.051418846156977241 0.051408890081980352 0.051434820134863668 0.051414067953588785 0.051414067953588688 -0.050408065882465894 0.051407861833367444 -0.050146637954811404 0.0514031909151344 -0.050121800300330116 -0.050116831949596291 -0.050116831949596319
leaf_weight=2.1164566138759255 0.097839708207173692 6.7505420446395901 7.3840368986129761 2.3842842280864716 1.0104177296161649 0.33680590987205505 0.053913359064608812 10.062227100133898 0.063104192726314068 6.687077432870864 0.052575055975466967 0.31165405083447684 0.38607889879494894
leaf_count=910 30 20 22 7 3 1 13 30 22 20 22 134 166
internal_value=0.043111 0.0506322 0.0490271 0.0446292 0.0345796 0.00642865 -0.0502263 0.0514097 -0.0501804 0.051406 -0.0501353 -0.0501168 -0.0501168
internal_weight=37.697 34.8828 11.383 3.99894 1.61466 0.604238 0.267432 23.4998 0.213519 16.7493 0.115679 2.81419 2.50254
internal_count=1400 190 120 98 91 88 87 70 74 50 44 1210 1076
is_linear=0
shrinkage=0.05


Tree=70
num_leaves=12
num_cat=0
split_feature=10 11 7 13 17 17 3 13 3 16 4
split_gain=10.0445 0.0165258 0.0452691 0.103819 0.290615 0.585427 7.68566e-07 2.73324e-07 1.76261e-07 4.28337e-08 6.09067e-09
threshold=1.0000000180025095e-35 1.0000000180025095e-35 1.0000000180025095e-35 0.10935000000000002 0.23030000000000003 0.22665000000000005 15449.115000000002 0.21280000000000002 5076.0200000000013 1573.5300000000002 21831.170000000002
decision_type=2 2 2 2 2 2 2 2 2 2 2
left_child=-1 2 3 4 5 6 8 9 -2 -3 -10
right_child=1 7 -4 -5 -6 -7 -8 -9 10 -11 -12
leaf_value=-0.050111122639617284 -0.050222207944408438 0.051332613747059164 0.051338287756436556 0.051362898029851445 0.051343205548694551 0.051343205548694454 -0.050388155172663984 0.051347752604867986 -0.050139468560547976 0.051337834216685731 -0.050115845234333573
leaf_weight=2.6772373681887975 0.093088534893466468 7.005032271146777 7.0333289206027985 2.2710970342159271 0.96243220567703247 0.32081073522567749 0.051303727086633444 6.4300539493560782 0.060034933499991894 8.9486401975154859 0.050016732653602958
leaf_count=1210 30 22 22 7 3 1 13 20 22 28 22
internal_value=0.0430559 0.050563 0.0489608 0.0445704 0.0345381 0.00642235 -0.0502152 0.051339 -0.0501716 0.0513355 -0.0501287
internal_weight=35.9031 33.2258 10.8421 3.80878 1.53769 0.575255 0.254444 22.3837 0.20314 15.9537 0.110052
internal_count=1400 190 120 98 91 88 87 70 74 50 44
is_linear=0
shrinkage=0.05


Tree=71
num_leaves=15
num_cat=0
split_feature=10 11 7 13 17 17 3 14 3 3 4 2 2 3
split_gain=9.54293 0.0156859 0.0429719 0.0985324 0.275959 0.556401 6.61631e-07 2.34918e-07 1.51872e-07 1.04977e-08 5.24064e-09 4.44089e-16 5.55112e-17 1.38778e-17
threshold=1.0000000180025095e-35 1.0000000180025095e-35 1.0000000180025095e-35 0.10935000000000002 0.23030000000000003 0.22665000000000005 15449.115000000002 0.55000000000000016 5076.0200000000013 12625.055000000002 21831.170000000002 5148.7800000000007 4253.6850000000004 1702.0950000000003
decision_type=2 2 2 2 2 2 2 2 2 2 2 2 2 2
left_child=11 2 3 4 5 6 8 -3 -2 -9 -10 12 -1 -14
right_child=1 7 -4 -5 -6 -7 -8 9 10 -11 -12 -13 13 -15
leaf_value=-0.050105691033528833 -0.0502113966528707 0.051278639327135903 0.051271317021139601 0.051294670155409998 0.051275979592129289 0.051275979592129178 -0.050369215842617665 0.051266479082405107 -0.05013264985983882 0.051269314993994841 -0.050110183535963027 -0.050105691033528868 -0.050105691033527702 -0.050105691033527758
leaf_weight=0.36835853243246619 0.088567139348017188 8.2598572373390216 6.6988279521465302 2.1631352007389069 0.91666379570960999 0.30555459856987 0.048819501884281635 6.674575060606001 0.057114566909149289 6.3847522437572479 0.047582628205418587 2.0922764642164111 0.042098117992281914 0.044203023891896009
leaf_count=175 30 27 22 7 3 1 13 22 22 21 22 994 20 21
internal_value=0.0430035 0.0504973 0.0488978 0.0445146 0.0344988 0.00641637 -0.0502048 0.051272 -0.0501632 0.0512679 -0.0501224 -0.0501057 -0.0501057 -0.0501057
internal_weight=34.1924 31.6454 10.3263 3.62744 1.4643 0.547638 0.242084 21.3192 0.193264 13.0593 0.104697 2.54694 0.45466 0.0863011
internal_count=1400 190 120 98 91 88 87 70 74 43 44 1210 216 41
is_linear=0
shrinkage=0.05


Tree=72
num_leaves=15
num_cat=0
split_feature=10 11 7 13 17 17 3 2 3 1 4 1 3 2
split_gain=9.067 0.0148903 0.0407956 0.0935259 0.262065 0.528836 5.69583e-07 2.01943e-07 1.3086e-07 1.24187e-08 4.50747e-09 4.44089e-16 1.11022e-16 5.55112e-17
threshold=1.0000000180025095e-35 1.0000000180025095e-35 1.0000000180025095e-35 0.10935000000000002 0.23030000000000003 0.22665000000000005 15449.115000000002 20297.310000000001 5076.0200000000013 5.5000000000000009 21831.170000000002 1.5000000000000002 2672.2300000000005 4444.5800000000008
decision_type=2 2 2 2 2 2 2 2 2 2 2 2 2 2
left_child=11 2 3 4 5 6 8 -3 -2 -9 -10 12 13 -1
right_child=1 7 -4 -5 -6 -7 -8 9 10 -11 -12 -13 -14 -15
leaf_value=-0.050100529565005408 -0.050201110414143671 0.051216318436786756 0.051207780312812895 0.051229944024628417 0.051212205127564338 0.051212205127564227 -0.050351202079763735 0.0512039448811107 -0.050126160941630728 0.051206883478303857 -0.050104799087311053 -0.050100529565005547 -0.050100529565004839 -0.050100529565005193
leaf_weight=0.13416411471553091 0.084264496574180336 5.8327563107013729 6.3798292577266693 2.0601720213890076 0.87301602959632874 0.29100534319877625 0.046454741968773305 7.8061078786849958 0.054335910710506141 6.665113091468811 0.045266736997291446 2.0905572501942515 0.068083282094448805 0.13015921576879919
leaf_count=67 30 20 22 7 3 1 13 27 22 23 22 1044 34 65
internal_value=0.0429539 0.050435 0.0488381 0.0444617 0.0344615 0.0064107 -0.0501948 0.0512085 -0.0501553 0.0512053 -0.0501165 -0.0501005 -0.0501005 -0.0501005
internal_weight=32.5613 30.1383 9.83434 3.45452 1.39434 0.521327 0.230322 20.304 0.183867 14.4712 0.0996026 2.42296 0.332407 0.264323
internal_count=1400 190 120 98 91 88 87 70 74 50 44 1210 166 132
is_linear=0
shrinkage=0.05


Tree=73
num_leaves=13
num_cat=0
split_feature=10 11 7 13 17 17 3 13 3 16 4 2
split_gain=8.61531 0.0141366 0.0387333 0.0887836 0.24889 0.502658 4.90326e-07 1.73525e-07 1.12748e-07 2.72081e-08 3.87806e-09 4.44089e-16
threshold=1.0000000180025095e-35 1.0000000180025095e-35 1.0000000180025095e-35 0.10935000000000002 0.23030000000000003 0.22665000000000005 15449.115000000002 0.21280000000000002 5076.0200000000013 1573.5300000000002 21831.170000000002 13912.490000000002
decision_type=2 2 2 2 2 2 2 2 2 2 2 2
left_child=11 2 3 4 5 6 8 9 -2 -3 -10 -1
right_child=1 7 -4 -5 -6 -7 -8 -9 10 -11 -12 -13
leaf_value=-0.050095614797156657 -0.050191325075635562 0.051142621387700316 0.051147488270358178 0.051168529476674496 0.051151681738163472 0.051151681738163347 -0.050334067198044952 0.051155600295436879 -0.050119993067524175 0.051147098043618326 -0.050099678221233804 -0.050095614797156768
leaf_weight=1.2820454603061109 0.080170102999547632 6.0510258078575152 6.0756544470787048 1.9619890153408048 0.83139628171920776 0.27713209390640259 0.044203781057149172 5.5547661781311026 0.05169211677275598 7.7301526069641113 0.043063342571258545 1.0229694088920949
leaf_count=673 30 22 22 7 3 1 13 20 22 28 22 537
internal_value=0.0429068 0.0503759 0.0487814 0.0444115 0.0344261 0.0064053 -0.0501853 0.0511481 -0.0501477 0.0511451 -0.0501108 -0.0500956
internal_weight=31.0063 28.7012 9.3653 3.28965 1.32766 0.496261 0.219129 19.3359 0.174926 13.7812 0.0947555 2.30501
internal_count=1400 190 120 98 91 88 87 70 74 50 44 1210
is_linear=0
shrinkage=0.05


Tree=74
num_leaves=15
num_cat=0
split_feature=10 11 7 13 17 17 3 1 3 13 4 2 2 2
split_gain=8.18657 0.0134223 0.0367788 0.0842901 0.236397 0.477794 4.2209e-07 1.49347e-07 9.7132e-08 1.01062e-08 3.33778e-09 4.44089e-16 4.44089e-16 1.38778e-17
threshold=1.0000000180025095e-35 1.0000000180025095e-35 1.0000000180025095e-35 0.10935000000000002 0.23030000000000003 0.22665000000000005 15449.115000000002 2.5000000000000004 5076.0200000000013 0.061150000000000003 21831.170000000002 41721.950000000004 40855.255000000012 47228.010000000009
decision_type=2 2 2 2 2 2 2 2 2 2 2 2 2 2
left_child=11 2 3 4 5 6 8 -3 -2 -9 -10 12 -1 -13
right_child=1 7 -4 -5 -6 -7 -8 9 10 -11 -12 13 -14 -15
leaf_value=-0.050090939569270167 -0.050182012794298896 0.051097983901305224 0.051090276771028564 0.051110247191441353 0.051094257453516145 0.051094257453516014 -0.050317767010682003 0.051089163793817075 -0.050114129653628173 0.051086330810039882 -0.050094806860839752 -0.05009093956926966 -0.050090939569269105 -0.05009093956926889
leaf_weight=2.0460068596294185 0.076273954706268521 5.2896857857704189 5.7856497764587402 1.8683761358261106 0.79171505570411682 0.26390501856803894 0.042061214451678097 7.881854444742201 0.049176672007888556 5.2414688766002655 0.040967000764794648 0.072489171288907417 0.038056814926676341 0.036244585644453764
leaf_count=1129 30 20 22 7 3 1 13 30 22 20 22 40 21 20
internal_value=0.0428621 0.0503198 0.0487276 0.0443638 0.0343924 0.00640018 -0.0501763 0.0510909 -0.0501405 0.051088 -0.0501053 -0.0500909 -0.0500909 -0.0500909
internal_weight=29.5239 27.3311 8.91812 3.13248 1.2641 0.472384 0.208479 18.413 0.166418 13.1233 0.0901437 2.1928 2.08406 0.108734
internal_count=1400 190 120 98 91 88 87 70 74 50 44 1210 1150 60
is_linear=0
shrinkage=0.05


Tree=75
num_leaves=12
num_cat=0
split_feature=10 11 7 13 17 17 3 15 3 13 4
split_gain=7.77958 0.0127453 0.0349259 0.080032 0.224548 0.454176 3.63353e-07 1.28357e-07 8.36729e-08 1.41761e-08 2.87255e-09
threshold=1.0000000180025095e-35 1.0000000180025095e-35 1.0000000180025095e-35 0.10935000000000002 0.23030000000000003 0.22665000000000005 15449.115000000002 1.0000000180025095e-35 5076.0200000000013 0.071300000000000016 21831.170000000002
decision_type=2 2 2 2 2 2 2 2 2 2 2
left_child=-1 2 3 4 5 6 8 -3 -2 -9 -10
right_child=1 7 -4 -5 -6 -7 -8 9 10 -11 -12
leaf_value=-0.050086498057971808 -0.050173152396193993 0.051043295864158289 0.051035972331321157 0.051054934853185407 0.051039749508988166 0.051039749508988035 -0.050302263868203217 0.051035214274197251 -0.050108553318103655 0.051031775585144594 -0.050090174795442692
leaf_weight=2.0860337687190649 0.072566518560053916 5.0369830876588848 5.5091884136199951 1.7791312485933302 0.75388661026954651 0.2512955367565155 0.040021886117756367 7.5072971135377866 0.046783372876234353 4.9888919293880463 0.038972529931925237
leaf_count=1210 30 20 22 7 3 1 13 30 22 20 22
internal_value=0.0428196 0.0502665 0.0486766 0.0443186 0.0343605 0.00639532 -0.0501677 0.0510366 -0.0501336 0.0510338 -0.0501002
internal_weight=28.1111 26.025 8.49185 2.98266 1.20353 0.44964 0.198344 17.5332 0.158322 12.4962 0.0857559
internal_count=1400 190 120 98 91 88 87 70 74 50 44
is_linear=0
shrinkage=0.05


Tree=76
num_leaves=13
num_cat=0
split_feature=10 11 7 13 17 17 3 13 3 16 4 2
split_gain=7.39319 0.0121035 0.0331693 0.0759959 0.213308 0.431741 3.12791e-07 1.10402e-07 7.20873e-08 1.73441e-08 2.47099e-09 2.22045e-16
threshold=1.0000000180025095e-35 1.0000000180025095e-35 1.0000000180025095e-35 0.10935000000000002 0.23030000000000003 0.22665000000000005 15449.115000000002 0.21280000000000002 5076.0200000000013 4248.505000000001 21831.170000000002 11124.595000000001
decision_type=2 2 2 2 2 2 2 2 2 2 2 2
left_child=11 2 3 4 5 6 8 9 -2 -3 -10 -1
right_child=1 7 -4 -5 -6 -7 -8 -9 10 -11 -12 -13
leaf_value=-0.050082272625379932 -0.050164725102862101 0.050980636859332532 0.050984423973883634 0.051002432092745166 0.05098801186980572 0.050988011869805588 -0.050287517973263432 0.050991387856502604 -0.050103244951644255 0.050984466526964589 -0.050085768664155685 -0.050082272625380092
leaf_weight=0.895467031281444 0.069038712768817456 6.414036378264429 5.2456668019294739 1.6940601766109464 0.7178284227848053 0.23927614092826843 0.03808087739162147 4.7961283922195426 0.04450631607323885 5.4843495935201645 0.037074995925650001 1.0889928732067344
leaf_count=546 30 27 22 7 3 1 13 20 22 23 22 664
internal_value=0.0427793 0.050216 0.0486281 0.0442757 0.0343302 0.0063907 -0.0501595 0.050985 -0.0501271 0.0509824 -0.0500953 -0.0500823
internal_weight=26.7645 24.78 8.08553 2.83987 1.14581 0.427977 0.188701 16.6945 0.15062 11.8984 0.0815813 1.98446
internal_count=1400 190 120 98 91 88 87 70 74 50 44 1210
is_linear=0
shrinkage=0.05


Tree=77
num_leaves=13
num_cat=0
split_feature=10 11 7 13 17 17 3 15 3 13 4 2
split_gain=7.02632 0.011495 0.0315035 0.0721696 0.202644 0.410427 2.69254e-07 9.48459e-08 6.20969e-08 1.0497e-08 2.12632e-09 4.44089e-16
threshold=1.0000000180025095e-35 1.0000000180025095e-35 1.0000000180025095e-35 0.10935000000000002 0.23030000000000003 0.22665000000000005 15449.115000000002 1.0000000180025095e-35 5076.0200000000013 0.071300000000000016 21831.170000000002 11307.490000000002
decision_type=2 2 2 2 2 2 2 2 2 2 2 2
left_child=11 2 3 4 5 6 8 -3 -2 -9 -10 -1
right_child=1 7 -4 -5 -6 -7 -8 9 10 -11 -12 -13
leaf_value=-0.050078253888070814 -0.05015670605997561 0.050942107287761933 0.050935491492972024 0.050952593556482684 0.05093889828939796 0.050938898289397821 -0.050273489628357995 0.050934812472926687 -0.050098200219245215 0.050931704710659699 -0.050081578880735944 -0.050078253888070967
leaf_weight=0.87682415964082139 0.065681889303962793 4.5665157586336127 4.9945052862167358 1.6129763573408125 0.68346127867698669 0.22782042622566223 0.036233504069969058 6.8059380501508695 0.042339873500168324 4.5227386504411697 0.035269702901132405 1.011000098660588
leaf_count=562 30 20 22 7 3 1 13 30 22 20 22 648
internal_value=0.0427411 0.050168 0.0485821 0.0442349 0.0343014 0.00638631 -0.0501517 0.050936 -0.0501209 0.0509336 -0.0500906 -0.0500783
internal_weight=25.4813 23.5935 7.69829 2.70378 1.09081 0.407345 0.179525 15.8952 0.143291 11.3287 0.0776096 1.88782
internal_count=1400 190 120 98 91 88 87 70 74 50 44 1210
is_linear=0
shrinkage=0.05


Tree=78
num_leaves=13
num_cat=0
split_feature=10 11 7 13 17 17 3 13 3 16 4 0
split_gain=6.67796 0.0109179 0.0299237 0.0685417 0.192526 0.390178 2.31785e-07 8.15902e-08 5.3488e-08 1.28278e-08 1.82926e-09 2.22045e-16
threshold=1.0000000180025095e-35 1.0000000180025095e-35 1.0000000180025095e-35 0.10935000000000002 0.23030000000000003 0.22665000000000005 15449.115000000002 0.21280000000000002 5076.0200000000013 1573.5300000000002 21831.170000000002 2.5000000000000004
decision_type=2 2 2 2 2 2 2 2 2 2 2 2
left_child=11 2 3 4 5 6 8 9 -2 -3 -10 -1
right_child=1 7 -4 -5 -6 -7 -8 -9 10 -11 -12 -13
leaf_value=-0.050074431998629244 -0.050149075326316218 0.050885260520714543 0.050889036072052633 0.050905275914801977 0.050892270987672732 0.050892270987672572 -0.050260147950977031 0.050895322903272491 -0.050093400601989538 0.050888735091042608 -0.050077594354510493 -0.050074431998629536
leaf_weight=0.55954515899066137 0.062487812712791468 4.7356480509042722 4.7551480829715729 1.535700738430023 0.65070909261703491 0.21690303087234497 0.03447529417462647 4.3477382063865653 0.040278693893924356 6.0500508993864059 0.033552181557752192 1.236342486576177
leaf_count=377 30 22 22 7 3 1 13 20 22 28 22 833
internal_value=0.0427047 0.0501224 0.0485384 0.0441962 0.0342741 0.00638215 -0.0501443 0.0508895 -0.050115 0.0508872 -0.0500862 -0.0500744
internal_weight=24.2586 22.4627 7.32925 2.57411 1.03841 0.387697 0.170794 15.1334 0.136319 10.7857 0.0738309 1.79589
internal_count=1400 190 120 98 91 88 87 70 74 50 44 1210
is_linear=0
shrinkage=0.05


Tree=79
num_leaves=14
num_cat=0
split_feature=10 11 7 13 17 17 3 2 3 1 4 2 2
split_gain=6.34714 0.0103706 0.0284251 0.0651013 0.182924 0.370939 1.99522e-07 7.01555e-08 4.60724e-08 4.32978e-09 1.57429e-09 2.22045e-16 1.38778e-17
threshold=1.0000000180025095e-35 1.0000000180025095e-35 1.0000000180025095e-35 0.10935000000000002 0.23030000000000003 0.22665000000000005 15449.115000000002 20297.310000000001 5076.0200000000013 5.5000000000000009 21831.170000000002 40718.770000000011 47228.010000000009
decision_type=2 2 2 2 2 2 2 2 2 2 2 2 2
left_child=11 2 3 4 5 6 8 -3 -2 -9 -10 -1 -13
right_child=1 7 -4 -5 -6 -7 -8 9 10 -11 -12 12 -14
leaf_value=-0.05007079727302069 -0.050141817781206591 0.050850900744516675 0.05084492577591692 0.050860351439799251 0.050847996508576437 0.050847996508576271 -0.050247456469615197 0.050842241426752158 -0.050088838439329875 0.050844301280521642 -0.050073804489615487 -0.050070797273020329 -0.050070797273019031
leaf_weight=1.5869969744235302 0.059448633342984336 4.1392137557268134 4.5270618200302124 1.4620615243911741 0.61949899792671204 0.20649966597557068 0.032801987952552736 5.5388759374618513 0.038317680824548006 4.7294613122940063 0.031918177264742553 0.093186655081808456 0.028238380327820778
leaf_count=1124 30 20 22 7 3 1 13 27 22 23 22 66 20
internal_value=0.0426702 0.0500791 0.048497 0.0441594 0.0342481 0.00637819 -0.0501373 0.0508454 -0.0501094 0.0508432 -0.050082 -0.0500708 -0.0500708
internal_weight=23.0936 21.3852 6.97761 2.45055 0.988485 0.368986 0.162486 14.4076 0.129684 10.2683 0.0702359 1.70842 0.121425
internal_count=1400 190 120 98 91 88 87 70 74 50 44 1210 86
is_linear=0
shrinkage=0.05


Tree=80
num_leaves=15
num_cat=0
split_feature=10 11 7 13 17 17 3 14 3 3 4 2 0 2
split_gain=6.03295 0.00985142 0.0270035 0.0618381 0.173811 0.352659 1.71745e-07 6.03152e-08 3.96806e-08 2.71093e-09 1.35449e-09 4.44089e-16 1.11022e-16 5.55112e-17
threshold=1.0000000180025095e-35 1.0000000180025095e-35 1.0000000180025095e-35 0.10935000000000002 0.23030000000000003 0.22665000000000005 15449.115000000002 0.55000000000000016 5076.0200000000013 12625.055000000002 21831.170000000002 9469.1150000000034 2.5000000000000004 5811.0300000000016
decision_type=2 2 2 2 2 2 2 2 2 2 2 2 2 2
left_child=11 2 3 4 5 6 8 -3 -2 -9 -10 12 13 -1
right_child=1 7 -4 -5 -6 -7 -8 9 10 -11 -12 -13 -14 -15
leaf_value=-0.050067340899053583 -0.050134911304283082 0.050807663882474943 0.050803040048472747 0.050817690704213117 0.050805955249595719 0.050805955249595552 -0.050235382597880844 0.050799979480391166 -0.050084498872054628 0.050801776239844533 -0.050070201411976857 -0.050067340899054485 -0.050067340899054381 -0.050067340899053861
leaf_weight=0.18804090796038764 0.056556883151645976 5.314515307545661 4.3097353130578995 1.3918939828872678 0.58976098895072937 0.19658699631690979 0.031209526117891073 4.2938238531351072 0.036451983731240034 4.1075678914785385 0.030363639467395842 1.0073620069306342 0.3545914264395833 0.075216363184154034
leaf_count=140 30 27 22 7 3 1 13 22 22 21 22 750 264 56
internal_value=0.0426375 0.0500381 0.0484576 0.0441245 0.0342234 0.00637442 -0.0501306 0.0508035 -0.0501041 0.0508009 -0.050078 -0.0500673 -0.0500673 -0.0500673
internal_weight=21.9837 20.3585 6.64256 2.33282 0.94093 0.351169 0.154582 13.7159 0.123373 8.40139 0.0668156 1.62521 0.617849 0.263257
internal_count=1400 190 120 98 91 88 87 70 74 43 44 1210 460 196
is_linear=0
shrinkage=0.05


Tree=81
num_leaves=13
num_cat=0
split_feature=10 11 7 13 17 17 3 13 3 16 4 3
split_gain=5.73453 0.00935886 0.0256546 0.0587427 0.165161 0.335288 1.47843e-07 5.18898e-08 3.4178e-08 8.159e-09 1.16554e-09 2.22045e-16
threshold=1.0000000180025095e-35 1.0000000180025095e-35 1.0000000180025095e-35 0.10935000000000002 0.23030000000000003 0.22665000000000005 15449.115000000002 0.21280000000000002 5076.0200000000013 1573.5300000000002 21831.170000000002 1079.0500000000004
decision_type=2 2 2 2 2 2 2 2 2 2 2 2
left_child=11 2 3 4 5 6 8 9 -2 -3 -10 -1
right_child=1 7 -4 -5 -6 -7 -8 -9 10 -11 -12 -13
leaf_value=-0.050064051319774587 -0.050128341397516846 0.050760020063358682 0.050763263143239951 0.050777178231987588 0.050766032432850695 0.050766032432850522 -0.050223900455491237 0.050768659251951988 -0.050080369978831252 0.050763003346240156 -0.050066771908335445 -0.050064051319776051
leaf_weight=0.11882842308841901 0.053805443807508069 4.0857699513435346 4.1026783138513565 1.3250402361154554 0.56142805516719818 0.18714268505573273 0.029694035765714943 3.7512807399034491 0.034676985931582749 5.2198948860168457 0.028884715284220874 1.4272188020404426
leaf_count=93 30 22 22 7 3 1 13 20 22 28 22 1117
internal_value=0.0426064 0.0499991 0.0484202 0.0440914 0.0342 0.00637085 -0.0501242 0.0507637 -0.050099 0.0507617 -0.0500742 -0.0500641
internal_weight=20.9263 19.3803 6.32335 2.22067 0.895632 0.334204 0.147061 13.0569 0.117367 9.30566 0.0635617 1.54605
internal_count=1400 190 120 98 91 88 87 70 74 50 44 1210
is_linear=0
shrinkage=0.05


Tree=82
num_leaves=15
num_cat=0
split_feature=10 11 7 13 17 17 3 15 3 13 4 1 2 2
split_gain=5.45107 0.00889151 0.0243746 0.055806 0.15695 0.318781 1.27262e-07 4.46388e-08 2.94354e-08 4.94697e-09 1.003e-09 2.22045e-16 2.77556e-17 2.77556e-17
threshold=1.0000000180025095e-35 1.0000000180025095e-35 1.0000000180025095e-35 0.10935000000000002 0.23030000000000003 0.22665000000000005 15449.115000000002 1.0000000180025095e-35 5076.0200000000013 0.071300000000000016 21831.170000000002 1.5000000000000002 8106.4300000000012 7151.9250000000011
decision_type=2 2 2 2 2 2 2 2 2 2 2 2 2 2
left_child=11 2 3 4 5 6 8 -3 -2 -9 -10 12 13 -1
right_child=1 7 -4 -5 -6 -7 -8 9 10 -11 -12 -13 -14 -15
leaf_value=-0.05006092372083764 -0.050122090942183922 0.05073061418996027 0.05072548421209247 0.050738704133835057 0.05072811414613515 0.050728114146134963 -0.050212977614889166 0.050724955489919767 -0.050076444966193803 0.050722542798493343 -0.050063511741213818 -0.050060923720838882 -0.050060923720837272 -0.050060923720837328
leaf_weight=0.13978061906527983 0.051187543082053977 3.5709421187639228 3.905421569943428 1.2613489031791685 0.53443600237369537 0.17814533412456512 0.028251830139197409 5.3218324929475767 0.032988289836794138 3.5363980829715729 0.027477735187858343 1.2689649243839083 0.030387091101147234 0.031602574745193124
leaf_count=115 30 20 22 7 3 1 13 30 22 20 22 1044 25 26
internal_value=0.0425768 0.049962 0.0483847 0.0440599 0.0341778 0.00636745 -0.0501182 0.0507259 -0.0500942 0.050724 -0.0500706 -0.0500609 -0.0500609 -0.0500609
internal_weight=19.9192 18.4484 6.01926 2.11384 0.852487 0.318051 0.139905 12.4292 0.111654 8.85823 0.060466 1.47074 0.20177 0.171383
internal_count=1400 190 120 98 91 88 87 70 74 50 44 1210 166 141
is_linear=0
shrinkage=0.05


Tree=83
num_leaves=13
num_cat=0
split_feature=10 11 7 13 17 17 3 13 3 16 4 2
split_gain=5.1818 0.00844802 0.0231598 0.0530195 0.149154 0.303094 1.09546e-07 3.83825e-08 2.5348e-08 6.03922e-09 8.63145e-10 2.22045e-16
threshold=1.0000000180025095e-35 1.0000000180025095e-35 1.0000000180025095e-35 0.10935000000000002 0.23030000000000003 0.22665000000000005 15449.115000000002 0.21280000000000002 5076.0200000000013 1573.5300000000002 21831.170000000002 14111.095000000003
decision_type=2 2 2 2 2 2 2 2 2 2 2 2
left_child=11 2 3 4 5 6 8 9 -2 -3 -10 -1
right_child=1 7 -4 -5 -6 -7 -8 -9 10 -11 -12 -13
leaf_value=-0.05005794736158508 -0.050116143317636141 0.050686671226889614 0.050689599841762537 0.050702161181009522 0.050692098944564501 0.050692098944564307 -0.050202587802074622 0.050694477313608849 -0.050072712757723382 0.050689367569692993 -0.050060411761702464 -0.050057947361585212
leaf_weight=0.796670537674802 0.04869672982022466 3.702147573232649 3.7175153642892838 1.2006751298904417 0.50872331857681274 0.16957443952560425 0.026879393612034619 3.399163529276847 0.031381713110022247 4.7298465222120285 0.026139208464883268 0.60241705388762057
leaf_count=689 30 22 22 7 3 1 13 20 22 28 22 521
internal_value=0.0425487 0.0499268 0.0483509 0.04403 0.0341566 0.00636423 -0.0501124 0.05069 -0.0500896 0.0506882 -0.0500671 -0.0500579
internal_weight=18.9598 17.5607 5.72959 2.01207 0.811395 0.302671 0.133097 11.8312 0.106218 8.43199 0.0575209 1.39909
internal_count=1400 190 120 98 91 88 87 70 74 50 44 1210
is_linear=0
shrinkage=0.05


Tree=84
num_leaves=13
num_cat=0
split_feature=10 11 7 13 17 17 3 1 3 13 4 2
split_gain=4.926 0.0080271 0.0220068 0.0503751 0.141752 0.288185 9.42986e-08 3.303e-08 2.18315e-08 2.23798e-09 7.42783e-10 4.44089e-16
threshold=1.0000000180025095e-35 1.0000000180025095e-35 1.0000000180025095e-35 0.10935000000000002 0.23030000000000003 0.22665000000000005 15449.115000000002 2.5000000000000004 5076.0200000000013 0.061150000000000003 21831.170000000002 6082.1350000000011
decision_type=2 2 2 2 2 2 2 2 2 2 2 2
left_child=11 2 3 4 5 6 8 -3 -2 -9 -10 -1
right_child=1 7 -4 -5 -6 -7 -8 9 10 -11 -12 -13
leaf_value=-0.050055120402835544 -0.050110487466085853 0.050660153098860454 0.050655517638844849 0.050667449665890832 0.050657889209880153 0.050657889209879951 -0.050192707011958271 0.050654849823987838 -0.050069161254267629 0.050653145102457546 -0.050057461595761167 -0.05005512040283612
leaf_weight=0.28818410751410084 0.046326858690011075 3.2355265468358985 3.5385293364524841 1.1428802311420438 0.4842311292886734 0.1614103764295578 0.025573377031832933 4.8205013424158079 0.029853272368200123 3.2055030167102814 0.024865812622010708 1.0427424958907066
leaf_count=262 30 20 22 7 3 1 13 30 22 20 22 948
internal_value=0.042522 0.0498934 0.0483189 0.0440015 0.0341366 0.00636116 -0.0501069 0.0506559 -0.0500852 0.0506542 -0.0500638 -0.0500551
internal_weight=18.0461 16.7152 5.45367 1.91514 0.772261 0.28803 0.126619 11.2615 0.101046 8.026 0.0547191 1.33093
internal_count=1400 190 120 98 91 88 87 70 74 50 44 1210
is_linear=0
shrinkage=0.05


Tree=85
num_leaves=12
num_cat=0
split_feature=10 11 7 13 17 17 3 14 3 3 4
split_gain=4.68297 0.00762759 0.0209123 0.0478655 0.134723 0.274016 8.11704e-08 2.83926e-08 1.88021e-08 1.27457e-09 6.3919e-10
threshold=1.0000000180025095e-35 1.0000000180025095e-35 1.0000000180025095e-35 0.10935000000000002 0.23030000000000003 0.22665000000000005 15449.115000000002 0.55000000000000016 5076.0200000000013 12625.055000000002 21831.170000000002
decision_type=2 2 2 2 2 2 2 2 2 2 2
left_child=-1 2 3 4 5 6 8 -3 -2 -9 -10
right_child=1 7 -4 -5 -6 -7 -8 9 10 -11 -12
leaf_value=-0.050052430587464981 -0.050105105883626377 0.050626726386000791 0.050623137474722107 0.050634474841907764 0.050625388631038062 0.05062538863103784 -0.050183305660602653 0.050620762862116898 -0.050065782706684492 0.050622156509230222 -0.050054655105188077
leaf_weight=1.2660829280503119 0.044072085642254843 4.1534281075000745 3.368051752448082 1.0878314226865766 0.46090315282344818 0.15363438427448273 0.024330590735189617 3.3555315434932709 0.028399179223924875 3.2100223898887634 0.023654384887777269
leaf_count=1210 30 27 22 7 3 1 13 22 22 21 22
internal_value=0.0424967 0.0498616 0.0482884 0.0439745 0.0341175 0.00635824 -0.0501017 0.0506235 -0.0500811 0.0506214 -0.0500607
internal_weight=17.1759 15.9099 5.19088 1.82283 0.734994 0.274091 0.120456 10.719 0.0961256 6.56555 0.0520536
internal_count=1400 190 120 98 91 88 87 70 74 43 44
is_linear=0
shrinkage=0.05


Tree=86
num_leaves=13
num_cat=0
split_feature=10 11 7 13 17 17 3 4 3 12 4 2
split_gain=4.45206 0.00724834 0.0198732 0.0454833 0.128049 0.260549 6.98709e-08 2.44395e-08 1.61917e-08 1.68086e-09 5.50131e-10 2.22045e-16
threshold=1.0000000180025095e-35 1.0000000180025095e-35 1.0000000180025095e-35 0.10935000000000002 0.23030000000000003 0.22665000000000005 15449.115000000002 15142.640000000001 5076.0200000000013 3130.5750000000003 21831.170000000002 4253.6850000000004
decision_type=2 2 2 2 2 2 2 2 2 2 2 2
left_child=11 2 3 4 5 6 8 -3 -2 -9 -10 -1
right_child=1 7 -4 -5 -6 -7 -8 9 10 -11 -12 -13
leaf_value=-0.050049864639753132 -0.050099985124760493 0.050596568123759046 0.05059237516037849 0.050603152110132867 0.050594519070487003 0.050594519070486767 -0.050174363645119548 0.05059177997613748 -0.050062569980375261 0.050590227787977331 -0.050051985619480904 -0.05004986463975411
leaf_weight=0.17418942006770777 0.041926841135135784 2.9312257617712003 3.205688863992691 1.0354016423225401 0.43868538737297058 0.14622846245765686 0.023147994419559836 4.3671032637357712 0.027015823987312615 2.9039284139871597 0.022501916682813317 1.030205998686142
leaf_count=175 30 20 22 7 3 1 13 30 22 20 22 1035
internal_value=0.0424726 0.0498315 0.0482595 0.0439489 0.0340994 0.00635547 -0.0500968 0.0505927 -0.0500771 0.0505912 -0.0500578 -0.0500499
internal_weight=16.3472 15.1429 4.9406 1.73491 0.699506 0.260821 0.114593 10.2023 0.0914446 7.27103 0.0495177 1.2044
internal_count=1400 190 120 98 91 88 87 70 74 50 44 1210
is_linear=0
shrinkage=0.05


Tree=87
num_leaves=13
num_cat=0
split_feature=10 11 7 13 17 17 3 13 3 16 4 2
split_gain=4.23265 0.00688828 0.0188867 0.0432219 0.12171 0.247749 6.01437e-08 2.10308e-08 1.39422e-08 3.30954e-09 4.73473e-10 2.22045e-16
threshold=1.0000000180025095e-35 1.0000000180025095e-35 1.0000000180025095e-35 0.10935000000000002 0.23030000000000003 0.22665000000000005 15449.115000000002 0.21280000000000002 5076.0200000000013 4248.505000000001 21831.170000000002 11021.500000000002
decision_type=2 2 2 2 2 2 2 2 2 2 2 2
left_child=11 2 3 4 5 6 8 9 -2 -3 -10 -1
right_child=1 7 -4 -5 -6 -7 -8 -9 10 -11 -12 -13
leaf_value=-0.050047433238454397 -0.050095113669204619 0.050560984284826443 0.050563151557229014 0.050573391930759652 0.050565187580006027 0.050565187580005777 -0.050165858600648996 0.050567137703373788 -0.050059516041152566 0.050563177848937414 -0.050049448471589743 -0.050047433238454488
leaf_weight=0.50657455518376149 0.039885825477539383 3.7303817719221097 3.0510635226964951 0.98546944558620453 0.41752642393112183 0.13917547464370728 0.022022692486643791 2.7898736745119095 0.025699775549583137 3.1899026334285736 0.021405543084256351 0.63913612102624029
leaf_count=535 30 27 22 7 3 1 13 20 22 23 22 675
internal_value=0.0424498 0.0498028 0.048232 0.0439245 0.0340821 0.00635284 -0.050092 0.0505635 -0.0500734 0.050562 -0.0500549 -0.0500474
internal_weight=15.5581 14.4124 4.70225 1.65119 0.665716 0.248189 0.109014 9.71016 0.0869911 6.92028 0.0471053 1.14571
internal_count=1400 190 120 98 91 88 87 70 74 50 44 1210
is_linear=0
shrinkage=0.05


Tree=88
num_leaves=14
num_cat=0
split_feature=10 11 7 13 17 17 3 15 3 13 4 1 3
split_gain=4.02417 0.00654641 0.01795 0.041075 0.115689 0.235581 5.1767e-08 1.80775e-08 1.20057e-08 2.00469e-09 4.07446e-10 2.22045e-16 5.55112e-17
threshold=1.0000000180025095e-35 1.0000000180025095e-35 1.0000000180025095e-35 0.10935000000000002 0.23030000000000003 0.22665000000000005 15449.115000000002 1.0000000180025095e-35 5076.0200000000013 0.071300000000000016 21831.170000000002 5.5000000000000009 14250.045000000002
decision_type=2 2 2 2 2 2 2 2 2 2 2 2 2
left_child=11 2 3 4 5 6 8 -3 -2 -9 -10 -1 -13
right_child=1 7 -4 -5 -6 -7 -8 9 10 -11 -12 12 -14
leaf_value=-0.050045119631970517 -0.050090480456821289 0.050539173088814573 0.050535384859395155 0.050545116786375299 0.050537316696911208 0.050537316696910951 -0.050157766033343265 0.050534997206304832 -0.050056610992064245 0.050533216017843156 -0.050047035557827316 -0.05004511963197044 -0.050045119631969684
leaf_weight=0.77552820072742246 0.037943991716018699 2.6552378386259061 2.9038157910108566 0.93791870772838593 0.39737690985202789 0.13245896995067596 0.020951927348505706 3.9569460302591324 0.024447765958029777 2.6293541491031647 0.020362539507914335 0.26121158909518272 0.053143047436606139
leaf_count=861 30 20 22 7 3 1 13 30 22 20 22 290 59
internal_value=0.042428 0.0497756 0.0482059 0.0439014 0.0340658 0.00635034 -0.0500876 0.0505357 -0.0500698 0.0505343 -0.0500523 -0.0500451 -0.0500451
internal_weight=14.8067 13.7168 4.47528 1.57146 0.633542 0.236165 0.103706 9.24154 0.0827543 6.5863 0.0448103 1.08988 0.314355
internal_count=1400 190 120 98 91 88 87 70 74 50 44 1210 349
is_linear=0
shrinkage=0.05


Tree=89
num_leaves=12
num_cat=0
split_feature=10 11 7 13 17 17 3 13 3 16 4
split_gain=3.82605 0.00622179 0.0170604 0.0390365 0.10997 0.224016 4.45617e-08 1.55559e-08 1.03375e-08 2.45057e-09 3.5071e-10
threshold=1.0000000180025095e-35 1.0000000180025095e-35 1.0000000180025095e-35 0.10935000000000002 0.23030000000000003 0.22665000000000005 15449.115000000002 0.21280000000000002 5076.0200000000013 1573.5300000000002 21831.170000000002
decision_type=2 2 2 2 2 2 2 2 2 2 2
left_child=-1 2 3 4 5 6 8 9 -2 -3 -10
right_child=1 7 -4 -5 -6 -7 -8 -9 10 -11 -12
leaf_value=-0.050042916772642311 -0.050086070939799193 0.050506838746121531 0.050509000873962644 0.05051824839225743 0.050510841538058786 0.050510841538058515 -0.050150071594464808 0.050512603110538672 -0.050053847380310428 0.050508830847460495 -0.050044738940592276
leaf_weight=1.0367730818688876 0.036096538649870835 2.7520866990089399 2.7636014968156815 0.89263839274644852 0.37818977236747742 0.12606325745582581 0.019933070929255337 2.527051255106926 0.023256686283275485 3.5161636024713516 0.01937031332636252
leaf_count=1210 30 22 22 7 3 1 13 20 22 28 22
internal_value=0.0424074 0.0497497 0.0481811 0.0438794 0.0340502 0.00634796 -0.0500833 0.0505093 -0.0500664 0.050508 -0.0500497
internal_weight=14.0912 13.0545 4.25915 1.49555 0.60291 0.22472 0.0986566 8.7953 0.0787235 6.26825 0.042627
internal_count=1400 190 120 98 91 88 87 70 74 50 44
is_linear=0
shrinkage=0.05


Tree=90
num_leaves=13
num_cat=0
split_feature=10 11 7 13 17 17 3 15 3 13 4 2
split_gain=3.63777 0.00591352 0.0162156 0.0371009 0.104537 0.213021 3.83572e-08 1.33837e-08 8.90164e-09 1.4867e-09 3.01735e-10 1.11022e-16
threshold=1.0000000180025095e-35 1.0000000180025095e-35 1.0000000180025095e-35 0.10935000000000002 0.23030000000000003 0.22665000000000005 15449.115000000002 1.0000000180025095e-35 5076.0200000000013 0.071300000000000016 21831.170000000002 19901.280000000002
decision_type=2 2 2 2 2 2 2 2 2 2 2 2
left_child=11 2 3 4 5 6 8 -3 -2 -9 -10 -1
right_child=1 7 -4 -5 -6 -7 -8 9 10 -11 -12 -13
leaf_value=-0.05004081981266293 -0.050081877463844154 0.050487356000702345 0.0504839317765437 0.050492719913394817 0.050485677764433301 0.050485677764433023 -0.050142751118766829 0.050483581137638282 -0.050051217748110569 0.050481969384636109 -0.050042555501805787 -0.050040819812662875
leaf_weight=0.71645717346109528 0.034338891680816941 2.4049737751483899 2.6300916373729706 0.84952238947153091 0.35992001742124557 0.11997333914041519 0.01896362187108025 3.583947628736496 0.02212357718963176 2.381480485200882 0.01842639542883262 0.26979217794723809
leaf_count=879 30 20 22 7 3 1 13 30 22 20 22 331
internal_value=0.0423877 0.0497251 0.0481575 0.0438585 0.0340354 0.0063457 -0.0500792 0.0504842 -0.0500631 0.0504829 -0.0500473 -0.0500408
internal_weight=13.41 12.4238 4.05336 1.42327 0.573746 0.213826 0.0938525 8.3704 0.0748889 5.96543 0.04055 0.986249
internal_count=1400 190 120 98 91 88 87 70 74 50 44 1210
is_linear=0
shrinkage=0.05


Tree=91
num_leaves=15
num_cat=0
split_feature=10 11 7 13 17 17 3 4 3 12 4 0 3 3
split_gain=3.45883 0.00562074 0.0154133 0.0352628 0.0993761 0.20257 3.30166e-08 1.15107e-08 7.66543e-09 7.92879e-10 2.59634e-10 1.11022e-16 1.11022e-16 1.38778e-17
threshold=1.0000000180025095e-35 1.0000000180025095e-35 1.0000000180025095e-35 0.10935000000000002 0.23030000000000003 0.22665000000000005 15449.115000000002 15142.640000000001 5076.0200000000013 3130.5750000000003 21831.170000000002 2.5000000000000004 10271.420000000002 11986.175000000001
decision_type=2 2 2 2 2 2 2 2 2 2 2 2 2 2
left_child=11 2 3 4 5 6 8 -3 -2 -9 -10 -1 -13 -14
right_child=1 7 -4 -5 -6 -7 -8 9 10 -11 -12 12 13 -15
leaf_value=-0.050038827120668421 -0.050077888806378881 0.050463361996597914 0.050460106629806767 0.050468461163851876 0.050461766816909448 0.050461766816909163 -0.050135788104516743 0.050459643595533336 -0.050048716810531295 0.05045843712373263 -0.050040478349786734 -0.050038827120668622 -0.050038827120667741 -0.0500388271206679
leaf_weight=0.29231077770236957 0.032666701183187152 2.2887443080544472 2.5029719918966293 0.80846932530403137 0.34252464026212692 0.11417488008737564 0.018041197443380952 3.4097786098718643 0.021045621600933373 2.2673162296414375 0.017528438940644264 0.53344778530299664 0.051173770101740956 0.061253452091477811
leaf_count=377 30 20 22 7 3 1 13 30 22 20 22 688 66 79
internal_value=0.0423691 0.0497017 0.0481351 0.0438386 0.0340214 0.00634355 -0.0500754 0.0504604 -0.0500601 0.0504592 -0.050045 -0.0500388 -0.0500388 -0.0500388
internal_weight=12.7614 11.8233 3.85742 1.35445 0.545981 0.203457 0.089282 7.96584 0.0712408 5.67709 0.0385741 0.938186 0.645875 0.112427
internal_count=1400 190 120 98 91 88 87 70 74 50 44 1210 833 145
is_linear=0
shrinkage=0.05


Tree=92
num_leaves=13
num_cat=0
split_feature=10 11 7 13 17 17 3 13 3 16 4 2
split_gain=3.28877 0.00534268 0.0146511 0.033517 0.0944728 0.192634 2.84185e-08 9.90216e-09 6.6006e-09 1.56132e-09 2.23411e-10 1.11022e-16
threshold=1.0000000180025095e-35 1.0000000180025095e-35 1.0000000180025095e-35 0.10935000000000002 0.23030000000000003 0.22665000000000005 15449.115000000002 0.21280000000000002 5076.0200000000013 1573.5300000000002 21831.170000000002 45856.130000000012
decision_type=2 2 2 2 2 2 2 2 2 2 2 2
left_child=11 2 3 4 5 6 8 9 -2 -3 -10 -1
right_child=1 7 -4 -5 -6 -7 -8 -9 10 -11 -12 -13
leaf_value=-0.05003693356401543 -0.050074093907687328 0.050435606722849247 0.050437464745148236 0.050445405084069174 0.050439042687124597 0.050439042687124284 -0.05012916341148338 0.050440560963551255 -0.050046338143318519 0.050437319485476056 -0.050038502660890605 -0.050036933564014063
leaf_weight=0.85853452119045037 0.031075823178978945 2.3719846904277802 2.3819424584507942 0.76938243210315704 0.3259626030921936 0.1086542010307312 0.017163528420496732 2.1780994832515717 0.020020142605062574 3.0305739045143127 0.016674208512995392 0.033928340184502304
leaf_count=1164 30 22 22 7 3 1 13 20 22 28 22 46
internal_value=0.0423514 0.0496795 0.0481138 0.0438197 0.034008 0.00634151 -0.0500717 0.0504377 -0.0500571 0.0504366 -0.0500428 -0.0500369
internal_weight=12.144 11.2515 3.67088 1.28893 0.519551 0.193588 0.0849337 7.58066 0.0677702 5.40256 0.0366944 0.892463
internal_count=1400 190 120 98 91 88 87 70 74 50 44 1210
is_linear=0
shrinkage=0.05


Tree=93
num_leaves=13
num_cat=0
split_feature=10 11 7 13 17 17 3 1 3 13 4 2
split_gain=3.12714 0.00507855 0.0139272 0.0318589 0.0898141 0.183188 2.44623e-08 8.51906e-09 5.68223e-09 5.77863e-10 1.92325e-10 1.11022e-16
threshold=1.0000000180025095e-35 1.0000000180025095e-35 1.0000000180025095e-35 0.10935000000000002 0.23030000000000003 0.22665000000000005 15449.115000000002 2.5000000000000004 5076.0200000000013 0.061150000000000003 21831.170000000002 41527.975000000006
decision_type=2 2 2 2 2 2 2 2 2 2 2 2
left_child=11 2 3 4 5 6 8 -3 -2 -9 -10 -1
right_child=1 7 -4 -5 -6 -7 -8 9 10 -11 -12 -13
leaf_value=-0.050035129904321608 -0.050070481475295518 0.050418891781906672 0.050415946759161917 0.050423495609844007 0.050417448636768794 0.050417448636768475 -0.050122863839879662 0.050415526979474448 -0.05004407770877637 0.050414444659041192 -0.050036623874442993 -0.050035129904320685
leaf_weight=0.80055460875155482 0.02956231549614885 2.0727320685982704 2.2667164206504822 0.73216919600963593 0.31019467860460281 0.10339822620153427 0.016328453610185534 3.0878956988453865 0.019044587505050004 2.0533189252018929 0.015861578402109444 0.048412154254037887
leaf_count=1141 30 20 22 7 3 1 13 30 22 20 22 69
internal_value=0.0423345 0.0496584 0.0480936 0.0438018 0.0339953 0.00633957 -0.0500682 0.0504162 -0.0500544 0.0504151 -0.0500407 -0.0500351
internal_weight=11.5562 10.7072 3.49328 1.22656 0.49439 0.184195 0.0807969 7.21395 0.0644685 5.14121 0.0349062 0.848967
internal_count=1400 190 120 98 91 88 87 70 74 50 44 1210
is_linear=0
shrinkage=0.05


Tree=94
num_leaves=13
num_cat=0
split_feature=10 11 7 13 17 17 3 13 3 16 4 3
split_gain=2.9735 0.00482764 0.0132394 0.030284 0.0853875 0.174208 2.10551e-08 7.3323e-09 4.89327e-09 1.15692e-09 1.65549e-10 1.11022e-16
threshold=1.0000000180025095e-35 1.0000000180025095e-35 1.0000000180025095e-35 0.10935000000000002 0.23030000000000003 0.22665000000000005 15449.115000000002 0.21280000000000002 5076.0200000000013 4248.505000000001 21831.170000000002 3188.5900000000006
decision_type=2 2 2 2 2 2 2 2 2 2 2 2
left_child=11 2 3 4 5 6 8 9 -2 -3 -10 -1
right_child=1 7 -4 -5 -6 -7 -8 -9 10 -11 -12 -13
leaf_value=-0.050033415184473497 -0.050067048429914753 0.050393974376814248 0.050395496038191837 0.05040267103544669 0.050396920890085184 0.050396920890084844 -0.05011686972871171 0.050398296515766133 -0.050041925893633182 0.050395516854432547 -0.050034835423011119 -0.050033415184473698
leaf_weight=0.29900822043418962 0.028122424613682862 2.6372090131044388 2.1570202633738518 0.69674137979745865 0.2951834499835968 0.098394483327865601 0.015533916070125997 1.9724438935518263 0.018116531369742006 2.2551814541220665 0.015088525775354356 0.5085809463635087
leaf_count=448 30 27 22 7 3 1 13 20 22 23 22 762
internal_value=0.0423185 0.0496384 0.0480743 0.0437847 0.0339833 0.00633772 -0.0500649 0.0503957 -0.0500517 0.0503947 -0.0500387 -0.0500334
internal_weight=10.9966 10.189 3.3242 1.16718 0.470439 0.175256 0.0768614 6.86483 0.0613275 4.89239 0.0332051 0.807589
internal_count=1400 190 120 98 91 88 87 70 74 50 44 1210
is_linear=0
shrinkage=0.05


Tree=95
num_leaves=15
num_cat=0
split_feature=10 11 7 13 17 17 3 2 3 1 4 1 2 2
split_gain=2.82747 0.00458928 0.0125861 0.0287878 0.0811812 0.16567 1.81244e-08 6.30613e-09 4.21287e-09 3.91525e-10 1.42408e-10 1.11022e-16 1.11022e-16 1.38778e-17
threshold=1.0000000180025095e-35 1.0000000180025095e-35 1.0000000180025095e-35 0.10935000000000002 0.23030000000000003 0.22665000000000005 15449.115000000002 20297.310000000001 5076.0200000000013 5.5000000000000009 21831.170000000002 6.5000000000000009 39046.860000000008 47091.345000000008
decision_type=2 2 2 2 2 2 2 2 2 2 2 2 2 2
left_child=11 2 3 4 5 6 8 -3 -2 -9 -10 12 -1 -13
right_child=1 7 -4 -5 -6 -7 -8 9 10 -11 -12 13 -14 -15
leaf_value=-0.050031785556137076 -0.050063780850989614 0.050378720992480058 0.050376060165125407 0.050382878877650451 0.050377414627640518 0.050377414627640164 -0.050111171328174699 0.050374864236227494 -0.05003987947503119 0.05037578414989699 -0.050033136875563523 -0.050031785556136681 -0.050031785556135903 -0.050031785556134072
leaf_weight=0.62220034888014275 0.026752579433376278 1.8769504129886625 2.0525928437709808 0.66301468759775162 0.28089317679405212 0.093631058931350708 0.014777956355828792 2.5112014785408974 0.017233664519153535 2.144337996840477 0.014353124715853482 0.092060255701653659 0.0380938989110291 0.015872457879595459
leaf_count=980 30 20 22 7 3 1 13 27 22 23 22 145 60 25
internal_value=0.0423033 0.0496193 0.0480561 0.0437685 0.0339718 0.00633597 -0.0500617 0.0503763 -0.0500492 0.0503753 -0.0500368 -0.0500318 -0.0500318 -0.0500318
internal_weight=10.464 9.69574 3.16325 1.11066 0.447642 0.166748 0.0731173 6.53249 0.0583394 4.65554 0.0315868 0.768227 0.660294 0.107933
internal_count=1400 190 120 98 91 88 87 70 74 50 44 1210 1040 170
is_linear=0
shrinkage=0.05


Tree=96
num_leaves=13
num_cat=0
split_feature=10 11 7 13 17 17 3 14 3 3 4 0
split_gain=2.68866 0.00436283 0.0119653 0.0273665 0.0771841 0.157553 1.55996e-08 5.42823e-09 3.62709e-09 2.43619e-10 1.22571e-10 1.11022e-16
threshold=1.0000000180025095e-35 1.0000000180025095e-35 1.0000000180025095e-35 0.10935000000000002 0.23030000000000003 0.22665000000000005 15449.115000000002 0.55000000000000016 5076.0200000000013 12625.055000000002 21831.170000000002 3.5000000000000004
decision_type=2 2 2 2 2 2 2 2 2 2 2 2
left_child=11 2 3 4 5 6 8 -3 -2 -9 -10 -1
right_child=1 7 -4 -5 -6 -7 -8 9 10 -11 -12 -13
leaf_value=-0.050030233755018742 -0.050060671925821226 0.05035964678975953 0.050357585419283063 0.050364068450348104 0.050358870850061715 0.050358870850061334 -0.050105746441289969 0.050356222752592522 -0.050037933105478855 0.050357022864256279 -0.050031519471730436 -0.050030233755018486
leaf_weight=0.60455616447143334 0.025449381384531122 2.4087653085589409 1.953184962272644 0.63090869039297104 0.26728975027799606 0.089096583425998688 0.014058710308745503 1.9458410218358042 0.016393790021538734 1.8615137338638303 0.01365354482550174 0.12622601236216724
leaf_count=1001 30 27 22 7 3 1 13 22 22 21 22 209
internal_value=0.0422888 0.0496012 0.0480387 0.0437531 0.0339609 0.0063343 -0.0500587 0.0503578 -0.0500468 0.0503566 -0.050035 -0.0500302
internal_weight=9.95694 9.22616 3.01004 1.05685 0.425942 0.158652 0.0695554 6.21612 0.0554967 3.80735 0.0300473 0.730782
internal_count=1400 190 120 98 91 88 87 70 74 43 44 1210
is_linear=0
shrinkage=0.05


Tree=97
num_leaves=15
num_cat=0
split_feature=10 11 7 13 17 17 3 15 3 13 4 0 2 2
split_gain=2.5567 0.00414766 0.0113754 0.0260162 0.0733856 0.149835 1.34274e-08 4.66927e-09 3.12303e-09 5.18322e-10 1.05412e-10 1.11022e-16 1.38778e-17 1.38778e-17
threshold=1.0000000180025095e-35 1.0000000180025095e-35 1.0000000180025095e-35 0.10935000000000002 0.23030000000000003 0.22665000000000005 15449.115000000002 1.0000000180025095e-35 5076.0200000000013 0.071300000000000016 21831.170000000002 3.5000000000000004 41157.365000000005 28979.600000000002
decision_type=2 2 2 2 2 2 2 2 2 2 2 2 2 2
left_child=11 2 3 4 5 6 8 -3 -2 -9 -10 -1 13 -13
right_child=1 7 -4 -5 -6 -7 -8 9 10 -11 -12 12 -14 -15
leaf_value=-0.05002875866419966 -0.050057715390110315 0.050342429771000369 0.050340025569856763 0.050346186767293938 0.050341246794096441 0.050341246794096045 -0.050100588648774647 0.050339777270312205 -0.050036080398107044 0.050338645164589704 -0.050029982135214826 -0.050028758664199258 -0.050028758664196593 -0.050028758664196593
leaf_weight=0.57508814317407164 0.02420959412120105 1.6995365992188451 1.8585587590932846 0.60034669935703278 0.25434064865112305 0.084780216217041016 0.013374400965403765 2.532592810690403 0.015594818629324436 1.6828388050198553 0.012988042668439448 0.089049612579401582 0.015511867997702211 0.015511867997702211
leaf_count=1001 30 20 22 7 3 1 13 30 22 20 22 155 27 27
internal_value=0.0422751 0.049584 0.0480222 0.0437385 0.0339505 0.00633271 -0.0500558 0.0503402 -0.0500445 0.0503393 -0.0500333 -0.0500288 -0.0500288 -0.0500288
internal_weight=9.47432 8.77916 2.86419 1.00563 0.405288 0.150947 0.0661669 5.91497 0.0527925 4.21543 0.0285829 0.695161 0.120073 0.104561
internal_count=1400 190 120 98 91 88 87 70 74 50 44 1210 209 182
is_linear=0
shrinkage=0.05


Tree=98
num_leaves=14
num_cat=0
split_feature=10 11 7 13 17 17 3 13 3 16 4 2 2
split_gain=2.43126 0.00394323 0.010815 0.0247332 0.0697756 0.142496 1.15581e-08 4.01981e-09 2.68872e-09 6.34832e-10 9.07338e-11 1.11022e-16 6.93889e-18
threshold=1.0000000180025095e-35 1.0000000180025095e-35 1.0000000180025095e-35 0.10935000000000002 0.23030000000000003 0.22665000000000005 15449.115000000002 0.21280000000000002 5076.0200000000013 1573.5300000000002 21831.170000000002 41625.115000000005 46914.595000000008
decision_type=2 2 2 2 2 2 2 2 2 2 2 2 2
left_child=11 2 3 4 5 6 8 9 -2 -3 -10 -1 -13
right_child=1 7 -4 -5 -6 -7 -8 -9 10 -11 -12 12 -14
leaf_value=-0.050027356606276788 -0.050054902280117421 0.050321955175110733 0.050323331363377723 0.050329191236828358 0.050324491390488515 0.050324491390488092 -0.050095683477460566 0.050325619087382423 -0.050034319927680627 0.050323222675122875 -0.05002851901841953 -0.050027356606274456 -0.050027356606273665
leaf_weight=0.62575306306826028 0.023030139738692168 1.761057987809181 1.7684874981641769 0.57125543057918549 0.24201482534408569 0.080671608448028564 0.012723338033538312 1.6171880364418028 0.014834759058430791 2.2500661686062813 0.01235496043227613 0.02022084133932367 0.015302258310839534
leaf_count=1145 30 22 22 7 3 1 13 20 22 28 22 37 28
internal_value=0.042262 0.0495676 0.0480065 0.0437245 0.0339407 0.0063312 -0.0500531 0.0503235 -0.0500423 0.0503227 -0.0500317 -0.0500274 -0.0500274
internal_weight=9.01496 8.35368 2.72537 0.956885 0.38563 0.143615 0.0629432 5.62831 0.0502199 4.01112 0.0271897 0.661276 0.0355231
internal_count=1400 190 120 98 91 88 87 70 74 50 44 1210 65
is_linear=0
shrinkage=0.05


Tree=99
num_leaves=14
num_cat=0
split_feature=10 11 7 13 17 17 3 15 3 13 4 2 2
split_gain=2.31201 0.00374898 0.0102824 0.0235142 0.0663446 0.135519 9.94792e-09 3.45787e-09 2.31475e-09 3.83226e-10 7.8169e-11 1.11022e-16 1.11022e-16
threshold=1.0000000180025095e-35 1.0000000180025095e-35 1.0000000180025095e-35 0.10935000000000002 0.23030000000000003 0.22665000000000005 15449.115000000002 1.0000000180025095e-35 5076.0200000000013 0.071300000000000016 21831.170000000002 47228.010000000009 40855.255000000012
decision_type=2 2 2 2 2 2 2 2 2 2 2 2 2
left_child=11 2 3 4 5 6 8 -3 -2 -9 -10 12 -1
right_child=1 7 -4 -5 -6 -7 -8 9 10 -11 -12 -13 -14
leaf_value=-0.050026020894643967 -0.050052226737304133 0.050309639110715267 0.050307461179659944 0.050313032902033053 0.050308565583762913 0.050308565583762468 -0.050091015286200274 0.050307239879406364 -0.050032647177911942 0.050306216837246814 -0.050027126662429047 -0.050026020894639235 -0.050026020894642469
leaf_weight=0.58693227102048684 0.021908088645432255 1.5387860834598539 1.6827546432614326 0.54356507211923599 0.23028266429901123 0.07676088809967041 0.012103912944439799 2.2930295988917355 0.014111719443462789 1.5236475467681883 0.011752720805816352 0.010397383011877537 0.031712018186226487
leaf_count=1129 30 20 22 7 3 1 13 30 22 20 22 20 61
internal_value=0.0422495 0.049552 0.0479916 0.0437113 0.0339313 0.00632977 -0.0500505 0.0503076 -0.0500403 0.0503068 -0.0500301 -0.050026 -0.050026
internal_weight=8.57774 7.9487 2.59324 0.910485 0.36692 0.136637 0.0598764 5.35546 0.0477725 3.81668 0.0258644 0.629042 0.618644
internal_count=1400 190 120 98 91 88 87 70 74 50 44 1210 1190
is_linear=0
shrinkage=0.05


Tree=100
num_leaves=13
num_cat=0
split_feature=10 11 7 13 17 17 3 13 3 16 4 2
split_gain=2.19864 0.00356438 0.00977628 0.0223558 0.0630837 0.128884 8.56327e-09 2.97724e-09 1.99305e-09 4.6909e-10 6.72792e-11 1.11022e-16
threshold=1.0000000180025095e-35 1.0000000180025095e-35 1.0000000180025095e-35 0.10935000000000002 0.23030000000000003 0.22665000000000005 15449.115000000002 0.21280000000000002 5076.0200000000013 1573.5300000000002 21831.170000000002 46677.930000000008
decision_type=2 2 2 2 2 2 2 2 2 2 2 2
left_child=11 2 3 4 5 6 8 9 -2 -3 -10 -1
right_child=1 7 -4 -5 -6 -7 -8 -9 10 -11 -12 -13
leaf_value=-0.050024747198975997 -0.050049680808684729 0.050291133513288448 0.050292377662696279 0.050297673024835982 0.050293428187875425 0.05029342818787496 -0.050086576910931151 0.050294446618421564 -0.050031052701044458 0.050292278582741427 -0.050025801554348041 -0.050024747198972923
leaf_weight=0.58255293162073929 0.020840651297476254 1.5944185703992846 1.6011537313461304 0.5172090083360672 0.21911591291427612 0.073038637638092041 0.011514592741150409 1.4641805216670034 0.013423899654299021 2.037165530025959 0.011179822380654514 0.015824867412447929
leaf_count=1178 30 22 22 7 3 1 13 20 22 28 22 32
internal_value=0.0422377 0.0495372 0.0479774 0.0436987 0.0339224 0.00632841 -0.0500481 0.0502925 -0.0500383 0.0502918 -0.0500287 -0.0500247
internal_weight=8.16162 7.56324 2.46748 0.866323 0.349114 0.129998 0.056959 5.09576 0.0454444 3.63158 0.0246037 0.598378
internal_count=1400 190 120 98 91 88 87 70 74 50 44 1210
is_linear=0
shrinkage=0.05


Tree=101
num_leaves=14
num_cat=0
split_feature=10 11 7 13 17 17 3 13 3 16 4 2 2
split_gain=2.09086 0.00338896 0.00929529 0.021255 0.0599842 0.122576 7.37093e-09 2.55947e-09 1.71576e-09 4.05024e-10 5.78752e-11 1.11022e-16 3.46945e-18
threshold=1.0000000180025095e-35 1.0000000180025095e-35 1.0000000180025095e-35 0.10935000000000002 0.23030000000000003 0.22665000000000005 15449.115000000002 0.21280000000000002 5076.0200000000013 1573.5300000000002 21831.170000000002 45333.580000000009 47228.010000000009
decision_type=2 2 2 2 2 2 2 2 2 2 2 2 2
left_child=11 2 3 4 5 6 8 9 -2 -3 -10 -1 -13
right_child=1 7 -4 -5 -6 -7 -8 -9 10 -11 -12 12 -14
leaf_value=-0.050023543785470651 -0.050047259135995961 0.050276853461746096 0.050278035508548619 0.050283069821416372 0.050279038078472421 0.050279038078471942 -0.050082354827187994 0.050280003990438277 -0.05002953735839677 0.050277944252693711 -0.0500245437862065 -0.050023543785467077 -0.050023543785465419
leaf_weight=0.54615737931453612 0.019825176161248348 1.5170777514576914 1.5234880000352859 0.49212370067834854 0.20848765969276428 0.069495886564254761 0.010953919525491074 1.3931615501642225 0.012769585446221754 1.9383503720164297 0.010634836711687967 0.013642173988046125 0.0094083958538249135
leaf_count=1161 30 22 22 7 3 1 13 20 22 28 22 29 20
internal_value=0.0422265 0.0495232 0.0479639 0.0436867 0.0339139 0.00632711 -0.0500457 0.0502782 -0.0500364 0.0502775 -0.0500273 -0.0500235 -0.0500235
internal_weight=7.76558 7.19637 2.34778 0.824291 0.332167 0.123679 0.0541835 4.84859 0.0432296 3.45543 0.0234044 0.569208 0.0230506
internal_count=1400 190 120 98 91 88 87 70 74 50 44 1210 49
is_linear=0
shrinkage=0.05


Tree=102
num_leaves=14
num_cat=0
split_feature=10 11 7 13 17 17 3 2 3 1 4 1 2
split_gain=1.98838 0.00322224 0.00883816 0.020209 0.0570381 0.116577 6.34417e-09 2.20282e-09 1.47682e-09 1.37546e-10 4.98125e-11 1.11022e-16 2.77556e-17
threshold=1.0000000180025095e-35 1.0000000180025095e-35 1.0000000180025095e-35 0.10935000000000002 0.23030000000000003 0.22665000000000005 15449.115000000002 20297.310000000001 5076.0200000000013 5.5000000000000009 21831.170000000002 4.5000000000000009 34065.100000000013
decision_type=2 2 2 2 2 2 2 2 2 2 2 2 2
left_child=11 2 3 4 5 6 8 -3 -2 -9 -10 -1 -13
right_child=1 7 -4 -5 -6 -7 -8 9 10 -11 -12 12 -14
leaf_value=-0.050022392706546397 -0.050044953894026294 0.050266274173715778 0.050264402696280241 0.050269190754631904 0.050265357058792731 0.050265357058792218 -0.050078336336407625 0.050263560889834108 -0.050028096346578343 0.05026420971060639 -0.0500233464292296 -0.050022392706546251 -0.050022392706545842
leaf_weight=0.29936891508987162 0.018859137548133842 1.3255653008818624 1.4495697841048241 0.46824853867292404 0.19837222248315811 0.066124074161052704 0.010420505655929446 1.7734193354845049 0.012147146335337311 1.5143566280603407 0.010116405697772279 0.17094009800348431 0.071150459640193731
leaf_count=669 30 20 22 7 3 1 13 27 22 23 22 382 159
internal_value=0.0422158 0.0495098 0.0479511 0.0436754 0.0339059 0.00632588 -0.0500435 0.0502646 -0.0500347 0.0502639 -0.0500259 -0.0500224 -0.0500224
internal_weight=7.38866 6.8472 2.23386 0.784288 0.316039 0.117667 0.0515432 4.61334 0.0411227 3.28778 0.0222636 0.541459 0.242091
internal_count=1400 190 120 98 91 88 87 70 74 50 44 1210 541
is_linear=0
shrinkage=0.05


Tree=103
num_leaves=12
num_cat=0
split_feature=10 11 7 13 17 17 3 2 3 1 4
split_gain=1.89096 0.0030638 0.00840369 0.0192148 0.0542376 0.110873 5.46092e-09 1.89583e-09 1.27167e-09 1.17425e-10 4.28382e-11
threshold=1.0000000180025095e-35 1.0000000180025095e-35 1.0000000180025095e-35 0.10935000000000002 0.23030000000000003 0.22665000000000005 15449.115000000002 20297.310000000001 5076.0200000000013 5.5000000000000009 21831.170000000002
decision_type=2 2 2 2 2 2 2 2 2 2 2
left_child=-1 2 3 4 5 6 8 -3 -2 -9 -10
right_child=1 7 -4 -5 -6 -7 -8 9 10 -11 -12
leaf_value=-0.050021301138200649 -0.050042763741611866 0.050253221981404542 0.050251439650270319 0.050255992047689269 0.050252341398010283 0.050252341398009749 -0.050074516511992032 0.050250642600719202 -0.050026723816571264 0.050251257189565572 -0.050022207494811323
leaf_weight=0.51506313582649443 0.017940131714567653 1.2612359896302221 1.3792201280593872 0.44552581757307053 0.18874512612819672 0.062915042042732239 0.0099130286835134029 1.6873514242470267 0.01155503184418194 1.4408625066280363 0.0096232363721355796
leaf_count=1210 30 20 22 7 3 1 13 27 22 23 22
internal_value=0.0422057 0.0494971 0.0479389 0.0436646 0.0338982 0.0063247 -0.0500414 0.0502516 -0.050033 0.0502509 -0.0500247
internal_weight=7.02995 6.51489 2.12544 0.746217 0.300692 0.111946 0.0490314 4.38945 0.0391184 3.12821 0.0211783
internal_count=1400 190 120 98 91 88 87 70 74 50 44
is_linear=0
shrinkage=0.05


Tree=104
num_leaves=13
num_cat=0
split_feature=10 11 7 13 17 17 3 13 3 16 4 2
split_gain=1.79832 0.00291319 0.00799074 0.01827 0.0515755 0.105449 4.70047e-09 1.62999e-09 1.09478e-09 2.57456e-10 3.68334e-11 5.55112e-17
threshold=1.0000000180025095e-35 1.0000000180025095e-35 1.0000000180025095e-35 0.10935000000000002 0.23030000000000003 0.22665000000000005 15449.115000000002 0.21280000000000002 5076.0200000000013 1573.5300000000002 21831.170000000002 9576.0550000000021
decision_type=2 2 2 2 2 2 2 2 2 2 2 2
left_child=11 2 3 4 5 6 8 9 -2 -3 -10 -1
right_child=1 7 -4 -5 -6 -7 -8 -9 10 -11 -12 -13
leaf_value=-0.050020261707370978 -0.050040678640967132 0.050238101682334439 0.050239118690533713 0.050243446028774508 0.050239977262789615 0.05023997726278906 -0.050070881670281654 0.050240810184006002 -0.05002541833715618 0.05023903873038698 -0.050021124530173766 -0.05002026170737104
leaf_weight=0.18828778294846404 0.017065874417312554 1.3067376464605334 1.3122684247791767 0.42390042170882225 0.17958299070596695 0.059860996901988983 0.0094302318466361612 1.2000218145549295 0.010991765710059553 1.6696134135127065 0.0091540987777989358 0.30166537268087268
leaf_count=465 30 22 22 7 3 1 13 20 22 28 22 745
internal_value=0.042196 0.049485 0.0479273 0.0436543 0.033891 0.00632359 -0.0500394 0.0502393 -0.0500314 0.0502386 -0.0500235 -0.0500203
internal_weight=6.68858 6.19863 2.02225 0.709986 0.286086 0.106503 0.046642 4.17637 0.0372117 2.97635 0.0201459 0.489953
internal_count=1400 190 120 98 91 88 87 70 74 50 44 1210
is_linear=0
shrinkage=0.05


Tree=105
num_leaves=15
num_cat=0
split_feature=10 11 7 13 17 17 3 13 3 16 4 2 2 2
split_gain=1.71025 0.00277006 0.00759822 0.017372 0.0490449 0.100291 4.04602e-09 1.40334e-09 9.42525e-10 2.21529e-10 3.1713e-11 1.11022e-16 5.55112e-17 6.93889e-18
threshold=1.0000000180025095e-35 1.0000000180025095e-35 1.0000000180025095e-35 0.10935000000000002 0.23030000000000003 0.22665000000000005 15449.115000000002 0.21280000000000002 5076.0200000000013 4248.505000000001 21831.170000000002 25626.370000000003 16329.245000000001 22016.055000000004
decision_type=2 2 2 2 2 2 2 2 2 2 2 2 2 2
left_child=11 2 3 4 5 6 8 9 -2 -3 -10 12 -1 -14
right_child=1 7 -4 -5 -6 -7 -8 -9 10 -11 -12 -13 13 -15
leaf_value=-0.050019275151541392 -0.050038695148167694 0.05022652619551872 0.050227401335754721 0.050231516336683817 0.050228218811419992 0.050228218811419416 -0.050067424438169361 0.050229011603455526 -0.050024177518926405 0.050227413369577159 -0.050020092512013885 -0.050019275151541032 -0.050019275151540067 -0.050019275151537826
leaf_weight=0.31815800629556168 0.016234189097303564 1.5264614038169391 1.2485522143542767 0.40331990271806717 0.17086360976099968 0.056954536586999893 0.0089709177264012396 1.1417574509978292 0.010455943905981258 1.3053737506270406 0.0087078232027124614 0.1001465879380703 0.034280947409570217 0.013481271453201771
leaf_count=826 30 27 22 7 3 1 13 20 22 23 22 260 89 35
internal_value=0.0421868 0.0494735 0.0479163 0.0436445 0.033884 0.00632253 -0.0500374 0.0502275 -0.0500298 0.0502269 -0.0500223 -0.0500193 -0.0500193 -0.0500193
internal_weight=6.36372 5.89765 1.92406 0.675507 0.272187 0.101323 0.0443689 3.97359 0.035398 2.83184 0.0191638 0.466067 0.36592 0.0477622
internal_count=1400 190 120 98 91 88 87 70 74 50 44 1210 950 124
is_linear=0
shrinkage=0.05


Tree=106
num_leaves=15
num_cat=0
split_feature=10 11 7 13 17 17 3 15 3 13 4 1 2 2
split_gain=1.6265 0.00263399 0.00722513 0.0165184 0.0466391 0.0953858 3.48221e-09 1.20811e-09 8.11406e-10 1.34094e-10 2.73182e-11 5.55112e-17 2.77556e-17 6.93889e-18
threshold=1.0000000180025095e-35 1.0000000180025095e-35 1.0000000180025095e-35 0.10935000000000002 0.23030000000000003 0.22665000000000005 15449.115000000002 1.0000000180025095e-35 5076.0200000000013 0.071300000000000016 21831.170000000002 3.5000000000000004 14613.340000000002 21401.190000000006
decision_type=2 2 2 2 2 2 2 2 2 2 2 2 2 2
left_child=11 2 3 4 5 6 8 -3 -2 -9 -10 12 -1 -14
right_child=1 7 -4 -5 -6 -7 -8 9 10 -11 -12 -13 13 -15
leaf_value=-0.050018332846813597 -0.050036810122085808 0.050217793450006688 0.050216264719425252 0.050220174924498366 0.050217040426812631 0.050217040426812021 -0.050064135395804822 0.050216105812754798 -0.050022999863380435 0.050215385552668551 -0.050019112519254318 -0.050018332846813708 -0.050018332846811835 -0.05001833284680797
leaf_weight=0.15022420120658342 0.015443005744600335 1.0863105580210688 1.1879163719713688 0.38373421877622604 0.16256576031446457 0.05418858677148819 0.0085339473444037139 1.6187286935746672 0.0099462298676371574 1.0755767673254011 0.0082832958432845771 0.26051074892166071 0.024182432389352471 0.0084272112871985883
leaf_count=410 30 20 22 7 3 1 13 30 22 20 22 711 66 23
internal_value=0.0421781 0.0494626 0.0479058 0.0436352 0.0338775 0.00632152 -0.0500356 0.0502164 -0.0500284 0.0502158 -0.0500212 -0.0500183 -0.0500183 -0.0500183
internal_weight=6.05457 5.61123 1.83061 0.642695 0.258961 0.0963951 0.0422065 3.78062 0.0336725 2.69431 0.0182295 0.443345 0.182834 0.0326096
internal_count=1400 190 120 98 91 88 87 70 74 50 44 1210 499 89
is_linear=0
shrinkage=0.05


Tree=107
num_leaves=15
num_cat=0
split_feature=10 11 7 13 17 17 3 15 3 13 4 0 3 2
split_gain=1.54688 0.00250467 0.00687045 0.0157071 0.044352 0.0907213 2.99737e-09 1.04032e-09 6.98445e-10 1.15647e-10 2.35216e-11 5.55112e-17 5.55112e-17 1.38778e-17
threshold=1.0000000180025095e-35 1.0000000180025095e-35 1.0000000180025095e-35 0.10935000000000002 0.23030000000000003 0.22665000000000005 15449.115000000002 1.0000000180025095e-35 5076.0200000000013 0.071300000000000016 21831.170000000002 3.5000000000000004 7792.9700000000012 40718.770000000011
decision_type=2 2 2 2 2 2 2 2 2 2 2 2 2 2
left_child=11 2 3 4 5 6 8 -3 -2 -9 -10 12 -1 -13
right_child=1 7 -4 -5 -6 -7 -8 9 10 -11 -12 13 -14 -15
leaf_value=-0.050017439568991552 -0.050035016074711017 0.05020712730232562 0.050205669706468926 0.050209390103112539 0.050206411759902626 0.050206411759901974 -0.050061008716298074 0.050205521966249049 -0.050021879197154576 0.050204836214920147 -0.050018180803500734 -0.050017439568990935 -0.050017439568991122 -0.050017439568986605
leaf_weight=0.26663080207072187 0.014690354815683926 1.0335445627570155 1.1302134282886982 0.36509570479393005 0.15466924756765366 0.051556415855884552 0.008118236146401614 1.5400987975299361 0.0094613533292431384 1.0233298204839227 0.0078794578148517758 0.063085196306928992 0.082254731096327305 0.0097590358927845955
leaf_count=765 30 20 22 7 3 1 13 30 22 20 22 181 236 28
internal_value=0.0421698 0.0494522 0.0478958 0.0436264 0.0338712 0.00632057 -0.0500339 0.0502058 -0.050027 0.0502052 -0.0500202 -0.0500174 -0.0500174 -0.0500174
internal_weight=5.76039 5.33866 1.74168 0.611471 0.246375 0.0917058 0.0401494 3.59697 0.0320312 2.56343 0.0173408 0.42173 0.348886 0.0728442
internal_count=1400 190 120 98 91 88 87 70 74 50 44 1210 1001 209
is_linear=0
shrinkage=0.05


Tree=108
num_leaves=13
num_cat=0
split_feature=10 11 7 13 17 17 3 13 3 16 4 2
split_gain=1.47116 0.00238173 0.00653331 0.0149359 0.0421776 0.0862855 2.57982e-09 8.9449e-10 6.01317e-10 1.42047e-10 2.02296e-11 5.55112e-17
threshold=1.0000000180025095e-35 1.0000000180025095e-35 1.0000000180025095e-35 0.10935000000000002 0.23030000000000003 0.22665000000000005 15449.115000000002 0.21280000000000002 5076.0200000000013 4248.505000000001 21831.170000000002 41625.115000000005
decision_type=2 2 2 2 2 2 2 2 2 2 2 2
left_child=11 2 3 4 5 6 8 9 -2 -3 -10 -1
right_child=1 7 -4 -5 -6 -7 -8 -9 10 -11 -12 -13
leaf_value=-0.050016590924851771 -0.050033308796901613 0.050194844872027244 0.050195598415436388 0.05019913730992203 0.05019630232418576 0.050196302324185087 -0.050058031836677036 0.050196984088565245 -0.05002081028956086 0.050195610375850443 -0.050017293658045192 -0.050016590924849572
leaf_weight=0.37961804337101046 0.013974362489534209 1.3146414607763297 1.0753025189042091 0.34735892340540886 0.14715481549501419 0.04905160516500473 0.0077227526344358912 0.98333481326699246 0.0090001049684360623 1.1242400221526621 0.007495301717426627 0.021550369274336845
leaf_count=1145 30 27 22 7 3 1 13 20 22 23 22 65
internal_value=0.0421619 0.0494423 0.0478863 0.043618 0.0338653 0.00631965 -0.0500322 0.0501957 -0.0500257 0.0501952 -0.0500192 -0.0500166
internal_weight=5.48045 5.07928 1.65706 0.581758 0.234399 0.0872441 0.0381925 3.42222 0.0304698 2.43888 0.0164954 0.401168
internal_count=1400 190 120 98 91 88 87 70 74 50 44 1210
is_linear=0
shrinkage=0.05


Tree=109
num_leaves=14
num_cat=0
split_feature=10 11 7 13 17 17 3 15 3 13 4 2 2
split_gain=1.39916 0.00226486 0.0062128 0.0142028 0.0401104 0.0820671 2.22065e-09 7.69913e-10 5.17523e-10 8.54681e-11 1.74364e-11 5.55112e-17 5.55112e-17
threshold=1.0000000180025095e-35 1.0000000180025095e-35 1.0000000180025095e-35 0.10935000000000002 0.23030000000000003 0.22665000000000005 15449.115000000002 1.0000000180025095e-35 5076.0200000000013 0.071300000000000016 21831.170000000002 1951.4800000000002 39324.06500000001
decision_type=2 2 2 2 2 2 2 2 2 2 2 2 2
left_child=11 2 3 4 5 6 8 -3 -2 -9 -10 -1 -13
right_child=1 7 -4 -5 -6 -7 -8 9 10 -11 -12 12 -14
leaf_value=-0.050015780209547347 -0.050031683793381569 0.050187341257203658 0.050186022426498972 0.05018938774387556 0.050186691414637219 0.050186691414636511 -0.050055201892010584 0.050185889528620888 -0.050019796529560491 0.050185269897841715 -0.050016449069274965 -0.050015780209549957 -0.05001578020954868
leaf_weight=0.016084355826023855 0.013293245632666761 0.93555084615945849 1.0230496600270271 0.33048059791326523 0.14000412449240685 0.046668041497468948 0.0073465145833324632 1.3940705321729185 0.0085613339906558394 0.92629725113511074 0.0071298687835223964 0.33051774324849248 0.035007127386052161
leaf_count=51 30 20 22 7 3 1 13 30 22 20 22 1048 111
internal_value=0.0421544 0.0494329 0.0478773 0.04361 0.0338596 0.00631879 -0.0500306 0.0501861 -0.0500244 0.0501856 -0.0500183 -0.0500158 -0.0500158
internal_weight=5.21406 4.83245 1.57653 0.553484 0.223003 0.082999 0.036331 3.25592 0.0289844 2.32037 0.0156912 0.381609 0.365525
internal_count=1400 190 120 98 91 88 87 70 74 50 44 1210 1159
is_linear=0
shrinkage=0.05


Tree=110
num_leaves=13
num_cat=0
split_feature=10 11 7 13 17 17 3 1 3 13 4 4
split_gain=1.3307 0.00215376 0.0059081 0.0135059 0.0381449 0.0780555 1.91128e-09 6.62238e-10 4.45539e-10 4.52451e-11 1.49962e-11 5.55112e-17
threshold=1.0000000180025095e-35 1.0000000180025095e-35 1.0000000180025095e-35 0.10935000000000002 0.23030000000000003 0.22665000000000005 15449.115000000002 2.5000000000000004 5076.0200000000013 0.061150000000000003 21831.170000000002 4062.0700000000002
decision_type=2 2 2 2 2 2 2 2 2 2 2 2
left_child=11 2 3 4 5 6 8 -3 -2 -9 -10 -1
right_child=1 7 -4 -5 -6 -7 -8 9 10 -11 -12 -13
leaf_value=-0.050015012586804478 -0.050030139282900322 0.050178170629967433 0.050176916703544364 0.050180116814974002 0.050177551615948807 0.05017755161594805 -0.050052508676374168 0.050176739662537578 -0.050018829881452079 0.050176277487476363 -0.050015646922884252 -0.050015012586804831
leaf_weight=0.083100769814336561 0.012645306851481797 0.89008238539099727 0.97332708165049553 0.31441948190331459 0.13319968432188034 0.044399894773960114 0.0069885872653685501 1.3259299695491793 0.0081439460045658052 0.88166143372654904 0.0067822470737155536 0.27990259291254915
leaf_count=277 30 20 22 7 3 1 13 30 22 20 22 933
internal_value=0.0421473 0.049424 0.0478688 0.0436024 0.0338542 0.00631796 -0.0500292 0.050177 -0.0500232 0.0501766 -0.0500174 -0.050015
internal_weight=4.96058 4.59758 1.49991 0.526579 0.21216 0.07896 0.0345601 3.09767 0.0275715 2.20759 0.0149262 0.363003
internal_count=1400 190 120 98 91 88 87 70 74 50 44 1210
is_linear=0
shrinkage=0.05


Tree=111
num_leaves=13
num_cat=0
split_feature=10 11 7 13 17 17 3 15 3 13 4 2
split_gain=1.2656 0.00204814 0.00561843 0.0128434 0.0362762 0.0742403 1.64502e-09 5.70104e-10 3.83471e-10 6.34022e-11 1.2889e-11 5.55112e-17
threshold=1.0000000180025095e-35 1.0000000180025095e-35 1.0000000180025095e-35 0.10935000000000002 0.23030000000000003 0.22665000000000005 15449.115000000002 1.0000000180025095e-35 5076.0200000000013 0.071300000000000016 21831.170000000002 46677.930000000008
decision_type=2 2 2 2 2 2 2 2 2 2 2 2
left_child=11 2 3 4 5 6 8 -3 -2 -9 -10 -1
right_child=1 7 -4 -5 -6 -7 -8 9 10 -11 -12 -13
leaf_value=-0.050014277804673185 -0.050028669454448151 0.050169451501156793 0.050168258035696293 0.050171302716473069 0.050168861893327046 0.050168861893326248 -0.050049947173772417 0.050168138655052076 -0.050017910901827202 0.050167577706693903 -0.050014885357499698 -0.050014277804667842
leaf_weight=0.33617238985607389 0.012028932367684098 0.84681616723537478 0.92601312324404716 0.29913628473877907 0.12672485411167145 0.042241618037223816 0.0066480814130045465 1.2618419565260413 0.0077469000825658441 0.83843631669878949 0.006451568886404857 0.0091320173814892769
leaf_count=1178 30 20 22 7 3 1 13 30 22 20 22 32
internal_value=0.0421405 0.0494155 0.0478606 0.0435952 0.0338491 0.00631718 -0.0500277 0.0501684 -0.0500221 0.0501679 -0.0500165 -0.0500143
internal_weight=4.71939 4.37409 1.42699 0.500978 0.201842 0.0751171 0.0328755 2.94709 0.0262274 2.10028 0.0141985 0.345304
internal_count=1400 190 120 98 91 88 87 70 74 50 44 1210
is_linear=0
shrinkage=0.05


Tree=112
num_leaves=14
num_cat=0
split_feature=10 11 7 13 17 17 3 1 3 13 4 1 4
split_gain=1.20369 0.00194773 0.00534303 0.0122135 0.0344994 0.070612 1.41605e-09 4.90355e-10 3.30203e-10 3.34608e-11 1.1099e-11 5.55112e-17 5.55112e-17
threshold=1.0000000180025095e-35 1.0000000180025095e-35 1.0000000180025095e-35 0.10935000000000002 0.23030000000000003 0.22665000000000005 15449.115000000002 2.5000000000000004 5076.0200000000013 0.061150000000000003 21831.170000000002 6.5000000000000009 1777.2500000000002
decision_type=2 2 2 2 2 2 2 2 2 2 2 2 2
left_child=11 2 3 4 5 6 8 -3 -2 -9 -10 12 -1
right_child=1 7 -4 -5 -6 -7 -8 9 10 -11 -12 -13 -14
leaf_value=-0.050013583724143808 -0.050027272442979179 0.050161160130060715 0.050160025105559093 0.050162920983489727 0.050160601779981412 0.050160601779980579 -0.050047512113678153 0.0501598657678268 -0.050017036464076819 0.050159448003908536 -0.050014157804759866 -0.050013583724145751 -0.050013583724146653
leaf_weight=0.014658909814897814 0.011442586110206099 0.80564654245972667 0.88099187240004539 0.28459358587861061 0.12056376412510872 0.04018792137503624 0.0063241506868507704 1.2001440487802026 0.0073692048317752779 0.79802114143967617 0.0061370090115815401 0.046148419787641615 0.26766083476832137
leaf_count=54 30 20 22 7 3 1 13 30 22 20 22 170 986
internal_value=0.042134 0.0494074 0.0478529 0.0435883 0.0338442 0.00631643 -0.0500264 0.0501601 -0.050021 0.0501597 -0.0500157 -0.0500136 -0.0500136
internal_weight=4.48989 4.16142 1.35761 0.476618 0.192025 0.0714609 0.031273 2.80381 0.0249488 1.99817 0.0135062 0.328468 0.28232
internal_count=1400 190 120 98 91 88 87 70 74 50 44 1210 1040
is_linear=0
shrinkage=0.05


Tree=113
num_leaves=12
num_cat=0
split_feature=10 11 7 13 17 17 3 14 3 6 4
split_gain=1.14482 0.00185226 0.0050812 0.0116147 0.03281 0.0671614 1.21888e-09 4.22527e-10 2.8425e-10 1.90241e-11 9.56722e-12
threshold=1.0000000180025095e-35 1.0000000180025095e-35 1.0000000180025095e-35 0.10935000000000002 0.23030000000000003 0.22665000000000005 15449.115000000002 0.55000000000000016 5076.0200000000013 1.5000000000000002 21831.170000000002
decision_type=2 2 2 2 2 2 2 2 2 2 2
left_child=-1 2 3 4 5 6 8 -3 -2 -9 -10
right_child=1 7 -4 -5 -6 -7 -8 9 10 -11 -12
leaf_value=-0.050012921871199517 -0.0500259427088579 0.050153075830409434 0.050152200800331705 0.050154949534013366 0.050152743269708137 0.05015274326970727 -0.050045195190803859 0.050151943076638505 -0.050016206165468549 0.05015160097785866 -0.050013465884430834
leaf_weight=0.31245262187439937 0.01088480665930569 1.0336952209472658 0.83815286681056023 0.27075573056936264 0.11470131576061249 0.038233771920204163 0.0060159897548146537 0.87479048594832398 0.0070099180447869003 0.75898860022425652 0.0058377822570037097
leaf_count=1210 30 27 22 7 3 1 13 23 22 20 22
internal_value=0.0421279 0.0493997 0.0478455 0.0435818 0.0338396 0.00631572 -0.0500251 0.0501523 -0.05002 0.0501518 -0.050015
internal_weight=4.27152 3.95907 1.29159 0.453439 0.182684 0.0679823 0.0297485 2.66747 0.0237325 1.63378 0.0128477
internal_count=1400 190 120 98 91 88 87 70 74 43 44
is_linear=0
shrinkage=0.05


Tree=114
num_leaves=13
num_cat=0
split_feature=10 11 7 13 17 17 3 15 3 13 4 2
split_gain=1.08884 0.0017615 0.00483225 0.0110455 0.0312037 0.0638797 1.04899e-09 3.63736e-10 2.44605e-10 4.08065e-11 8.24143e-12 1.11022e-16
threshold=1.0000000180025095e-35 1.0000000180025095e-35 1.0000000180025095e-35 0.10935000000000002 0.23030000000000003 0.22665000000000005 15449.115000000002 1.0000000180025095e-35 5076.0200000000013 0.071300000000000016 21831.170000000002 47091.345000000008
decision_type=2 2 2 2 2 2 2 2 2 2 2 2
left_child=11 2 3 4 5 6 8 -3 -2 -9 -10 -1
right_child=1 7 -4 -5 -6 -7 -8 9 10 -11 -12 -13
leaf_value=-0.050012292744330437 -0.050024677547752763 0.050145778743127423 0.050144753488885023 0.050147368702988471 0.050145270909327126 0.050145270909326203 -0.050042990053886419 0.050144649525954134 -0.050015417542014988 0.050144164561702953 -0.050012809840556449 -0.050012292744322451
leaf_weight=0.2910769116715527 0.010354203521274252 0.7291977480053905 0.79739107191562653 0.25758876278996468 0.1091231144964695 0.036374371498823166 0.0057228322111768639 1.0865727476775644 0.0066681427269941196 0.72197696939110745 0.005553141309064813 0.0061408631154336027
leaf_count=1185 30 20 22 7 3 1 13 30 22 20 22 25
internal_value=0.0421221 0.0493924 0.0478385 0.0435755 0.0338352 0.00631505 -0.0500239 0.0501448 -0.050019 0.0501445 -0.0500142 -0.0500123
internal_weight=4.06374 3.76652 1.22878 0.431385 0.173796 0.0646727 0.0282983 2.53775 0.0225755 1.80855 0.0122213 0.297218
internal_count=1400 190 120 98 91 88 87 70 74 50 44 1210
is_linear=0
shrinkage=0.05


Tree=115
num_leaves=14
num_cat=0
split_feature=10 11 7 13 17 17 3 15 3 13 4 0 2
split_gain=1.0356 0.0016752 0.00459555 0.0105042 0.0296763 0.0607587 9.02885e-10 3.12708e-10 2.10605e-10 3.46259e-11 7.08188e-12 5.55112e-17 1.38778e-17
threshold=1.0000000180025095e-35 1.0000000180025095e-35 1.0000000180025095e-35 0.10935000000000002 0.23030000000000003 0.22665000000000005 15449.115000000002 1.0000000180025095e-35 5076.0200000000013 0.071300000000000016 21831.170000000002 2.5000000000000004 32594.000000000004
decision_type=2 2 2 2 2 2 2 2 2 2 2 2 2
left_child=11 2 3 4 5 6 8 -3 -2 -9 -10 12 -1
right_child=1 7 -4 -5 -6 -7 -8 9 10 -11 -12 -13 -14
leaf_value=-0.050011686620696209 -0.050023474722724372 0.050138648865305259 0.050137673039679115 0.050140162594872875 0.050138165083294731 0.050138165083293766 -0.050040893030777002 0.050137574217394842 -0.050014663808977178 0.050137116210513713 -0.050012185329013074 -0.050011686620696751 -0.050011686620686828
leaf_weight=0.083182079659309571 0.0098494538542583943 0.693730499595404 0.75860626995563507 0.24506034702062607 0.10381545871496201 0.034605152904987335 0.0054439487721538162 1.033722151070833 0.0063430266891373321 0.68685987219214428 0.0052823757578153163 0.1946367201016983 0.0049068080697907126
leaf_count=356 30 20 22 7 3 1 13 30 22 20 22 833 21
internal_value=0.0421165 0.0493855 0.0478319 0.0435696 0.033831 0.00631441 -0.0500227 0.0501378 -0.0500181 0.0501374 -0.0500135 -0.0500117 -0.0500117
internal_weight=3.86604 3.58332 1.16901 0.4104 0.165339 0.061524 0.0269188 2.41431 0.0214749 1.72058 0.0116254 0.282726 0.0880889
internal_count=1400 190 120 98 91 88 87 70 74 50 44 1210 377
is_linear=0
shrinkage=0.05


Tree=116
num_leaves=15
num_cat=0
split_feature=10 11 7 13 17 17 3 13 3 16 4 0 2 2
split_gain=0.98497 0.00159315 0.00437049 0.0099896 0.0282239 0.0577904 7.77241e-10 2.69104e-10 1.81301e-10 4.25791e-11 6.08237e-12 5.55112e-17 1.38778e-17 1.38778e-17
threshold=1.0000000180025095e-35 1.0000000180025095e-35 1.0000000180025095e-35 0.10935000000000002 0.23030000000000003 0.22665000000000005 15449.115000000002 0.21280000000000002 5076.0200000000013 1573.5300000000002 21831.170000000002 2.5000000000000004 28827.300000000003 22682.165000000005
decision_type=2 2 2 2 2 2 2 2 2 2 2 2 2 2
left_child=11 2 3 4 5 6 8 9 -2 -3 -10 12 13 -1
right_child=1 7 -4 -5 -6 -7 -8 -9 10 -11 -12 -13 -14 -15
leaf_value=-0.050011120282897482 -0.050022329152706151 0.050130384235224847 0.050130940531292301 0.050133307861009106 0.05013141356114123 0.050131413561140217 -0.050038898901026918 0.050131868465945799 -0.050013946064705786 0.050130898094199641 -0.050011591003910262 -0.050011120282898162 -0.050011120282891397 -0.050011120282890099
leaf_weight=0.070680073346011674 0.0093692995142193869 0.71864509955048583 0.72170307487249374 0.23313967883586884 0.098765283823013306 0.032921761274337769 0.0051786454714601851 0.65999029949307431 0.0060337578470353037 0.91823054850101471 0.005024809404858388 0.18514622986549512 0.0071124602109193793 0.0060011383029632262
leaf_count=318 30 22 22 7 3 1 13 20 22 28 22 833 32 27
internal_value=0.0421112 0.0493789 0.0478255 0.043564 0.0338271 0.0063138 -0.0500216 0.050131 -0.0500172 0.0501307 -0.0500129 -0.0500111 -0.0500111 -0.0500111
internal_weight=3.67794 3.409 1.11214 0.390433 0.157294 0.0585283 0.0256065 2.29687 0.0204279 1.63688 0.0110586 0.26894 0.0837937 0.0766812
internal_count=1400 190 120 98 91 88 87 70 74 50 44 1210 377 345
is_linear=0
shrinkage=0.05


Tree=117
num_leaves=13
num_cat=0
split_feature=10 11 7 13 17 17 3 14 3 3 4 2
split_gain=0.936821 0.00151513 0.0041565 0.00950032 0.0268428 0.0549674 6.68939e-10 2.31418e-10 1.56055e-10 1.04128e-11 5.2513e-12 5.55112e-17
threshold=1.0000000180025095e-35 1.0000000180025095e-35 1.0000000180025095e-35 0.10935000000000002 0.23030000000000003 0.22665000000000005 15449.115000000002 0.55000000000000016 5076.0200000000013 12625.055000000002 21831.170000000002 47228.010000000009
decision_type=2 2 2 2 2 2 2 2 2 2 2 2
left_child=11 2 3 4 5 6 8 -3 -2 -9 -10 -1
right_child=1 7 -4 -5 -6 -7 -8 9 10 -11 -12 -13
leaf_value=-0.050010575307026052 -0.050021241694652663 0.05012525653845859 0.050124536991694016 0.0501267885620474 0.050124984909154069 0.050124984909153007 -0.050037002317978418 0.050124063945616221 -0.050013268856241591 0.050124342947066983 -0.050011025213173091 -0.050010575307014506
leaf_weight=0.25159771772450801 0.0089125425147360549 0.84677748382091556 0.68659066781401634 0.22179743833839893 0.09396018460392952 0.031320061534643173 0.0049262619431829071 0.68398385494947411 0.0057395639014430344 0.65435731783509254 0.0047797992592677474 0.0042285330710001281
leaf_count=1190 30 27 22 7 3 1 13 22 22 21 22 20
internal_value=0.0421062 0.0493726 0.0478195 0.0435587 0.0338233 0.00631322 -0.0500205 0.0501246 -0.0500164 0.0501242 -0.0500122 -0.0500106
internal_weight=3.49897 3.24315 1.05803 0.371436 0.149638 0.0556782 0.0243582 2.18512 0.0194319 1.33834 0.0105194 0.255826
internal_count=1400 190 120 98 91 88 87 70 74 43 44 1210
is_linear=0
shrinkage=0.05


Tree=118
num_leaves=12
num_cat=0
split_feature=10 11 7 13 17 17 3 13 3 16 4
split_gain=0.891032 0.00144095 0.00395303 0.00903509 0.0255295 0.0522824 5.75742e-10 1.99172e-10 1.34335e-10 3.15474e-11 4.51468e-12
threshold=1.0000000180025095e-35 1.0000000180025095e-35 1.0000000180025095e-35 0.10935000000000002 0.23030000000000003 0.22665000000000005 15449.115000000002 0.21280000000000002 5076.0200000000013 1573.5300000000002 21831.170000000002
decision_type=2 2 2 2 2 2 2 2 2 2 2
left_child=-1 2 3 4 5 6 8 9 -2 -3 -10
right_child=1 7 -4 -5 -6 -7 -8 -9 10 -11 -12
leaf_value=-0.050010061014390199 -0.050020205482828317 0.050117945971902271 0.050118449367257012 0.050120589341998284 0.050118874800254648 0.050118874800253524 -0.050035196594226963 0.050119288309936706 -0.050012620456612804 0.050118410903997046 -0.050010487467046595
leaf_weight=0.24335190450074184 0.0084780435427094236 0.65041383914649509 0.65318258665502071 0.21100568398833275 0.089388314634561539 0.02979610487818718 0.0046861701121088109 0.59733060933649529 0.0054597110283793882 0.83105099014937878 0.0045467333111446351
leaf_count=1210 30 22 22 7 3 1 13 20 22 28 22
internal_value=0.0421015 0.0493666 0.0478138 0.0435536 0.0338197 0.00631267 -0.0500195 0.0501185 -0.0500156 0.0501182 -0.0500117
internal_weight=3.32869 3.08534 1.00654 0.353361 0.142355 0.0529668 0.0231707 2.0788 0.0184845 1.48146 0.0100064
internal_count=1400 190 120 98 91 88 87 70 74 50 44
is_linear=0
shrinkage=0.05


Tree=119
num_leaves=14
num_cat=0
split_feature=10 11 7 13 17 17 3 13 3 16 4 2 2
split_gain=0.847485 0.00137041 0.00375955 0.00859273 0.0242807 0.0497289 4.95627e-10 1.71603e-10 1.15661e-10 2.72484e-11 3.88618e-12 2.77556e-17 1.73472e-18
threshold=1.0000000180025095e-35 1.0000000180025095e-35 1.0000000180025095e-35 0.10935000000000002 0.23030000000000003 0.22665000000000005 15449.115000000002 0.21280000000000002 5076.0200000000013 1573.5300000000002 21831.170000000002 41391.240000000005 47228.010000000009
decision_type=2 2 2 2 2 2 2 2 2 2 2 2 2
left_child=11 2 3 4 5 6 8 9 -2 -3 -10 -1 -13
right_child=1 7 -4 -5 -6 -7 -8 -9 10 -11 -12 12 -14
leaf_value=-0.050009568899039292 -0.05001922002288825 0.050112179753859037 0.050112659345826184 0.050114695327796971 0.050113065158228214 0.050113065158227034 -0.050033480583734413 0.050113457507053649 -0.050012003683587596 0.050112622759433227 -0.050009974638479206 -0.050009568899034573 -0.050009568899026517
leaf_weight=0.21771135804010588 0.0080647193535700046 0.61876218020915963 0.62139648012816906 0.20073782838881016 0.085038408637046814 0.028346136212348938 0.0044577719818335018 0.56826290301978577 0.005193500139284879 0.79060915671288967 0.00432502971671056 0.0099481464130803943 0.0038262101588770756
leaf_count=1138 30 22 22 7 3 1 13 20 22 28 22 52 20
internal_value=0.0420969 0.049361 0.0478083 0.0435488 0.0338163 0.00631214 -0.0500186 0.0501127 -0.0500148 0.0501124 -0.0500111 -0.0500096 -0.0500096
internal_weight=3.16668 2.93519 0.95756 0.336163 0.135426 0.0503872 0.022041 1.97763 0.0175832 1.40937 0.00951853 0.231486 0.0137744
internal_count=1400 190 120 98 91 88 87 70 74 50 44 1210 72
is_linear=0
shrinkage=0.05


Tree=120
num_leaves=13
num_cat=0
split_feature=10 11 7 13 17 17 3 13 3 16 4 2
split_gain=0.80607 0.00130334 0.00357558 0.00817211 0.0230931 0.0473002 4.26525e-10 1.47728e-10 9.9537e-11 2.32816e-11 3.34607e-12 2.77556e-17
threshold=1.0000000180025095e-35 1.0000000180025095e-35 1.0000000180025095e-35 0.10935000000000002 0.23030000000000003 0.22665000000000005 15449.115000000002 0.21280000000000002 5076.0200000000013 1573.5300000000002 21831.170000000002 4725.6950000000006
decision_type=2 2 2 2 2 2 2 2 2 2 2 2
left_child=11 2 3 4 5 6 8 9 -2 -3 -10 -1
right_child=1 7 -4 -5 -6 -7 -8 -9 10 -11 -12 -13
leaf_value=-0.050009099852649265 -0.050018283650425537 0.050106697747733853 0.050107154396166254 0.050109088999853148 0.050107538757709506 0.050107538757708264 -0.05003184744456203 0.050107912347763434 -0.050011419986167482 0.05010711758403618 -0.050009489561600944 -0.050009099852650889
leaf_weight=0.035122495624819172 0.007671538493014273 0.58864757046103455 0.5911539364606142 0.19096855260431767 0.080899732187390327 0.026966577395796776 0.0042404987616464487 0.54060670919716347 0.0049402665172237903 0.75213123485445976 0.0041141345573123544 0.18507553394010756
leaf_count=193 30 22 22 7 3 1 13 20 22 28 22 1017
internal_value=0.0420926 0.0493555 0.0478031 0.0435442 0.033813 0.00631164 -0.0500177 0.0501072 -0.0500141 0.0501069 -0.0500105 -0.0500091
internal_weight=3.01254 2.79234 0.910955 0.319801 0.128833 0.047933 0.0209664 1.88139 0.0167259 1.34078 0.0090544 0.220198
internal_count=1400 190 120 98 91 88 87 70 74 50 44 1210
is_linear=0
shrinkage=0.05


Tree=121
num_leaves=15
num_cat=0
split_feature=10 11 7 13 17 17 3 4 3 12 4 1 3 3
split_gain=0.766684 0.00123956 0.00340063 0.00777216 0.0219638 0.0449903 3.6712e-10 1.27264e-10 8.56828e-11 8.71347e-12 2.87982e-12 2.77556e-17 6.93889e-18 6.93889e-18
threshold=1.0000000180025095e-35 1.0000000180025095e-35 1.0000000180025095e-35 0.10935000000000002 0.23030000000000003 0.22665000000000005 15449.115000000002 15142.640000000001 5076.0200000000013 3130.5750000000003 21831.170000000002 5.5000000000000009 13333.810000000001 10707.160000000002
decision_type=2 2 2 2 2 2 2 2 2 2 2 2 2 2
left_child=11 2 3 4 5 6 8 -3 -2 -9 -10 -1 13 -13
right_child=1 7 -4 -5 -6 -7 -8 9 10 -11 -12 12 -14 -15
leaf_value=-0.050008658452624789 -0.050017391160937577 0.050102639030343156 0.050101917152272371 0.05010375724994786 0.050102280565457603 0.050102280565456306 -0.050030293151788342 0.050101813888035085 -0.050010861810607633 0.05010154705957072 -0.050009025596740246 -0.05000865845262388 -0.050008658452622201 -0.050008658452618197
leaf_weight=0.14904597323038649 0.007297520060092543 0.51429109275341023 0.56238030269742012 0.18167375214397907 0.076962076127529144 0.025654025375843048 0.0040338093094760543 0.76611688733100869 0.0046993779251351953 0.50940371863543987 0.0039135211554821581 0.03687200034619309 0.01644525837036781 0.007097427296685054
leaf_count=861 30 20 22 7 3 1 13 30 22 20 22 213 95 41
internal_value=0.0420885 0.0493504 0.0477982 0.0435398 0.0338099 0.00631117 -0.0500168 0.050102 -0.0500134 0.0501017 -0.05001 -0.0500087 -0.0500087 -0.0500087
internal_weight=2.86589 2.65643 0.866614 0.304234 0.12256 0.0455983 0.0199442 1.78981 0.0159104 1.27552 0.0086129 0.209461 0.0604147 0.0439694
internal_count=1400 190 120 98 91 88 87 70 74 50 44 1210 349 254
is_linear=0
shrinkage=0.05


Tree=122
num_leaves=13
num_cat=0
split_feature=10 11 7 13 17 17 3 14 3 3 4 2
split_gain=0.729225 0.00117892 0.00323428 0.00739184 0.0208898 0.0427933 3.16037e-10 1.09525e-10 7.37558e-11 4.91474e-12 2.47091e-12 2.77556e-17
threshold=1.0000000180025095e-35 1.0000000180025095e-35 1.0000000180025095e-35 0.10935000000000002 0.23030000000000003 0.22665000000000005 15449.115000000002 0.55000000000000016 5076.0200000000013 12625.055000000002 21831.170000000002 41625.115000000005
decision_type=2 2 2 2 2 2 2 2 2 2 2 2
left_child=11 2 3 4 5 6 8 -3 -2 -9 -10 -1
right_child=1 7 -4 -5 -6 -7 -8 9 10 -11 -12 -13
leaf_value=-0.05000823626194565 -0.050016543646175297 0.050097496078164841 0.050096937671983047 0.050098687163647029 0.050097283243408078 0.050097283243406711 -0.05002881740608936 0.050096566786917519 -0.050010331159140477 0.050096783928711447 -0.050008587247675922 -0.050008236261941341
leaf_weight=0.1885434304858794 0.0069417304330275939 0.65982894413173188 0.53500453941524029 0.17283046618103981 0.073215711861848831 0.024405237287282944 0.0038371885602828107 0.53297110274434067 0.0044702327286358923 0.50988659076392651 0.0037226884014671668 0.010703338848543353
leaf_count=1145 30 27 22 7 3 1 13 22 22 21 22 65
internal_value=0.0420846 0.0493455 0.0477935 0.0435356 0.033807 0.00631072 -0.050016 0.050097 -0.0500128 0.0500967 -0.0500095 -0.0500082
internal_weight=2.72636 2.52711 0.824428 0.289423 0.116593 0.0433771 0.0189718 1.70269 0.0151347 1.04286 0.00819292 0.199247
internal_count=1400 190 120 98 91 88 87 70 74 43 44 1210
is_linear=0
shrinkage=0.05


Tree=123
num_leaves=12
num_cat=0
split_feature=10 11 7 13 17 17 3 2 3 1 4
split_gain=0.693599 0.00112125 0.00307608 0.00703019 0.0198685 0.0407037 2.71995e-10 9.42384e-11 6.34597e-11 5.85132e-12 2.13211e-12
threshold=1.0000000180025095e-35 1.0000000180025095e-35 1.0000000180025095e-35 0.10935000000000002 0.23030000000000003 0.22665000000000005 15449.115000000002 20297.310000000001 5076.0200000000013 5.5000000000000009 21831.170000000002
decision_type=2 2 2 2 2 2 2 2 2 2 2
left_child=-1 2 3 4 5 6 8 -3 -2 -9 -10
right_child=1 7 -4 -5 -6 -7 -8 9 10 -11 -12
leaf_value=-0.0500078316472682 -0.050015736465010244 0.050092853173788837 0.050092199583855093 0.050093864747260013 0.050092530045086972 0.050092530045085543 -0.050027411517560641 0.050091906371259223 -0.050009829131847955 0.050092132215820734 -0.050008168183580573
leaf_weight=0.18953088132548179 0.0066032820031981521 0.46543875150382508 0.50895897299051285 0.16441685333848 0.069651380181312561 0.023217126727104187 0.0036501466383924699 0.62265187501907326 0.0042522586445556954 0.5317043699324131 0.0035411596181802452
leaf_count=1210 30 20 22 7 3 1 13 27 22 23 22
internal_value=0.0420809 0.0493409 0.0477891 0.0435317 0.0338042 0.00631029 -0.0500152 0.0500923 -0.0500121 0.050092 -0.0500091
internal_weight=2.59362 2.40409 0.784291 0.275332 0.110915 0.041264 0.0180468 1.61979 0.0143967 1.15436 0.00779342
internal_count=1400 190 120 98 91 88 87 70 74 50 44
is_linear=0
shrinkage=0.05


Tree=124
num_leaves=14
num_cat=0
split_feature=10 11 7 13 17 17 3 13 3 16 4 3 3
split_gain=0.659717 0.00106641 0.00292564 0.00668629 0.0188972 0.0387163 2.34098e-10 8.11125e-11 5.46347e-11 1.2832e-11 1.83416e-12 2.77556e-17 3.46945e-18
threshold=1.0000000180025095e-35 1.0000000180025095e-35 1.0000000180025095e-35 0.10935000000000002 0.23030000000000003 0.22665000000000005 15449.115000000002 0.21280000000000002 5076.0200000000013 4248.505000000001 21831.170000000002 11183.740000000002 13907.640000000001
decision_type=2 2 2 2 2 2 2 2 2 2 2 2 2
left_child=11 2 3 4 5 6 8 9 -2 -3 -10 -1 -13
right_child=1 7 -4 -5 -6 -7 -8 -9 10 -11 -12 12 -14
leaf_value=-0.050007451806442463 -0.050014969081795028 0.050087356698792232 0.050087696772953466 0.050089277983281735 0.050088005823706941 0.050088005823705428 -0.050026073832469299 0.050088316399066593 -0.050009348866180428 0.050087699578421699 -0.050007769344244037 -0.050007451806440055 -0.05000745180643789
leaf_weight=0.1527238957351077 0.0062813301628924512 0.59193564578890778 0.48417918384075165 0.15641210786998272 0.06626027449965477 0.02208675816655159 0.0034722173295449457 0.44278116337954987 0.0040449113002978265 0.50621501356363297 0.0033684814407024533 0.017581872874870896 0.0099829278187826276
leaf_count=1025 30 27 22 7 3 1 13 20 22 23 22 118 67
internal_value=0.0420774 0.0493365 0.0477848 0.0435279 0.0338015 0.00630988 -0.0500145 0.0500877 -0.0500115 0.0500875 -0.0500086 -0.0500075 -0.0500075
internal_weight=2.46733 2.28704 0.746105 0.261926 0.105514 0.0392537 0.0171669 1.54093 0.0136947 1.09815 0.00741339 0.180289 0.0275648
internal_count=1400 190 120 98 91 88 87 70 74 50 44 1210 185
is_linear=0
shrinkage=0.05


Tree=125
num_leaves=14
num_cat=0
split_feature=10 11 7 13 17 17 3 13 3 16 4 1 2
split_gain=0.627493 0.00101426 0.00278258 0.00635926 0.0179735 0.036826 2.01503e-10 6.98506e-11 4.70732e-11 1.10261e-11 1.57681e-12 2.77556e-17 3.46945e-18
threshold=1.0000000180025095e-35 1.0000000180025095e-35 1.0000000180025095e-35 0.10935000000000002 0.23030000000000003 0.22665000000000005 15449.115000000002 0.21280000000000002 5076.0200000000013 1573.5300000000002 21831.170000000002 6.5000000000000009 46914.595000000008
decision_type=2 2 2 2 2 2 2 2 2 2 2 2 2
left_child=11 2 3 4 5 6 8 9 -2 -3 -10 -1 -13
right_child=1 7 -4 -5 -6 -7 -8 -9 10 -11 -12 12 -14
leaf_value=-0.050007089446847133 -0.050014241102268112 0.050083056292550082 0.050083407862433316 0.050084917001518639 0.050083707338400167 0.050083707338398578 -0.050024802900699022 0.050084002621506078 -0.05000889149176882 0.050083383612560796 -0.05000738989816525 -0.0500070894468451 -0.05000708944683499
leaf_weight=0.14740249258466098 0.0059750709624498688 0.45864918641746022 0.46060390956699848 0.14879642799496651 0.063033996149897575 0.021011332049965858 0.0033029571059159926 0.42122183740138996 0.0038476729823742062 0.58603095263242722 0.0032042222883319482 0.02012610956444405 0.0039685286465100935
leaf_count=1040 30 22 22 7 3 1 13 20 22 28 22 142 28
internal_value=0.042074 0.0493323 0.0477808 0.0435244 0.033799 0.00630949 -0.0500138 0.0500835 -0.050011 0.0500832 -0.0500082 -0.0500071 -0.0500071
internal_weight=2.34717 2.17568 0.709776 0.249172 0.100375 0.0373413 0.0163299 1.4659 0.013027 1.04468 0.0070519 0.171497 0.0240946
internal_count=1400 190 120 98 91 88 87 70 74 50 44 1210 170
is_linear=0
shrinkage=0.05


Tree=126
num_leaves=13
num_cat=0
split_feature=10 11 7 13 17 17 3 15 3 13 4 2
split_gain=0.596844 0.000964659 0.00264653 0.00604826 0.0170951 0.0350282 1.73455e-10 6.01073e-11 4.05029e-11 6.68565e-12 1.36039e-12 5.55112e-17
threshold=1.0000000180025095e-35 1.0000000180025095e-35 1.0000000180025095e-35 0.10935000000000002 0.23030000000000003 0.22665000000000005 15449.115000000002 1.0000000180025095e-35 5076.0200000000013 0.071300000000000016 21831.170000000002 27352.415000000005
decision_type=2 2 2 2 2 2 2 2 2 2 2 2
left_child=11 2 3 4 5 6 8 -3 -2 -9 -10 -1
right_child=1 7 -4 -5 -6 -7 -8 9 10 -11 -12 -13
leaf_value=-0.050006740512606576 -0.050013545241347879 0.050079898647878276 0.050079337232811431 0.050080768898862697 0.050079619221816321 0.050079619221814656 -0.050023593094770773 0.050079278955708587 -0.050008458283041714 0.050079014148468784 -0.050007028238597477 -0.050006740512605556
leaf_weight=0.13050736789591644 0.0056837403681132548 0.40070861019194104 0.43817473389208317 0.14155096933245659 0.059964565560221672 0.019988188520073891 0.0031419440492754811 0.59708219766616821 0.003660050657344982 0.39672895148396492 0.0030479719862341881 0.032626841973979026
leaf_count=968 30 20 22 7 3 1 13 30 22 20 22 242
internal_value=0.0420708 0.0493283 0.047777 0.043521 0.0337966 0.00630912 -0.0500131 0.0500794 -0.0500104 0.0500792 -0.0500078 -0.0500067
internal_weight=2.23287 2.06973 0.675212 0.237037 0.0954865 0.0355219 0.0155337 1.39452 0.0123918 0.993811 0.00670802 0.163134
internal_count=1400 190 120 98 91 88 87 70 74 50 44 1210
is_linear=0
shrinkage=0.05


Tree=127
num_leaves=12
num_cat=0
split_feature=10 11 7 13 17 17 3 13 3 16 4
split_gain=0.567695 0.000917496 0.00251715 0.00575252 0.0162597 0.0333181 1.49269e-10 5.17575e-11 3.48595e-11 8.17579e-12 1.17099e-12
threshold=1.0000000180025095e-35 1.0000000180025095e-35 1.0000000180025095e-35 0.10935000000000002 0.23030000000000003 0.22665000000000005 15449.115000000002 0.21280000000000002 5076.0200000000013 1573.5300000000002 21831.170000000002
decision_type=2 2 2 2 2 2 2 2 2 2 2
left_child=-1 2 3 4 5 6 8 9 -2 -3 -10
right_child=1 7 -4 -5 -6 -7 -8 -9 10 -11 -12
leaf_value=-0.050006416601148074 -0.050012884903288146 0.050075139391011769 0.050075460972964725 0.050076822577897723 0.050075731090075237 0.050075731090073489 -0.050022441640653038 0.050075995744691619 -0.050008046220927804 0.050075435673497259 -0.05000668586857511
leaf_weight=0.15517905078013461 0.0054066107113611706 0.41506659239530541 0.41683614626526833 0.13465779088437557 0.05704437755048275 0.019014792516827583 0.0029887766431784266 0.38119696825742722 0.0034815758117474616 0.53034479729831219 0.0028993400046601892
leaf_count=1210 30 22 22 7 3 1 13 20 22 28 22
internal_value=0.0420678 0.0493245 0.0477733 0.0435177 0.0337943 0.00630877 -0.0500125 0.0500755 -0.0500099 0.0500753 -0.0500074
internal_weight=2.12412 1.96894 0.642329 0.225493 0.0908355 0.0337911 0.0147763 1.32661 0.0117875 0.945411 0.00638092
internal_count=1400 190 120 98 91 88 87 70 74 50 44
is_linear=0
shrinkage=0.05


Tree=128
num_leaves=14
num_cat=0
split_feature=10 11 7 13 17 17 3 1 3 13 4 2 2
split_gain=0.539972 0.000872643 0.00239411 0.00547127 0.0154652 0.0316917 1.28506e-10 4.4412e-11 3.0004e-11 3.03169e-12 1.00359e-12 2.77556e-17 1.73472e-18
threshold=1.0000000180025095e-35 1.0000000180025095e-35 1.0000000180025095e-35 0.10935000000000002 0.23030000000000003 0.22665000000000005 15449.115000000002 2.5000000000000004 5076.0200000000013 0.061150000000000003 21831.170000000002 39462.515000000007 47228.010000000009
decision_type=2 2 2 2 2 2 2 2 2 2 2 2 2
left_child=11 2 3 4 5 6 8 -3 -2 -9 -10 -1 -13
right_child=1 7 -4 -5 -6 -7 -8 9 10 -11 -12 12 -14
leaf_value=-0.050006101408995564 -0.050012255690076293 0.050072283188278111 0.050071776862827058 0.050073071490493129 0.050072034536211174 0.050072034536209335 -0.050021347592823423 0.050071702579833871 -0.050007651744519058 0.050071515146813267 -0.050006360498842842 -0.050006101408991289 -0.050006101408975538
leaf_weight=0.13468050293158773 0.0051429901359368868 0.36263029463589169 0.3965352475643158 0.12809980660676956 0.054266195744276047 0.018088731914758682 0.0028430729726096624 0.5401840265840292 0.0033118028004537337 0.35918517410755157 0.0027579550587688573 0.010491415989235975 0.0024398641835432508
leaf_count=1104 30 20 22 7 3 1 13 30 22 20 22 86 20
internal_value=0.0420649 0.0493208 0.0477699 0.0435146 0.0337921 0.00630844 -0.0500119 0.0500718 -0.0500094 0.0500716 -0.0500071 -0.0500061 -0.0500061
internal_weight=2.02066 1.87305 0.611046 0.214511 0.0864107 0.0321446 0.0140558 1.262 0.0112127 0.899369 0.00606976 0.147612 0.0129313
internal_count=1400 190 120 98 91 88 87 70 74 50 44 1210 106
is_linear=0
shrinkage=0.05


Tree=129
num_leaves=12
num_cat=0
split_feature=10 11 7 13 17 17 3 14 3 3 4
split_gain=0.513604 0.00082999 0.0022771 0.00520381 0.0147096 0.0301447 1.10616e-10 3.8249e-11 2.57995e-11 1.71818e-12 8.67291e-13
threshold=1.0000000180025095e-35 1.0000000180025095e-35 1.0000000180025095e-35 0.10935000000000002 0.23030000000000003 0.22665000000000005 15449.115000000002 0.55000000000000016 5076.0200000000013 12625.055000000002 21831.170000000002
decision_type=2 2 2 2 2 2 2 2 2 2 2
left_child=-1 2 3 4 5 6 8 -3 -2 -9 -10
right_child=1 7 -4 -5 -6 -7 -8 9 10 -11 -12
leaf_value=-0.05000580287383604 -0.0500116572182022 0.050068664136223934 0.050068269268510025 0.05006950178027722 0.050068513539257259 0.050068513539255316 -0.05002030740118385 0.050068010084780762 -0.050007281368782144 0.050068162981635883 -0.050006050623810062
leaf_weight=0.1404134872427677 0.0048922206260612056 0.46523582749068715 0.37722174264490604 0.12186077237129211 0.051623135805130005 0.017207711935043335 0.0027044694943469958 0.37578634172677994 0.0031503070931648836 0.35951085947453976 0.0026234638571622781
leaf_count=1210 30 27 22 7 3 1 13 22 22 21 22
internal_value=0.0420621 0.0493174 0.0477666 0.0435117 0.03379 0.00630812 -0.0500113 0.0500683 -0.050009 0.0500681 -0.0500067
internal_weight=1.92223 1.78182 0.581284 0.204062 0.0822013 0.0305782 0.0133705 1.20053 0.010666 0.735297 0.00577377
internal_count=1400 190 120 98 91 88 87 70 74 43 44
is_linear=0
shrinkage=0.05


Tree=130
num_leaves=13
num_cat=0
split_feature=10 11 7 13 17 17 3 13 3 16 4 2
split_gain=0.488525 0.000789423 0.00216581 0.00494945 0.0139909 0.0286733 9.5182e-11 3.29095e-11 2.22103e-11 5.25435e-12 7.47897e-13 2.77556e-17
threshold=1.0000000180025095e-35 1.0000000180025095e-35 1.0000000180025095e-35 0.10935000000000002 0.23030000000000003 0.22665000000000005 15449.115000000002 0.21280000000000002 5076.0200000000013 4248.505000000001 21831.170000000002 45094.990000000005
decision_type=2 2 2 2 2 2 2 2 2 2 2 2
left_child=11 2 3 4 5 6 8 9 -2 -3 -10 -1
right_child=1 7 -4 -5 -6 -7 -8 -9 10 -11 -12 -13
leaf_value=-0.050005520314890195 -0.050011088869312097 0.050064684847728504 0.050064939176317269 0.050066107915381054 0.050065165927333344 0.050065165927331304 -0.050019315382830068 0.05006539545120179 -0.05000692648165013 0.050064939708197122 -0.050005754656931183 -0.050005520314881924
leaf_weight=0.12782614276511606 0.0046536757072316304 0.43870961293578126 0.35884770005941391 0.11592521145939827 0.049108648672699928 0.016369549557566643 0.0025726206367835411 0.32816735655069351 0.002996685630932916 0.37517954967916012 0.0024955303961178288 0.0057400340447202316
leaf_count=1158 30 27 22 7 3 1 13 20 22 23 22 52
internal_value=0.0420595 0.0493141 0.0477634 0.0435089 0.0337881 0.00630782 -0.0500107 0.050065 -0.0500085 0.0500648 -0.0500064 -0.0500055
internal_weight=1.82859 1.69503 0.55297 0.194122 0.0781967 0.0290881 0.0127185 1.14206 0.0101459 0.813889 0.00549222 0.133566
internal_count=1400 190 120 98 91 88 87 70 74 50 44 1210
is_linear=0
shrinkage=0.05


Tree=131
num_leaves=12
num_cat=0
split_feature=10 11 7 13 17 17 3 2 3 1 4
split_gain=0.464672 0.000750845 0.00205998 0.00470754 0.0133075 0.0272737 8.19209e-11 2.83498e-11 1.91386e-11 1.7546e-12 6.39389e-13
threshold=1.0000000180025095e-35 1.0000000180025095e-35 1.0000000180025095e-35 0.10935000000000002 0.23030000000000003 0.22665000000000005 15449.115000000002 20297.310000000001 5076.0200000000013 5.5000000000000009 21831.170000000002
decision_type=2 2 2 2 2 2 2 2 2 2 2
left_child=-1 2 3 4 5 6 8 -3 -2 -9 -10
right_child=1 7 -4 -5 -6 -7 -8 9 10 -11 -12
leaf_value=-0.050005252434932784 -0.050010550299895408 0.050062202228858911 0.050061766002432131 0.050062879117445648 0.050061986853128342 0.050061986853126197 -0.050018373953360076 0.050061568249416703 -0.05000658665174991 0.050061719258180315 -0.05000547573816614
leaf_weight=0.12705274581094284 0.0044267598786972284 0.31218026857823111 0.34136757161468267 0.1102784052491188 0.046716484241187572 0.015572161413729191 0.0024471973738400274 0.41762163583189249 0.0028505543159553781 0.35662297066301107 0.002373834875470493
leaf_count=1210 30 20 22 7 3 1 13 27 22 23 22
internal_value=0.042057 0.049311 0.0477604 0.0435063 0.0337862 0.00630753 -0.0500102 0.0500618 -0.0500081 0.0500616 -0.0500061
internal_weight=1.73951 1.61246 0.526033 0.184665 0.074387 0.0276705 0.0120983 1.08642 0.00965115 0.774245 0.00522439
internal_count=1400 190 120 98 91 88 87 70 74 50 44
is_linear=0
shrinkage=0.05


Tree=132
num_leaves=15
num_cat=0
split_feature=10 11 7 13 17 17 3 14 3 3 4 1 2 2
split_gain=0.441985 0.000714156 0.00195932 0.00447749 0.0126574 0.0259426 7.0517e-11 2.43956e-11 1.64406e-11 1.10378e-12 5.53529e-13 1.38778e-17 1.38778e-17 3.46945e-18
threshold=1.0000000180025095e-35 1.0000000180025095e-35 1.0000000180025095e-35 0.10935000000000002 0.23030000000000003 0.22665000000000005 15449.115000000002 0.55000000000000016 5076.0200000000013 12625.055000000002 21831.170000000002 6.5000000000000009 40296.460000000006 15662.310000000003
decision_type=2 2 2 2 2 2 2 2 2 2 2 2 2 2
left_child=11 2 3 4 5 6 8 -3 -2 -9 -10 12 -1 -13
right_child=1 7 -4 -5 -6 -7 -8 9 10 -11 -12 13 -14 -15
leaf_value=-0.050004993573914504 -0.050010032612190836 0.050059087933995786 0.050058747769417503 0.050059809671174793 0.050058959065068298 0.05005895906506605 -0.050017477368641886 0.050058524726856728 -0.050006267838591426 0.050058656811041137 -0.05000520803727182 -0.050004993573905622 -0.050004993573900758 -0.050004993573910785
leaf_weight=0.10038115735369513 0.0042109065761904985 0.4005071399733422 0.32473795861005783 0.10490633361041546 0.044440713711082935 0.014813571237027645 0.0023278868102352144 0.3235018365085125 0.0027115480552311055 0.3094910616055131 0.0022580733639188111 0.0052937326763640149 0.0034958612013724624 0.011686164587445091
leaf_count=1005 30 27 22 7 3 1 13 22 22 21 22 53 35 117
internal_value=0.0420547 0.0493081 0.0477576 0.0435038 0.0337844 0.00630726 -0.0500097 0.0500588 -0.0500077 0.0500586 -0.0500058 -0.050005 -0.050005 -0.050005
internal_weight=1.65476 1.53391 0.500407 0.175669 0.0707627 0.026322 0.0115084 1.0335 0.00918053 0.632993 0.00496962 0.120857 0.103877 0.0169799
internal_count=1400 190 120 98 91 88 87 70 74 43 44 1210 1040 170
is_linear=0
shrinkage=0.05


Tree=133
num_leaves=13
num_cat=0
split_feature=10 11 7 13 17 17 3 1 3 13 4 2
split_gain=0.420407 0.000679263 0.0018636 0.0042587 0.0120392 0.0246764 6.06877e-11 2.1005e-11 1.41619e-11 1.41454e-12 4.76105e-13 1.38778e-17
threshold=1.0000000180025095e-35 1.0000000180025095e-35 1.0000000180025095e-35 0.10935000000000002 0.23030000000000003 0.22665000000000005 15449.115000000002 2.5000000000000004 5076.0200000000013 0.061150000000000003 21831.170000000002 27352.415000000005
decision_type=2 2 2 2 2 2 2 2 2 2 2 2
left_child=11 2 3 4 5 6 8 -3 -2 -9 -10 -1
right_child=1 7 -4 -5 -6 -7 -8 9 10 -11 -12 -13
leaf_value=-0.050004751803463893 -0.050009544573746435 0.050056276390081228 0.050055879042201469 0.05005688873449491 0.050056080021374717 0.050056080021372351 -0.050016624794181633 0.050055823607372742 -0.050005961652988963 0.05005567855252261 -0.050004953882647009 -0.050004751803462325
leaf_weight=0.091970560606569163 0.0040055763893176444 0.28250523563474417 0.30891755968332291 0.099795668385922909 0.042275684885680676 0.014091894961893559 0.0022143912574392752 0.42082566302269697 0.0025793196618906222 0.27981969621032476 0.0021479564456967637 0.022992640151642263
leaf_count=968 30 20 22 7 3 1 13 30 22 20 22 242
internal_value=0.0420524 0.0493053 0.0477549 0.0435014 0.0337827 0.006307 -0.0500092 0.0500559 -0.0500074 0.0500558 -0.0500055 -0.0500048
internal_weight=1.57414 1.45918 0.476028 0.16711 0.0673148 0.0250391 0.0109472 0.983151 0.00873285 0.700645 0.00472728 0.114963
internal_count=1400 190 120 98 91 88 87 70 74 50 44 1210
is_linear=0
shrinkage=0.05


Tree=134
num_leaves=15
num_cat=0
split_feature=10 11 7 13 17 17 3 1 3 13 4 2 2 2
split_gain=0.399883 0.000646076 0.00177256 0.00405062 0.0114512 0.0234721 5.22684e-11 1.80833e-11 1.22035e-11 1.21825e-12 4.0895e-13 2.77556e-17 6.93889e-18 1.73472e-18
threshold=1.0000000180025095e-35 1.0000000180025095e-35 1.0000000180025095e-35 0.10935000000000002 0.23030000000000003 0.22665000000000005 15449.115000000002 2.5000000000000004 5076.0200000000013 0.061150000000000003 21831.170000000002 14546.790000000003 17221.750000000004 16472.930000000004
decision_type=2 2 2 2 2 2 2 2 2 2 2 2 2 2
left_child=11 2 3 4 5 6 8 -3 -2 -9 -10 -1 13 -13
right_child=1 7 -4 -5 -6 -7 -8 9 10 -11 -12 12 -14 -15
leaf_value=-0.050004520424427948 -0.050009080298859192 0.050053528535165863 0.050053152182051169 0.050054112308325155 0.05005334213707735 0.050053342137074866 -0.050015816816013803 0.050053097807453539 -0.050005669434000088 0.050052959785588803 -0.050004711795588963 -0.050004520424424007 -0.050004520424427268 -0.050004520424402434
leaf_weight=0.064710347214713804 0.003810256726864969 0.268741674721241 0.29386708047240973 0.094933710061013699 0.040216019377112389 0.013405339792370796 0.0021064273387310104 0.4003230007365346 0.0024535386983188801 0.26618682127445936 0.0020432090241229162 0.010393421689514071 0.032355173607356846 0.001897929178085179
leaf_count=716 30 20 22 7 3 1 13 30 22 20 22 115 358 21
internal_value=0.0420503 0.0493026 0.0477523 0.0434991 0.0337811 0.00630675 -0.0500088 0.0500532 -0.050007 0.050053 -0.0500052 -0.0500045 -0.0500045 -0.0500045
internal_weight=1.49744 1.38809 0.452836 0.158969 0.0640348 0.0238188 0.0104134 0.935251 0.008307 0.66651 0.00449675 0.109357 0.0446465 0.0122914
internal_count=1400 190 120 98 91 88 87 70 74 50 44 1210 494 136
is_linear=0
shrinkage=0.05


Tree=135
num_leaves=15
num_cat=0
split_feature=10 11 7 13 17 17 3 1 3 13 4 3 3 3
split_gain=0.380362 0.000614514 0.00168597 0.00385273 0.010892 0.0223266 4.49666e-11 1.56058e-11 1.05021e-11 1.06459e-12 3.51341e-13 1.38778e-17 1.73472e-18 1.73472e-18
threshold=1.0000000180025095e-35 1.0000000180025095e-35 1.0000000180025095e-35 0.10935000000000002 0.23030000000000003 0.22665000000000005 15449.115000000002 2.5000000000000004 5076.0200000000013 0.061150000000000003 21831.170000000002 11906.920000000002 16291.555000000002 13015.620000000001
decision_type=2 2 2 2 2 2 2 2 2 2 2 2 2 2
left_child=11 2 3 4 5 6 8 -3 -2 -9 -10 -1 13 -13
right_child=1 7 -4 -5 -6 -7 -8 9 10 -11 -12 12 -14 -15
leaf_value=-0.050004299381870156 -0.050008637297326297 0.050050915857010575 0.050050558262395919 0.050051469615353561 0.05005073919280624 0.050050739192803631 -0.05001504339418307 0.05005050593276747 -0.050005392690744589 0.05005037364218104 -0.050004482593944716 -0.050004299381846508 -0.050004299381843031 -0.050004299381864438
leaf_weight=0.092246006504865474 0.0036244595976311356 0.25564799644052982 0.27954913582652807 0.090308384969830513 0.038256601430475712 0.012752200476825237 0.002003725807298907 0.38081824500113726 0.0023338908213190734 0.2532174875959754 0.0019435692156548612 0.0020632843952625999 0.001805373845854775 0.0079092568485066295
leaf_count=1073 30 20 22 7 3 1 13 30 22 20 22 24 21 92
internal_value=0.0420482 0.0493 0.0477499 0.0434969 0.0337796 0.00630651 -0.0500084 0.0500506 -0.0500067 0.0500505 -0.050005 -0.0500043 -0.0500043 -0.0500043
internal_weight=1.42448 1.32046 0.430772 0.151223 0.0609144 0.0226578 0.00990565 0.889684 0.00790192 0.634036 0.00427746 0.104024 0.0117779 0.00997254
internal_count=1400 190 120 98 91 88 87 70 74 50 44 1210 137 116
is_linear=0
shrinkage=0.05


Tree=136
num_leaves=13
num_cat=0
split_feature=10 11 7 13 17 17 3 2 3 1 4 2
split_gain=0.361795 0.000584497 0.00160362 0.00366452 0.0103601 0.021237 3.87048e-11 1.34123e-11 9.03052e-12 8.31224e-13 3.03441e-13 1.38778e-17
threshold=1.0000000180025095e-35 1.0000000180025095e-35 1.0000000180025095e-35 0.10935000000000002 0.23030000000000003 0.22665000000000005 15449.115000000002 20297.310000000001 5076.0200000000013 5.5000000000000009 21831.170000000002 46360.635000000009
decision_type=2 2 2 2 2 2 2 2 2 2 2 2
left_child=11 2 3 4 5 6 8 -3 -2 -9 -10 -1
right_child=1 7 -4 -5 -6 -7 -8 9 10 -11 -12 -13
leaf_value=-0.050004088281250393 -0.050008215343371611 0.050048429858696057 0.050048088314184169 0.050048956983019033 0.050048259535882544 0.050048259535879797 -0.050014310047049149 0.050047935760472784 -0.050005131338650623 0.050048053532244202 -0.050004264144669255 -0.050004088281234461
leaf_weight=0.095925246321712732 0.0034477209628673844 0.24319166783243418 0.26592815853655338 0.085908197797834873 0.036392561160027981 0.012130853720009327 0.00190603022929281 0.32533018756657839 0.0022200769744813442 0.27781219314783812 0.0018487881243345328 0.0030257750331656999
leaf_count=1173 30 20 22 7 3 1 13 27 22 23 22 37
internal_value=0.0420463 0.0492976 0.0477476 0.0434949 0.0337781 0.00630629 -0.0500079 0.0500481 -0.0500063 0.050048 -0.0500047 -0.0500041
internal_weight=1.35507 1.25612 0.409782 0.143854 0.057946 0.0215535 0.00942262 0.846334 0.00751659 0.603142 0.00406887 0.098951
internal_count=1400 190 120 98 91 88 87 70 74 50 44 1210
is_linear=0
shrinkage=0.05


Tree=137
num_leaves=12
num_cat=0
split_feature=10 11 7 13 17 17 3 13 3 16 4
split_gain=0.344135 0.000555947 0.0015253 0.00348551 0.00985419 0.0202007 3.33187e-11 1.15151e-11 7.78121e-12 1.83042e-12 2.60464e-13
threshold=1.0000000180025095e-35 1.0000000180025095e-35 1.0000000180025095e-35 0.10935000000000002 0.23030000000000003 0.22665000000000005 15449.115000000002 0.21280000000000002 5076.0200000000013 4248.505000000001 21831.170000000002
decision_type=2 2 2 2 2 2 2 2 2 2 2
left_child=-1 2 3 4 5 6 8 9 -2 -3 -10
right_child=1 7 -4 -5 -6 -7 -8 -9 10 -11 -12
leaf_value=-0.050003891003634227 -0.050007815067250133 0.050045565012386994 0.050045743625773499 0.050046567719469359 0.050045905333806123 0.050045905333803237 -0.050013612097232665 0.05004606546860866 -0.050004879147894178 0.050045744175414901 -0.050004055371741345
leaf_weight=0.094125484538381099 0.0032795991937744073 0.30926789157092571 0.25297024287283421 0.081722208298742771 0.034619263373315334 0.011539754457771778 0.0018130966709577478 0.23134330939501524 0.002111812871589791 0.26448348071426153 0.0017586288158781826
leaf_count=1210 30 27 22 7 3 1 13 20 22 23 22
internal_value=0.0420445 0.0492953 0.0477454 0.0434929 0.0337767 0.00630608 -0.0500076 0.0500458 -0.050006 0.0500456 -0.0500045
internal_weight=1.28903 1.19491 0.389815 0.136844 0.0551222 0.0205029 0.00896314 0.805095 0.00715004 0.573751 0.00387044
internal_count=1400 190 120 98 91 88 87 70 74 50 44
is_linear=0
shrinkage=0.05


Tree=138
num_leaves=13
num_cat=0
split_feature=10 11 7 13 17 17 3 2 3 1 4 2
split_gain=0.327338 0.000528796 0.00145081 0.00331527 0.00937304 0.0192149 2.86664e-11 9.91329e-12 6.69321e-12 6.23057e-13 2.26113e-13 1.38778e-17
threshold=1.0000000180025095e-35 1.0000000180025095e-35 1.0000000180025095e-35 0.10935000000000002 0.23030000000000003 0.22665000000000005 15449.115000000002 20297.310000000001 5076.0200000000013 5.5000000000000009 21831.170000000002 39462.515000000007
decision_type=2 2 2 2 2 2 2 2 2 2 2 2
left_child=11 2 3 4 5 6 8 -3 -2 -9 -10 -1
right_child=1 7 -4 -5 -6 -7 -8 9 10 -11 -12 -13
leaf_value=-0.050003697168469752 -0.050007433796014869 0.050043817093409805 0.050043507129241875 0.050044292922389891 0.05004366277254934 0.050043662772546293 -0.050012947179914904 0.050043370205072601 -0.05000464357442367 0.050043477383526928 -0.050003856610050385 -0.050003697168464062
leaf_weight=0.081691681989468745 0.0031196744457699932 0.22006877884268761 0.24064321722835302 0.077740013599395752 0.032932299189269543 0.010977433063089848 0.0017246932548005134 0.29439703933894634 0.0020088278033654206 0.25139725487679243 0.0016728659320506267 0.0078435854084091261
leaf_count=1104 30 20 22 7 3 1 13 27 22 23 22 106
internal_value=0.0420427 0.0492931 0.0477433 0.0434911 0.0337754 0.00630587 -0.0500072 0.0500435 -0.0500057 0.0500434 -0.0500043 -0.0500037
internal_weight=1.22622 1.13668 0.370819 0.130176 0.0524358 0.0195035 0.00852606 0.765863 0.00680137 0.545794 0.00368169 0.0895353
internal_count=1400 190 120 98 91 88 87 70 74 50 44 1210
is_linear=0
shrinkage=0.05


Tree=139
num_leaves=15
num_cat=0
split_feature=10 11 7 13 17 17 3 1 3 13 4 1 2 2
split_gain=0.311361 0.00050297 0.00137996 0.00315335 0.0089154 0.0182773 2.46829e-11 8.55638e-12 5.75727e-12 5.73319e-13 1.9439e-13 1.38778e-17 1.38778e-17 1.73472e-18
threshold=1.0000000180025095e-35 1.0000000180025095e-35 1.0000000180025095e-35 0.10935000000000002 0.23030000000000003 0.22665000000000005 15449.115000000002 2.5000000000000004 5076.0200000000013 0.061150000000000003 21831.170000000002 6.5000000000000009 29337.970000000005 41157.365000000005
decision_type=2 2 2 2 2 2 2 2 2 2 2 2 2 2
left_child=11 2 3 4 5 6 8 -3 -2 -9 -10 12 -1 -14
right_child=1 7 -4 -5 -6 -7 -8 9 10 -11 -12 -13 13 -15
leaf_value=-0.050003519749099425 -0.050007070868079255 0.050041678354649871 0.050041386373642097 0.050042131459825917 0.050041533857762471 0.050041533857759279 -0.050012317157010905 0.050041342539624771 -0.050004417478067553 0.050041235268288298 -0.05000366933357854 -0.050003519749096115 -0.050003519749094075 -0.050003519749064744
leaf_weight=0.063771079367143213 0.0029675471087100558 0.20934468694031239 0.22891637403517962 0.073951700702309608 0.031327472068369389 0.010442490689456463 0.0016405991264036857 0.31184324063360691 0.0019108645356027409 0.20735372044146061 0.0015912851231405511 0.011965875819441862 0.0080241755495080724 0.0014077500964049259
leaf_count=906 30 20 22 7 3 1 13 30 22 20 22 170 114 20
internal_value=0.0420411 0.049291 0.0477413 0.0434893 0.0337741 0.00630568 -0.0500068 0.0500414 -0.0500055 0.0500413 -0.0500041 -0.0500035 -0.0500035 -0.0500035
internal_weight=1.16646 1.08129 0.352748 0.123832 0.0498803 0.0185528 0.0081103 0.728542 0.0064697 0.519197 0.00350215 0.0851689 0.073203 0.00943193
internal_count=1400 190 120 98 91 88 87 70 74 50 44 1210 1040 134
is_linear=0
shrinkage=0.05


Tree=140
num_leaves=14
num_cat=0
split_feature=10 11 7 13 17 17 3 13 3 16 4 1 2
split_gain=0.296165 0.000478409 0.00131257 0.00299935 0.00848014 0.0173854 2.12346e-11 7.36344e-12 4.96374e-12 1.16557e-12 1.66956e-13 1.38778e-17 1.73472e-18
threshold=1.0000000180025095e-35 1.0000000180025095e-35 1.0000000180025095e-35 0.10935000000000002 0.23030000000000003 0.22665000000000005 15449.115000000002 0.21280000000000002 5076.0200000000013 4248.505000000001 21831.170000000002 6.5000000000000009 46914.595000000008
decision_type=2 2 2 2 2 2 2 2 2 2 2 2 2
left_child=11 2 3 4 5 6 8 9 -2 -3 -10 -1 -13
right_child=1 7 -4 -5 -6 -7 -8 -9 10 -11 -12 12 -14
leaf_value=-0.050003347022073256 -0.050006727362931873 0.050039213048836934 0.050039364057854058 0.050040076556919978 0.050039508282205596 0.05003950828220223 -0.050011714882980153 0.050039644235137494 -0.050004200627869089 0.050039367137985083 -0.050003489731247609 -0.050003347022068795 -0.050003347022047354
leaf_weight=0.069633085513487569 0.0028228370501890412 0.26622212026268244 0.21776056662201881 0.070347852073609829 0.029800789430737495 0.0099335964769124985 0.0015606044617015868 0.19914407655596733 0.0018176782396039926 0.22767134010791779 0.0015136825168156065 0.0095075943681877106 0.0018747369176708171
leaf_count=1040 30 27 22 7 3 1 13 20 22 23 22 142 28
internal_value=0.0420395 0.0492891 0.0477394 0.0434876 0.0337729 0.0063055 -0.0500065 0.0500394 -0.0500052 0.0500393 -0.0500039 -0.0500033 -0.0500033
internal_weight=1.10961 1.0286 0.335558 0.117797 0.0474492 0.0176484 0.0077148 0.693038 0.0061542 0.493893 0.00333136 0.0810154 0.0113823
internal_count=1400 190 120 98 91 88 87 70 74 50 44 1210 170
is_linear=0
shrinkage=0.05


Tree=141
num_leaves=14
num_cat=0
split_feature=10 11 7 13 17 17 3 15 3 13 4 1 3
split_gain=0.281711 0.000455048 0.00124848 0.00285288 0.00806614 0.0165371 1.82815e-11 6.33538e-12 4.27143e-12 6.98885e-13 1.43204e-13 1.38778e-17 1.38778e-17
threshold=1.0000000180025095e-35 1.0000000180025095e-35 1.0000000180025095e-35 0.10935000000000002 0.23030000000000003 0.22665000000000005 15449.115000000002 1.0000000180025095e-35 5076.0200000000013 0.071300000000000016 21831.170000000002 1.5000000000000002 736.41500000000008
decision_type=2 2 2 2 2 2 2 2 2 2 2 2 2
left_child=11 2 3 4 5 6 8 -3 -2 -9 -10 -1 -13
right_child=1 7 -4 -5 -6 -7 -8 9 10 -11 -12 12 -14
leaf_value=-0.050003187318352404 -0.050006399019531994 0.050037708836232264 0.050037442539789173 0.050038119520313867 0.050037575247819932 0.050037575247816407 -0.050011144226182039 0.050037416027861083 -0.050003995276100166 0.050037291502283879 -0.05000332022152696 -0.050003187318336487 -0.050003187318356346
leaf_weight=0.010572483297437429 0.0026851828733924768 0.18943774700164795 0.20714800804853439 0.066919496282935143 0.028348454274237156 0.009449484758079052 0.0014845094046904705 0.28227147553116083 0.0017290359501203056 0.18755316827446222 0.0014398641360457987 0.0024202070198953143 0.064071796368807554
leaf_count=166 30 20 22 7 3 1 13 30 22 20 22 38 1006
internal_value=0.042038 0.0492872 0.0477376 0.043486 0.0337718 0.00630532 -0.0500062 0.0500375 -0.0500049 0.0500374 -0.0500037 -0.0500032 -0.0500032
internal_weight=1.05553 0.978466 0.319204 0.112056 0.0451365 0.0167881 0.00733859 0.659262 0.00585408 0.469825 0.0031689 0.0770645 0.066492
internal_count=1400 190 120 98 91 88 87 70 74 50 44 1210 1044
is_linear=0
shrinkage=0.05


Tree=142
num_leaves=15
num_cat=0
split_feature=10 11 7 13 17 17 3 2 3 1 4 0 2 2
split_gain=0.267962 0.000432829 0.00118752 0.00271357 0.00767238 0.0157302 1.57291e-11 5.47384e-12 3.67362e-12 3.41283e-13 1.23472e-13 1.38778e-17 1.38778e-17 3.46945e-18
threshold=1.0000000180025095e-35 1.0000000180025095e-35 1.0000000180025095e-35 0.10935000000000002 0.23030000000000003 0.22665000000000005 15449.115000000002 20297.310000000001 5076.0200000000013 5.5000000000000009 21831.170000000002 3.5000000000000004 23602.990000000002 22447.465000000004
decision_type=2 2 2 2 2 2 2 2 2 2 2 2 2 2
left_child=11 2 3 4 5 6 8 -3 -2 -9 -10 12 -1 -13
right_child=1 7 -4 -5 -6 -7 -8 9 10 -11 -12 13 -14 -15
leaf_value=-0.050003029463983197 -0.050006086773923077 0.050035868860666743 0.05003561552656105 0.050036258437106455 0.050035744590909072 0.050035744590905366 -0.050010599964173313 0.050035502053285677 -0.050003801514609904 0.050035589702302374 -0.050003158822070085 -0.050003029463978221 -0.050003029463980254 -0.05000302946397276
leaf_weight=0.048103429922775831 0.0025542404691805123 0.180205088108778 0.19705228693783283 0.063658102415502071 0.026966845616698265 0.0089889485388994217 0.0014121239946689457 0.24106874316930771 0.0016447160851384979 0.20585829112678766 0.0013696454407181591 0.008299962089949986 0.012540818632260198 0.0043620238720905044
leaf_count=794 30 20 22 7 3 1 13 27 22 23 22 137 207 72
internal_value=0.0420365 0.0492854 0.0477358 0.0434845 0.0337707 0.00630516 -0.0500059 0.0500356 -0.0500047 0.0500355 -0.0500035 -0.050003 -0.050003 -0.050003
internal_weight=1.00409 0.930779 0.303647 0.106595 0.0429365 0.0159697 0.00698073 0.627132 0.0055686 0.446927 0.00301436 0.0733062 0.0606442 0.012662
internal_count=1400 190 120 98 91 88 87 70 74 50 44 1210 1001 209
is_linear=0
shrinkage=0.05


Tree=143
num_leaves=13
num_cat=0
split_feature=10 11 7 13 17 17 3 14 3 3 4 2
split_gain=0.254886 0.000411696 0.00112955 0.00258108 0.00729785 0.0149627 1.35421e-11 4.70457e-12 3.16432e-12 2.1122e-13 1.06099e-13 1.38778e-17
threshold=1.0000000180025095e-35 1.0000000180025095e-35 1.0000000180025095e-35 0.10935000000000002 0.23030000000000003 0.22665000000000005 15449.115000000002 0.55000000000000016 5076.0200000000013 12625.055000000002 21831.170000000002 47228.010000000009
decision_type=2 2 2 2 2 2 2 2 2 2 2 2
left_child=11 2 3 4 5 6 8 -3 -2 -9 -10 -1
right_child=1 7 -4 -5 -6 -7 -8 9 10 -11 -12 -13
leaf_value=-0.050002881767244135 -0.050005789783195399 0.050034073338631815 0.050033880430378153 0.050034488075202548 0.050033998090484921 0.050033998090481029 -0.050010083157432494 0.050033747939667722 -0.050003614823218905 0.050033823999718466 -0.05000300397947216 -0.050002881767201524
leaf_weight=0.0685786619578721 0.0024296827577927624 0.23118562344461679 0.18744827806949615 0.060555548407137394 0.025652529671788216 0.0085508432239294052 0.0013432674277282786 0.18673398718237877 0.0015645080165995751 0.17864713259041309 0.0013028509638388641 0.0011525825539138159
leaf_count=1190 30 27 22 7 3 1 13 22 22 21 22 20
internal_value=0.0420352 0.0492837 0.0477342 0.043483 0.0337697 0.006305 -0.0500056 0.0500339 -0.0500045 0.0500338 -0.0500033 -0.0500029
internal_weight=0.955145 0.885414 0.288848 0.101399 0.0408437 0.0151912 0.00664031 0.596567 0.00529704 0.365381 0.00286736 0.0697312
internal_count=1400 190 120 98 91 88 87 70 74 43 44 1210
is_linear=0
shrinkage=0.05


Tree=144
num_leaves=13
num_cat=0
split_feature=10 11 7 13 17 17 3 13 3 16 4 2
split_gain=0.242447 0.000391596 0.0010744 0.00245506 0.00694163 0.0142327 1.1653e-11 4.05176e-12 2.7248e-12 6.36158e-13 9.13683e-14 1.38778e-17
threshold=1.0000000180025095e-35 1.0000000180025095e-35 1.0000000180025095e-35 0.10935000000000002 0.23030000000000003 0.22665000000000005 15449.115000000002 0.21280000000000002 5076.0200000000013 1573.5300000000002 21831.170000000002 46005.835000000006
decision_type=2 2 2 2 2 2 2 2 2 2 2 2
left_child=11 2 3 4 5 6 8 9 -2 -3 -10 -1
right_child=1 7 -4 -5 -6 -7 -8 -9 10 -11 -12 -13
leaf_value=-0.050002740827484904 -0.050005508679971555 0.050032086571344218 0.050032226124232519 0.050032805761629245 0.0500323395120921 0.050032339512087999 -0.050009591717044943 0.050032452692515161 -0.050003439333294597 0.050032212930499968 -0.050002858128667921 -0.050002740827463456
leaf_weight=0.064083028330060188 0.0023111984264687644 0.17755360621958971 0.17831206787377596 0.0576041080057621 0.024402229115366936 0.0081340763717889786 0.001277767754800152 0.1630683708935976 0.0014882111718179658 0.22686815913766623 0.0012393137003527954 0.0022475655787275164
leaf_count=1169 30 22 22 7 3 1 13 20 22 28 22 41
internal_value=0.0420339 0.0492821 0.0477327 0.0434816 0.0337687 0.00630485 -0.0500053 0.0500322 -0.0500042 0.0500322 -0.0500032 -0.0500027
internal_weight=0.90859 0.842259 0.274769 0.0964569 0.0388528 0.0144506 0.00631649 0.56749 0.00503872 0.404422 0.00272752 0.0663306
internal_count=1400 190 120 98 91 88 87 70 74 50 44 1210
is_linear=0
shrinkage=0.05


Tree=145
num_leaves=15
num_cat=0
split_feature=10 11 7 13 17 17 3 2 3 1 4 0 1 2
split_gain=0.230616 0.000372479 0.00102195 0.0023352 0.0066028 0.0135383 1.00338e-11 3.46012e-12 2.34079e-12 2.16605e-13 7.92955e-14 1.38778e-17 6.93889e-18 3.46945e-18
threshold=1.0000000180025095e-35 1.0000000180025095e-35 1.0000000180025095e-35 0.10935000000000002 0.23030000000000003 0.22665000000000005 15449.115000000002 20297.310000000001 5076.0200000000013 5.5000000000000009 21831.170000000002 3.5000000000000004 1.5000000000000002 35248.490000000013
decision_type=2 2 2 2 2 2 2 2 2 2 2 2 2 2
left_child=11 2 3 4 5 6 8 -3 -2 -9 -10 12 -1 -13
right_child=1 7 -4 -5 -6 -7 -8 9 10 -11 -12 13 -14 -15
leaf_value=-0.050002605768557945 -0.050005238229841223 0.050030868542588036 0.05003065065854008 0.050031204312242221 0.050030761790477885 0.050030761790473582 -0.050009124269019517 0.050030554137698829 -0.050003272969546868 0.050030629411705468 -0.050002717818451482 -0.050002605768559027 -0.050002605768563524 -0.050002605768539377
leaf_weight=0.0074567737792676772 0.0021984914965287317 0.1551191434264183 0.16962088597938418 0.054796431679278612 0.023212832864373922 0.0077376109547913074 0.0012154613614256959 0.20750973792746663 0.0014156348515825812 0.1772009776905179 0.0011788748743128963 0.0089168413724109996 0.044740642675606068 0.001981520304980223
leaf_count=143 30 20 22 7 3 1 13 27 22 23 22 171 858 38
internal_value=0.0420326 0.0492805 0.0477312 0.0434803 0.0337678 0.00630471 -0.0500051 0.0500307 -0.050004 0.0500306 -0.050003 -0.0500026 -0.0500026 -0.0500026
internal_weight=0.864302 0.801206 0.261376 0.0917553 0.0369589 0.0137461 0.00600846 0.53983 0.004793 0.384711 0.00259451 0.0630958 0.0521974 0.0108984
internal_count=1400 190 120 98 91 88 87 70 74 50 44 1210 1001 209
is_linear=0
shrinkage=0.05


Tree=146
num_leaves=14
num_cat=0
split_feature=10 11 7 13 17 17 3 14 3 3 4 2 3
split_gain=0.219363 0.000354295 0.000972065 0.00222119 0.00628053 0.0128777 8.63986e-12 3.00227e-12 2.01764e-12 1.36058e-13 6.76204e-14 1.38778e-17 3.46945e-18
threshold=1.0000000180025095e-35 1.0000000180025095e-35 1.0000000180025095e-35 0.10935000000000002 0.23030000000000003 0.22665000000000005 15449.115000000002 0.55000000000000016 5076.0200000000013 12625.055000000002 21831.170000000002 15025.235000000002 6797.6850000000004
decision_type=2 2 2 2 2 2 2 2 2 2 2 2 2
left_child=11 2 3 4 5 6 8 -3 -2 -9 -10 -1 -13
right_child=1 7 -4 -5 -6 -7 -8 9 10 -11 -12 12 -14
leaf_value=-0.050002478994553692 -0.050004982806436518 0.050029324814082704 0.050029157459617772 0.050029681868136368 0.050029260181148942 0.050029260181144411 -0.050008679507492985 0.05002904449381821 -0.050003110766045071 0.050029110281192481 -0.050002585131389554 -0.050002478994545775 -0.050002478994552048
leaf_weight=0.037747304886579514 0.002091280221065972 0.19900179142132401 0.16135307727381587 0.052125523332506418 0.022081375122070312 0.0073604583740234375 0.0011561926294234581 0.16073811147361994 0.0013465977790474426 0.15377711597830057 0.0011213833749934565 0.0054066441953182212 0.016864761710166931
leaf_count=761 30 27 22 7 3 1 13 22 22 21 22 109 340
internal_value=0.0420315 0.049279 0.0477298 0.0434791 0.0337669 0.00630457 -0.0500048 0.0500292 -0.0500038 0.0500291 -0.0500029 -0.0500025 -0.0500025
internal_weight=0.822172 0.762153 0.248636 0.0872828 0.0351573 0.0130759 0.00571545 0.513517 0.00455926 0.314515 0.00246798 0.0600187 0.0222714
internal_count=1400 190 120 98 91 88 87 70 74 43 44 1210 449
is_linear=0
shrinkage=0.05


Tree=147
num_leaves=14
num_cat=0
split_feature=10 11 7 13 17 17 3 2 3 12 4 0 2
split_gain=0.208659 0.000337 0.000924614 0.00211276 0.005974 0.0122495 7.43122e-12 2.58737e-12 1.73438e-12 1.60816e-13 5.86506e-14 6.93889e-18 3.46945e-18
threshold=1.0000000180025095e-35 1.0000000180025095e-35 1.0000000180025095e-35 0.10935000000000002 0.23030000000000003 0.22665000000000005 15449.115000000002 20297.310000000001 5076.0200000000013 3130.5750000000003 21831.170000000002 3.5000000000000004 35248.490000000013
decision_type=2 2 2 2 2 2 2 2 2 2 2 2 2
left_child=11 2 3 4 5 6 8 -3 -2 -9 -10 -1 -13
right_child=1 7 -4 -5 -6 -7 -8 9 10 -11 -12 12 -14
leaf_value=-0.050002359358885577 -0.050004739822558243 0.050027930089228539 0.05002773342636492 0.050028233773578158 0.050027833215125696 0.050027833215120936 -0.050008255311792205 0.05002770350543552 -0.050002961244533108 0.050027634128525317 -0.050002459320905385 -0.050002359358880435 -0.050002359358858717
leaf_weight=0.047230404106812784 0.0019892967102350667 0.14036566903814673 0.15348804974928498 0.049584731925278902 0.021005038172006607 0.007001679390668869 0.0010998135367117357 0.2090806751511991 0.0012809271611331496 0.13903970690444112 0.0010666954694897868 0.0080683307714934926 0.0017929623936652215
leaf_count=1001 30 20 22 7 3 1 13 30 22 20 22 171 38
internal_value=0.0420304 0.0492776 0.0477284 0.0434779 0.0337661 0.00630444 -0.0500046 0.0500277 -0.0500037 0.0500277 -0.0500027 -0.0500024 -0.0500024
internal_weight=0.782094 0.725002 0.236516 0.0830282 0.0334435 0.0124384 0.00543673 0.488486 0.00433692 0.34812 0.00234762 0.0570917 0.00986129
internal_count=1400 190 120 98 91 88 87 70 74 50 44 1210 209
is_linear=0
shrinkage=0.05


Tree=148
num_leaves=14
num_cat=0
split_feature=10 11 7 13 17 17 3 13 3 17 4 2 2
split_gain=0.198478 0.00032055 0.000879483 0.00200963 0.00568244 0.0116518 6.39716e-12 2.22528e-12 1.49179e-12 3.48332e-13 5.04713e-14 6.93889e-18 4.33681e-19
threshold=1.0000000180025095e-35 1.0000000180025095e-35 1.0000000180025095e-35 0.10935000000000002 0.23030000000000003 0.22665000000000005 15449.115000000002 0.21280000000000002 5076.0200000000013 0.07715000000000001 21831.170000000002 41625.115000000005 47091.345000000008
decision_type=2 2 2 2 2 2 2 2 2 2 2 2 2
left_child=11 2 3 4 5 6 8 9 -2 -3 -10 -1 -13
right_child=1 7 -4 -5 -6 -7 -8 -9 10 -11 -12 12 -14
leaf_value=-0.050002241204325781 -0.050004508239150515 0.050026265119444503 0.050026380664800967 0.050026857031060384 0.050026473361601244 0.050026473361596241 -0.050007852972089345 0.050026567293687367 -0.050002817027785362 0.050026369053264789 -0.050002339630141793 -0.050002241204298914 -0.050002241204282184
leaf_weight=0.051390084863669472 0.0018922861163446214 0.13876430504024029 0.14600619999691844 0.047167721670120955 0.019981139805167913 0.0066603799350559711 0.0010461832025612239 0.13352449238300323 0.0012184590341348667 0.19238576479256153 0.001014674489852041 0.0017952868074644348 0.0011220542546652723
leaf_count=1145 30 21 22 7 3 1 13 20 22 29 22 40 25
internal_value=0.0420293 0.0492763 0.0477272 0.0434768 0.0337653 0.00630432 -0.0500044 0.0500264 -0.0500035 0.0500263 -0.0500026 -0.0500022 -0.0500022
internal_weight=0.743969 0.689662 0.224987 0.0789808 0.0318131 0.011832 0.0051716 0.464675 0.00412542 0.33115 0.00223313 0.0543074 0.00291734
internal_count=1400 190 120 98 91 88 87 70 74 50 44 1210 65
is_linear=0
shrinkage=0.05


Tree=149
num_leaves=13
num_cat=0
split_feature=10 11 7 13 17 17 3 13 3 16 2 0
split_gain=0.188793 0.000304904 0.000836556 0.00191153 0.00540511 0.0110834 5.06258e-12 1.90148e-12 1.263e-12 3.09586e-13 1.53042e-14 6.93889e-18
threshold=1.0000000180025095e-35 1.0000000180025095e-35 1.0000000180025095e-35 0.10935000000000002 0.23030000000000003 0.22665000000000005 15221.535000000002 0.21280000000000002 5076.0200000000013 1573.5300000000002 28827.300000000003 2.5000000000000004
decision_type=2 2 2 2 2 2 2 2 2 2 2 2
left_child=11 2 3 4 5 6 8 9 -2 -3 -10 -1
right_child=1 7 -4 -5 -6 -7 -8 -9 10 -11 -12 -13
leaf_value=-0.050002134557563617 -0.05000428865757809 0.050024984633116068 0.050025094582410307 0.050025545822252583 0.050025184055274854 0.050025184055269581 -0.050007250337545377 0.050025269830329122 -0.05000261136742791 0.050025084518840593 -0.050002340086827392 -0.050002134557565317
leaf_weight=0.016095385148219066 0.0018000059317273553 0.13829793501645327 0.13888887502253056 0.044868470635265112 0.019007126335054636 0.0063357087783515453 0.0010376788632129319 0.12701563537120819 0.0010743135098891798 0.17670964263379574 0.0010074028832605109 0.03556354331158218
leaf_count=377 30 22 22 7 3 1 14 20 21 28 22 833
internal_value=0.0420283 0.0492751 0.047726 0.0434757 0.0337645 0.00630421 -0.0500041 0.0500251 -0.0500033 0.050025 -0.0500025 -0.0500021
internal_weight=0.707702 0.656043 0.21402 0.0751307 0.0302622 0.0112551 0.0049194 0.442023 0.00388172 0.315008 0.00208172 0.0516589
internal_count=1400 190 120 98 91 88 87 70 73 50 43 1210
is_linear=0
shrinkage=0.05


Tree=150
num_leaves=12
num_cat=0
split_feature=10 11 7 13 17 17 17 14 2 6 4
split_gain=0.179582 0.000290022 0.000795727 0.00181823 0.00514134 0.0105427 4.3084e-12 1.65096e-12 1.44951e-12 7.44405e-14 7.42288e-14
threshold=1.0000000180025095e-35 1.0000000180025095e-35 1.0000000180025095e-35 0.10935000000000002 0.23030000000000003 0.22665000000000005 0.011400000000000002 0.55000000000000016 15228.065000000002 1.5000000000000002 21831.170000000002
decision_type=2 2 2 2 2 2 2 2 2 2 2
left_child=-1 2 3 4 5 6 8 -3 -2 -9 -10
right_child=1 7 -4 -5 -6 -7 -8 9 10 -11 -12
leaf_value=-0.050002033479674184 -0.050004334292030918 0.050024006673068923 0.050023870904826719 0.050024299215776336 0.05002395195330607 0.05002395195330054 -0.050006692018678446 0.050023828356540893 -0.050002591590915905 0.050023774438607206 -0.050002002628238312
leaf_weight=0.04913959313853411 0.0014407825838134158 0.1629458456300199 0.13211833499372005 0.042681246530264616 0.018080571200698614 0.006026857066899538 0.0010943261877400801 0.13789254007861018 0.0010232728418486658 0.11963713448494673 0.0011211160053790081
leaf_count=1210 25 27 22 7 3 1 14 23 20 20 28
internal_value=0.0420273 0.0492739 0.0477248 0.0434747 0.0337638 0.00630409 -0.0500039 0.0500239 -0.0500031 0.0500238 -0.0500023
internal_weight=0.673202 0.624062 0.203587 0.0714682 0.0287869 0.0107064 0.0046795 0.420476 0.00358517 0.25753 0.00214439
internal_count=1400 190 120 98 91 88 87 70 73 43 48
is_linear=0
shrinkage=0.05


Tree=151
num_leaves=15
num_cat=0
split_feature=10 11 7 13 17 17 17 2 2 12 4 0 2 2
split_gain=0.17082 0.000275867 0.00075689 0.00172948 0.00489044 0.0100284 3.7085e-12 1.41587e-12 1.24874e-12 8.64309e-14 5.96164e-14 6.93889e-18 6.93889e-18 6.93889e-18
threshold=1.0000000180025095e-35 1.0000000180025095e-35 1.0000000180025095e-35 0.10935000000000002 0.23030000000000003 0.22665000000000005 0.011400000000000002 20297.310000000001 15228.065000000002 3130.5750000000003 21860.085000000003 3.5000000000000004 2152.5450000000005 41721.950000000004
decision_type=2 2 2 2 2 2 2 2 2 2 2 2 2 2
left_child=11 2 3 4 5 6 8 -3 -2 -9 -10 12 -1 -14
right_child=1 7 -4 -5 -6 -7 -8 9 10 -11 -12 -13 13 -15
leaf_value=-0.050001935261662168 -0.050004123688984436 0.050022864718071547 0.050022702884834014 0.050023113550354228 0.050022787378445455 0.05002278737843964 -0.05000636599710117 0.050022679283291932 -0.05000244462657804 0.050022623075450627 -0.05000190399380347 -0.050001935261676511 -0.050001935261681264 -0.050001935261647749
leaf_weight=0.0024337325048691119 0.0013705204364669044 0.1149330991320312 0.12567770248278975 0.040600595530122519 0.017199162393808365 0.005733054131269455 0.0010409618698759004 0.17119752848520875 0.0010119441394635942 0.11384714627638459 0.0010278660811309237 0.0080738110082165804 0.034806237887096358 0.0014293349631770971
leaf_count=63 25 20 22 7 3 1 14 30 21 20 27 209 901 37
internal_value=0.0420264 0.0492727 0.0477237 0.0434737 0.0337631 0.00630399 -0.0500038 0.0500227 -0.050003 0.0500227 -0.0500022 -0.0500019 -0.0500019 -0.0500019
internal_weight=0.640383 0.59364 0.193662 0.0679841 0.0273835 0.0101843 0.00445129 0.399978 0.00341033 0.285045 0.00203981 0.0467431 0.0386693 0.0362356
internal_count=1400 190 120 98 91 88 87 70 73 50 48 1210 1001 938
is_linear=0
shrinkage=0.05


Tree=152
num_leaves=14
num_cat=0
split_feature=10 11 7 13 17 17 16 15 2 13 3 3 3
split_gain=0.162485 0.000262403 0.000719951 0.00164507 0.00465179 0.00953912 2.96665e-12 1.23129e-12 9.5663e-13 1.35059e-13 6.93889e-18 1.73472e-18 1.73472e-18
threshold=1.0000000180025095e-35 1.0000000180025095e-35 1.0000000180025095e-35 0.10935000000000002 0.23030000000000003 0.22665000000000005 98.640000000000015 1.0000000180025095e-35 15228.065000000002 0.071300000000000016 7411.3900000000003 15931.390000000001 14413.820000000002
decision_type=2 2 2 2 2 2 2 2 2 2 2 2 2
left_child=10 2 3 4 5 6 8 -3 -2 -9 -1 12 -12
right_child=1 7 -4 -5 -6 -7 -8 9 -10 -11 11 -13 -14
leaf_value=-0.050001836477833995 -0.050003818011239098 0.050021749904957252 0.050021595340306091 0.050021985521228697 0.050021675372675038 0.050021675372668911 -0.050005947292483838 0.050021579899562824 -0.050002081918953528 0.050021507846826276 -0.050001836477829853 -0.050001836477792931 -0.05000183647778686
leaf_weight=0.033402753662812756 0.0013993980610393919 0.1093302546069026 0.11955091031268239 0.038621330168098211 0.016360703855752945 0.0054535679519176483 0.0010022147798736114 0.1629066844470799 0.0018326026656723116 0.1082419054582715 0.0088559555915708188 0.0011758945183828482 0.0010289077035849923
leaf_count=909 27 20 22 7 3 1 15 30 45 20 241 32 28
internal_value=0.0420255 0.0492716 0.0477227 0.0434728 0.0337624 0.00630389 -0.0500036 0.0500216 -0.0500028 0.0500216 -0.0500018 -0.0500018 -0.0500018
internal_weight=0.609163 0.5647 0.184221 0.0646698 0.0260485 0.00968778 0.00423422 0.380479 0.003232 0.271149 0.0444635 0.0110608 0.00988486
internal_count=1400 190 120 98 91 88 87 70 72 50 1210 301 269
is_linear=0
shrinkage=0.05


Tree=153
num_leaves=11
num_cat=0
split_feature=10 11 7 13 17 17 1 14 13 2
split_gain=0.154558 0.000249597 0.000684816 0.00156478 0.0044248 0.00907377 2.39761e-12 1.04944e-12 4.84335e-14 1.92251e-15
threshold=1.0000000180025095e-35 1.0000000180025095e-35 1.0000000180025095e-35 0.10935000000000002 0.23030000000000003 0.22665000000000005 5.5000000000000009 0.55000000000000016 0.061150000000000003 13159.440000000001
decision_type=2 2 2 2 2 2 2 2 2 2
left_child=-1 2 3 4 5 6 9 -3 -9 -2
right_child=1 7 -4 -5 -6 -7 -8 8 -10 -11
leaf_value=-0.050001748497565862 -0.050002231309005919 0.050020661073886377 0.050020541107938403 0.05002091377849785 0.050020613968628724 0.050020613968622299 -0.050004622751120831 0.050020508085875326 0.050020461220726176 -0.050002133858518566
leaf_weight=0.042295073544664774 0.001018525585095631 0.14025795832276344 0.11372268013656139 0.03673851303756237 0.015563104301691055 0.0051877014338970184 0.0020033176260767505 0.11869226908311248 0.10297987936064601 0.0010058808620669879
leaf_count=1210 23 27 22 7 3 1 40 23 20 24
internal_value=0.0420247 0.0492706 0.0477217 0.0434719 0.0337618 0.00630379 -0.0500034 0.0500206 0.0500205 -0.0500022
internal_weight=0.579465 0.53717 0.17524 0.061517 0.0247785 0.00921543 0.00402772 0.36193 0.221672 0.00202441
internal_count=1400 190 120 98 91 88 87 70 43 47
is_linear=0
shrinkage=0.05


Tree=154
num_leaves=12
num_cat=0
split_feature=10 11 7 13 17 17 1 1 13 2 2
split_gain=0.147017 0.000237416 0.000651396 0.00148842 0.00420888 0.00863113 2.06211e-12 9.09606e-13 5.96467e-14 6.93889e-18 3.46945e-18
threshold=1.0000000180025095e-35 1.0000000180025095e-35 1.0000000180025095e-35 0.10935000000000002 0.23030000000000003 0.22665000000000005 5.5000000000000009 2.5000000000000004 0.061150000000000003 14501.290000000003 13980.715000000002
decision_type=2 2 2 2 2 2 2 2 2 2 2
left_child=9 2 3 4 5 6 -2 -3 -9 10 -1
right_child=1 7 -4 -5 -6 -7 -8 8 -10 -11 -12
leaf_value=-0.050001663080828762 -0.050002076789623665 0.05001967915750364 0.050019539497361411 0.050019892316595621 0.050019608614689515 0.050019608614682756 -0.050004396792368337 0.050019519668493641 0.050019469329537304 -0.050001663080827978 -0.050001663080782514
leaf_weight=0.022576684772502631 0.0019256789455539547 0.098930047824978828 0.10817847354337573 0.034947449807077646 0.014804373029619455 0.0049347910098731518 0.0019056230630667415 0.14736688556149602 0.097988362889736891 0.016624951967969537 0.0010307470220141104
leaf_count=679 47 20 22 7 3 1 40 30 20 500 31
internal_value=0.0420239 0.0492696 0.0477207 0.0434711 0.0337612 0.0063037 -0.0500032 0.0500196 0.0500195 -0.0500017 -0.0500017
internal_weight=0.551214 0.510982 0.166696 0.0585179 0.0235705 0.00876609 0.0038313 0.344285 0.245355 0.0402324 0.0236074
internal_count=1400 190 120 98 91 88 87 70 50 1210 710
is_linear=0
shrinkage=0.05


Tree=155
num_leaves=10
num_cat=0
split_feature=10 11 7 13 17 17 1 14 3
split_gain=0.139845 0.000225831 0.000619608 0.00141578 0.00400351 0.00821008 1.77512e-12 7.83928e-13 3.3612e-14
threshold=1.0000000180025095e-35 1.0000000180025095e-35 1.0000000180025095e-35 0.10935000000000002 0.23030000000000003 0.22665000000000005 5.5000000000000009 0.55000000000000016 12625.055000000002
decision_type=2 2 2 2 2 2 2 2 2
left_child=-1 2 3 4 5 6 -2 -3 -9
right_child=1 7 -4 -5 -6 -7 -8 8 -10
leaf_value=-0.050001581563045377 -0.050001975325162151 0.050018695169723397 0.050018585823294451 0.050018922754970642 0.050018654403000996 0.050018654402993891 -0.050004182328608628 0.050018516369494483 0.050018557314438564
leaf_weight=0.038270287441264372 0.0018317661015316844 0.1269155228510499 0.10290445620194077 0.033243670593947172 0.014082617126405239 0.0046942057088017464 0.0018126923168892972 0.10251209465786815 0.098072773311287165
leaf_count=1210 47 27 22 7 3 1 40 22 21
internal_value=0.0420232 0.0492687 0.0477198 0.0434703 0.0337607 0.00630362 -0.0500031 0.0500186 0.0500185
internal_weight=0.52434 0.48607 0.158569 0.055665 0.0224213 0.00833866 0.00364446 0.3275 0.200585
internal_count=1400 190 120 98 91 88 87 70 43
is_linear=0
shrinkage=0.05


Tree=156
num_leaves=13
num_cat=0
split_feature=10 11 7 13 17 17 1 2 12 0 2 2
split_gain=0.133022 0.00021481 0.000589374 0.00134669 0.00380817 0.00780958 1.52964e-12 6.72407e-13 4.22162e-14 6.93889e-18 1.73472e-18 1.73472e-18
threshold=1.0000000180025095e-35 1.0000000180025095e-35 1.0000000180025095e-35 0.10935000000000002 0.23030000000000003 0.22665000000000005 5.5000000000000009 20297.310000000001 3130.5750000000003 2.5000000000000004 28060.430000000004 14821.035000000002
decision_type=2 2 2 2 2 2 2 2 2 2 2 2
left_child=9 2 3 4 5 6 -2 -3 -9 10 11 -1
right_child=1 7 -4 -5 -6 -7 -8 8 -10 -11 -12 -13
leaf_value=-0.050001502430000913 -0.050001878198201705 0.050017805843675503 0.050017682408501234 0.050017998159908372 0.050017743814767326 0.050017743814759853 -0.050003978784826209 0.050017661297501008 0.050017616778156672 -0.050001502430004723 -0.050001502429961757 -0.050001502429975912
leaf_weight=0.0086045536445453763 0.0017424331108486513 0.089518846478313208 0.097887473180890083 0.031622927635908127 0.013396037276834249 0.0044653457589447498 0.0017242931280634366 0.13334177900105715 0.088672890327870846 0.025061514636036009 0.0011131765204481789 0.0016246360028162607
leaf_count=286 47 20 22 7 3 1 40 30 20 833 37 54
internal_value=0.0420225 0.0492678 0.047719 0.0434695 0.0337601 0.00630353 -0.0500029 0.0500177 0.0500176 -0.0500015 -0.0500015 -0.0500015
internal_weight=0.498776 0.462372 0.150839 0.052951 0.0213281 0.00793207 0.00346673 0.311534 0.222015 0.0364039 0.0113424 0.0102292
internal_count=1400 190 120 98 91 88 87 70 50 1210 377 340
is_linear=0
shrinkage=0.05


Tree=157
num_leaves=14
num_cat=0
split_feature=10 11 7 13 17 17 1 13 16 0 3 1 2
split_gain=0.126532 0.000204328 0.000560614 0.00128097 0.00362236 0.00742862 1.31599e-12 5.85976e-13 9.31477e-14 6.93889e-18 3.46945e-18 1.73472e-18 4.33681e-19
threshold=1.0000000180025095e-35 1.0000000180025095e-35 1.0000000180025095e-35 0.10935000000000002 0.23030000000000003 0.22665000000000005 5.5000000000000009 0.21280000000000002 1573.5300000000002 2.5000000000000004 1340.3550000000002 5.5000000000000009 27101.210000000003
decision_type=2 2 2 2 2 2 2 2 2 2 2 2 2
left_child=9 2 3 4 5 6 -2 8 -3 11 -11 -1 -13
right_child=1 7 -4 -5 -6 -7 -8 -9 -10 10 -12 12 -14
leaf_value=-0.050001430093677503 -0.050001786936353709 0.050016744611058997 0.050016819364357069 0.050017121053649652 0.050016877267998874 0.050016877267991026 -0.050003784634125498 0.050016937525071303 0.0500168115244818 -0.050001430093652682 -0.050001430093681604 -0.050001430093657755 -0.050001430093633926
leaf_weight=0.0078701116308366181 0.0016574565961491308 0.092718666885048151 0.093115012627094984 0.030081173405051231 0.012742919381707907 0.0042476397939026356 0.0016402045566792367 0.085155061446130276 0.1184711055830121 0.0016026409139158196 0.022236642680582008 0.001917445379149286 0.0010016505711973878
leaf_count=275 47 22 22 7 3 1 40 20 28 56 777 67 35
internal_value=0.0420218 0.0492669 0.0477182 0.0434688 0.0337596 0.00630345 -0.0500028 0.0500168 0.0500168 -0.0500014 -0.0500014 -0.0500014 -0.0500014
internal_weight=0.474458 0.439829 0.143484 0.0503694 0.0202882 0.0075453 0.00329766 0.296345 0.21119 0.0346285 0.0238393 0.0107892 0.0029191
internal_count=1400 190 120 98 91 88 87 70 50 1210 833 377 102
is_linear=0
shrinkage=0.05


Tree=158
num_leaves=12
num_cat=0
split_feature=10 11 7 13 17 17 1 2 1 1 1
split_gain=0.12036 0.000194357 0.000533259 0.00121846 0.00344562 0.00706624 1.13167e-12 4.99767e-13 3.12528e-14 6.93889e-18 1.73472e-18
threshold=1.0000000180025095e-35 1.0000000180025095e-35 1.0000000180025095e-35 0.10935000000000002 0.23030000000000003 0.22665000000000005 5.5000000000000009 20297.310000000001 5.5000000000000009 3.5000000000000004 2.5000000000000004
decision_type=2 2 2 2 2 2 2 2 2 2 2
left_child=9 2 3 4 5 6 -2 -3 -9 10 -1
right_child=1 7 -4 -5 -6 -7 -8 8 -10 -11 -12
leaf_value=-0.050001359754482444 -0.05000170128167606 0.050016111058161651 0.050016000425289531 0.050016284968293911 0.050016053928287257 0.050016053928279007 -0.050003600691294163 0.050015945712759004 0.050015985286591139 -0.050001359754485233 -0.050001359754476095
leaf_weight=0.0093102252394601237 0.001576624119479674 0.081002689432352781 0.088575153611600399 0.028614562936127186 0.012121634557843208 0.0040405448526144028 0.0015602164457959589 0.10836033476516604 0.092533410061150789 0.019355468260982889 0.0042739922882901746
leaf_count=342 47 20 22 7 3 1 40 27 23 711 157
internal_value=0.0420212 0.0492661 0.0477174 0.0434681 0.0337591 0.00630338 -0.0500026 0.050016 0.050016 -0.0500014 -0.0500014
internal_weight=0.451325 0.418385 0.136489 0.0479136 0.019299 0.00717739 0.00313684 0.281896 0.200894 0.0329397 0.0135842
internal_count=1400 190 120 98 91 88 87 70 50 1210 499
is_linear=0
shrinkage=0.05


Tree=159
num_leaves=12
num_cat=0
split_feature=10 11 7 13 17 17 1 13 16 1 1
split_gain=0.114488 0.000184874 0.000507239 0.00115901 0.0032775 0.00672155 9.73992e-13 4.29878e-13 6.71962e-14 6.93889e-18 3.46945e-18
threshold=1.0000000180025095e-35 1.0000000180025095e-35 1.0000000180025095e-35 0.10935000000000002 0.23030000000000003 0.22665000000000005 5.5000000000000009 0.21280000000000002 4248.505000000001 2.5000000000000004 3.5000000000000004
decision_type=2 2 2 2 2 2 2 2 2 2 2
left_child=9 2 3 4 5 6 -2 8 -3 -1 -11
right_child=1 7 -4 -5 -6 -7 -8 -9 -10 10 -12
leaf_value=-0.050001292492621176 -0.050001617914478706 0.050015157934543045 0.050015216954736069 0.050015490144869307 0.050015268450923633 0.050015268450914953 -0.050003424648778452 0.050015325249086022 0.050015217419578789 -0.050001292492614535 -0.050001292492624111
leaf_weight=0.0088561716183903627 0.0014997336984379208 0.10300703789107502 0.084256576141342521 0.027219436364248395 0.011530632153153419 0.0038435440510511398 0.0014841288757452276 0.077053916174918413 0.088091310346499085 0.0040655524680914814 0.018411514680337859
leaf_count=342 47 27 22 7 3 1 40 20 23 157 711
internal_value=0.0420205 0.0492654 0.0477167 0.0434674 0.0337587 0.00630331 -0.0500025 0.0500152 0.0500152 -0.0500013 -0.0500013
internal_weight=0.42932 0.397986 0.129834 0.0455775 0.018358 0.00682741 0.00298386 0.268152 0.191098 0.0313332 0.0224771
internal_count=1400 190 120 98 91 88 87 70 50 1210 868
is_linear=0
shrinkage=0.05


Tree=160
num_leaves=12
num_cat=0
split_feature=10 11 7 13 17 17 1 14 6 4 4
split_gain=0.108903 0.000175853 0.000482489 0.00110245 0.0031176 0.00639367 8.40014e-13 3.67484e-13 1.69309e-14 3.46945e-18 8.67362e-19
threshold=1.0000000180025095e-35 1.0000000180025095e-35 1.0000000180025095e-35 0.10935000000000002 0.23030000000000003 0.22665000000000005 5.5000000000000009 0.55000000000000016 1.5000000000000002 3989.5200000000004 2705.7450000000003
decision_type=2 2 2 2 2 2 2 2 2 2 2
left_child=9 2 3 4 5 6 -2 -3 -9 10 -1
right_child=1 7 -4 -5 -6 -7 -8 8 -10 -11 -12
leaf_value=-0.050001229528704776 -0.050001537592866976 0.050014557875496406 0.050014473535719008 0.050014734733785149 0.050014525864567776 0.050014525864558651 -0.050003257942439351 0.050014450024525842 0.05001441701864115 -0.050001229528714011 -0.050001229528683883
leaf_weight=0.004409189470607088 0.0014265930331021073 0.098849912406876683 0.080148495733737946 0.025892309844493866 0.010968435555696487 0.0036561451852321625 0.0014117516475380398 0.083651316119357944 0.072576788486912847 0.023844108422053978 0.0015518376349064056
leaf_count=179 47 27 22 7 3 1 40 23 20 968 63
internal_value=0.04202 0.0492646 0.047716 0.0434668 0.0337582 0.00630324 -0.0500024 0.0500145 0.0500144 -0.0500012 -0.0500012
internal_weight=0.408387 0.378582 0.123504 0.0433552 0.0174629 0.00649449 0.00283834 0.255078 0.156228 0.0298051 0.00596103
internal_count=1400 190 120 98 91 88 87 70 43 1210 242
is_linear=0
shrinkage=0.05


Tree=161
num_leaves=11
num_cat=0
split_feature=10 11 7 13 17 17 1 13 16 1
split_gain=0.10359 0.000167273 0.000458947 0.00104866 0.00296549 0.00608179 7.22547e-13 3.16247e-13 5.01543e-14 6.93889e-18
threshold=1.0000000180025095e-35 1.0000000180025095e-35 1.0000000180025095e-35 0.10935000000000002 0.23030000000000003 0.22665000000000005 5.5000000000000009 0.21280000000000002 4248.505000000001 1.5000000000000002
decision_type=2 2 2 2 2 2 2 2 2 2
left_child=9 2 3 4 5 6 -2 8 -3 -1
right_child=1 7 -4 -5 -6 -7 -8 -9 -10 -11
leaf_value=-0.050001172237460118 -0.050001463012348007 0.050013714458831515 0.05001376800918355 0.050014017649881518 0.050013817679595757 0.05001381767958616 -0.05000309893726898 0.050013865498754043 0.050013768486237543 -0.050001172237470914
leaf_weight=0.0038895521975064176 0.0013570192604674949 0.093207235913723707 0.076240654569119215 0.02462987182661891 0.010433642892166972 0.0034778809640556574 0.0013429038717731601 0.069723258726298809 0.079710564110428095 0.024462002977088559
leaf_count=166 47 27 22 7 3 1 40 20 23 1044
internal_value=0.0420194 0.0492639 0.0477153 0.0434662 0.0337578 0.00630318 -0.0500023 0.0500138 0.0500137 -0.0500012
internal_weight=0.388475 0.360123 0.117482 0.0412413 0.0166114 0.0061778 0.00269992 0.242641 0.172918 0.0283516
internal_count=1400 190 120 98 91 88 87 70 50 1210
is_linear=0
shrinkage=0.05


Tree=162
num_leaves=12
num_cat=0
split_feature=10 11 7 13 17 17 1 2 12 1 3
split_gain=0.0985368 0.000159111 0.000436555 0.000997495 0.00282081 0.00578513 6.20426e-13 2.72726e-13 1.66256e-14 3.46945e-18 4.33681e-19
threshold=1.0000000180025095e-35 1.0000000180025095e-35 1.0000000180025095e-35 0.10935000000000002 0.23030000000000003 0.22665000000000005 5.5000000000000009 20297.310000000001 3130.5750000000003 6.5000000000000009 8219.8050000000021
decision_type=2 2 2 2 2 2 2 2 2 2 2
left_child=9 2 3 4 5 6 -2 -3 -9 -1 -11
right_child=1 7 -4 -5 -6 -7 -8 8 -10 10 -12
leaf_value=-0.050001114000891661 -0.05000139217308578 0.05001318929856037 0.05001309692960644 0.050013332450198816 0.050013143016352062 0.050013143016341979 -0.050002946464062316 0.050013082148261605 0.050013049703173829 -0.050001114000871399 -0.050001114000861761
leaf_weight=0.023179849958978593 0.0012908384378533802 0.066323191160336137 0.072523304261267185 0.023428971180692315 0.0099249186459928751 0.0033083062153309584 0.00127741345022514 0.09879083395935595 0.065696310717612505 0.0022288317268248639 0.0015601822087774053
leaf_count=1040 47 20 22 7 3 1 40 30 20 100 70
internal_value=0.0420189 0.0492633 0.0477147 0.0434657 0.0337574 0.00630312 -0.0500022 0.0500131 0.0500131 -0.0500011 -0.0500011
internal_weight=0.369533 0.342564 0.111754 0.0392304 0.0158015 0.00587656 0.00256825 0.23081 0.164487 0.0269689 0.00378901
internal_count=1400 190 120 98 91 88 87 70 50 1210 170
is_linear=0
shrinkage=0.05


Tree=163
num_leaves=13
num_cat=0
split_feature=10 11 7 13 17 17 1 13 16 1 2 2
split_gain=0.09373 0.000151348 0.000415256 0.000948825 0.0026832 0.00550294 5.34593e-13 2.35062e-13 3.84692e-14 3.46945e-18 4.33681e-19 4.33681e-19
threshold=1.0000000180025095e-35 1.0000000180025095e-35 1.0000000180025095e-35 0.10935000000000002 0.23030000000000003 0.22665000000000005 5.5000000000000009 0.21280000000000002 1573.5300000000002 1.5000000000000002 6776.0300000000007 4115.0700000000006
decision_type=2 2 2 2 2 2 2 2 2 2 2 2
left_child=9 2 3 4 5 6 -2 8 -3 10 11 -1
right_child=1 7 -4 -5 -6 -7 -8 -9 -10 -11 -12 -13
leaf_value=-0.050001059580836865 -0.050001324371845769 0.050012403562848896 0.050012456226568004 0.050012681746008092 0.050012503467117359 0.050012503467106763 -0.050002803669234257 0.050012545908788154 0.050012453505563562 -0.050001059580873877 -0.050001059580833257 -0.050001059580829892
leaf_weight=0.001272079534828662 0.0012278851154405865 0.068693467415869236 0.068987160222604871 0.022286609280854464 0.0094409922603517771 0.003146997420117259 0.001215116662933724 0.063089842908084393 0.087773009669035673 0.022134183906018734 0.0011660729069262743 0.0010812676046043634
leaf_count=60 47 22 22 7 3 1 40 20 28 1044 55 51
internal_value=0.0420184 0.0492627 0.0477141 0.0434651 0.033757 0.00630306 -0.0500021 0.0500125 0.0500124 -0.0500011 -0.0500011 -0.0500011
internal_weight=0.351515 0.325861 0.106305 0.0373176 0.015031 0.00559 0.002443 0.219556 0.156466 0.0256536 0.00351942 0.00235335
internal_count=1400 190 120 98 91 88 87 70 50 1210 166 111
is_linear=0
shrinkage=0.05


Tree=164
num_leaves=11
num_cat=0
split_feature=10 11 7 13 17 17 1 13 16 2
split_gain=0.0891577 0.000143964 0.000394996 0.000902532 0.00255229 0.00523452 4.60236e-13 1.99979e-13 3.45002e-14 6.93889e-18
threshold=1.0000000180025095e-35 1.0000000180025095e-35 1.0000000180025095e-35 0.10935000000000002 0.23030000000000003 0.22665000000000005 5.5000000000000009 0.21280000000000002 3076.6850000000004 15515.770000000002
decision_type=2 2 2 2 2 2 2 2 2 2
left_child=9 2 3 4 5 6 -2 8 -3 -1
right_child=1 7 -4 -5 -6 -7 -8 -9 -10 -11
leaf_value=-0.050001005671896186 -0.050001260130827674 0.05001180013625766 0.050011850615723545 0.050012063849606159 0.050011892161038102 0.050011892161026951 -0.050002667444906723 0.050011933351769788 0.050011848324652733 -0.05000100567189341
leaf_weight=0.015952369658407406 0.0011680019197228839 0.071296655340120196 0.065623394679278135 0.021199934417381883 0.0089806567411869764 0.0029935522470623255 0.0011558577953110216 0.060013631591573358 0.077540619764477015 0.0084501174296747195
leaf_count=791 47 24 22 7 3 1 40 20 26 419
internal_value=0.0420179 0.0492621 0.0477135 0.0434646 0.0337567 0.006303 -0.050002 0.0500119 0.0500118 -0.050001
internal_weight=0.334375 0.309972 0.101121 0.035498 0.0142981 0.00531741 0.00232386 0.208851 0.148837 0.0244025
internal_count=1400 190 120 98 91 88 87 70 50 1210
is_linear=0
shrinkage=0.05


Tree=165
num_leaves=10
num_cat=0
split_feature=10 11 7 13 17 17 1 13 17
split_gain=0.0848085 0.00013694 0.000375725 0.000858498 0.00242778 0.00497919 3.96465e-13 1.74805e-13 2.86438e-14
threshold=1.0000000180025095e-35 1.0000000180025095e-35 1.0000000180025095e-35 0.10935000000000002 0.23030000000000003 0.22665000000000005 5.5000000000000009 0.21280000000000002 0.07715000000000001
decision_type=2 2 2 2 2 2 2 2 2
left_child=-1 2 3 4 5 6 -2 8 -3
right_child=1 7 -4 -5 -6 -7 -8 -9 -10
leaf_value=-0.050000957672758223 -0.050001198018505125 0.05001122175810039 0.050011274029190089 0.050011473987078725 0.050011312075673775 0.050011312075662062 -0.050002537263885372 0.050011351881581401 0.050011267352850101
leaf_weight=0.023212385713122785 0.0011110391369584258 0.059327240567654371 0.062423605006188154 0.020166232716292143 0.0085427609737962484 0.0028475869912654161 0.0010994887306878809 0.05708737950772047 0.082252748077735305
leaf_count=1210 47 21 22 7 3 1 40 20 29
internal_value=0.0420175 0.0492615 0.047713 0.0434642 0.0337563 0.00630295 -0.0500019 0.0500113 0.0500112
internal_weight=0.31807 0.294858 0.0961907 0.0337671 0.0136009 0.00505811 0.00221053 0.198667 0.14158
internal_count=1400 190 120 98 91 88 87 70 50
is_linear=0
shrinkage=0.05


Tree=166
num_leaves=15
num_cat=0
split_feature=10 11 7 13 17 17 1 14 6 0 1 1 2 1
split_gain=0.0806715 0.000130259 0.000357395 0.000816613 0.00230934 0.00473632 3.41801e-13 1.50296e-13 7.39686e-15 3.46945e-18 1.73472e-18 1.73472e-18 1.73472e-18 8.67362e-19
threshold=1.0000000180025095e-35 1.0000000180025095e-35 1.0000000180025095e-35 0.10935000000000002 0.23030000000000003 0.22665000000000005 5.5000000000000009 0.55000000000000016 1.5000000000000002 2.5000000000000004 6.5000000000000009 5.5000000000000009 28214.540000000005 5.5000000000000009
decision_type=2 2 2 2 2 2 2 2 2 2 2 2 2 2
left_child=9 2 3 4 5 6 -2 -3 -9 13 11 12 -11 -1
right_child=1 7 -4 -5 -6 -7 -8 8 -10 10 -12 -13 -14 -15
leaf_value=-0.05000091207632934 -0.050001138444961957 0.050010783583864016 0.050010724046486259 0.050010915762896714 0.050010761616436777 0.050010761616424461 -0.050002413420471584 0.050010703832945536 0.050010678493580554 -0.050000912076333982 -0.050000912076316253 -0.050000912076317877 -0.050000912076300669 -0.050000912076312437
leaf_weight=0.0050182554787170366 0.001056854333000957 0.073235231451690197 0.059379806974902749 0.019182923017069697 0.0081262132152915001 0.0027087377384305 0.0010458685610501561 0.061974942218512297 0.053770098369568586 0.009397823896506452 0.0021715360071539189 0.0023357698228210219 0.001295622323596036 0.0018613165775605012
leaf_count=275 47 27 22 7 3 1 40 23 20 515 119 128 71 102
internal_value=0.042017 0.049261 0.0477124 0.0434637 0.033756 0.0063029 -0.0500018 0.0500107 0.0500107 -0.0500009 -0.0500009 -0.0500009 -0.0500009 -0.0500009
internal_weight=0.302561 0.280481 0.0915004 0.0321206 0.0129377 0.00481146 0.00210272 0.18898 0.115745 0.0220803 0.0152008 0.0130292 0.0106934 0.00687957
internal_count=1400 190 120 98 91 88 87 70 43 1210 833 714 586 377
is_linear=0
shrinkage=0.05


Tree=167
num_leaves=11
num_cat=0
split_feature=10 11 7 13 17 17 15 13 0 2
split_gain=0.0767364 0.000123904 0.000339958 0.000776772 0.00219668 0.0045053 1.32144e-13 1.59039e-14 3.46945e-18 4.33681e-19
threshold=1.0000000180025095e-35 1.0000000180025095e-35 1.0000000180025095e-35 0.10935000000000002 0.23030000000000003 0.22665000000000005 1.0000000180025095e-35 0.071300000000000016 3.5000000000000004 28214.540000000005
decision_type=2 2 2 2 2 2 2 2 2 2
left_child=8 2 3 4 5 -2 -3 -8 -1 -10
right_child=1 6 -4 -5 -6 -7 7 -9 9 -11
leaf_value=-0.050000869766231207 -0.050001686419170556 0.050010272514592058 0.050010198325967474 0.050010383726938883 0.050010237958893325 0.050010237958880377 0.050010192142130927 0.050010156184479126 -0.050000869766214644 -0.050000869766186867
leaf_weight=0.017375599407387199 0.0020001752582174959 0.051655577961355448 0.056484397267922759 0.018247550120577216 0.0077299720142036676 0.0025766573380678892 0.076968735083937645 0.051141115138307214 0.0025690196926007039 0.0010588527111394797
leaf_count=1001 87 20 22 7 3 1 30 20 148 61
internal_value=0.0420166 0.0492604 0.0477119 0.0434633 0.0337557 0.00630285 0.0500102 0.0500102 -0.0500009 -0.0500009
internal_weight=0.287808 0.266804 0.0870388 0.0305544 0.0123068 0.00457683 0.179765 0.12811 0.0210035 0.00362787
internal_count=1400 190 120 98 91 88 70 50 1210 209
is_linear=0
shrinkage=0.05


Tree=168
num_leaves=9
num_cat=0
split_feature=10 11 7 13 17 17 13 16
split_gain=0.0729933 0.000117859 0.000323374 0.000738876 0.00208952 0.00428554 1.12327e-13 1.81105e-14
threshold=1.0000000180025095e-35 1.0000000180025095e-35 1.0000000180025095e-35 0.10935000000000002 0.23030000000000003 0.22665000000000005 0.21280000000000002 4248.505000000001
decision_type=2 2 2 2 2 2 2 2
left_child=-1 2 3 4 5 -2 7 -3
right_child=1 6 -4 -5 -6 -7 -8 -9
leaf_value=-0.050000826228318099 -0.050001604904646536 0.050009663645790181 0.050009702768253762 0.050009876448483662 0.050009736835648903 0.050009736835635303 0.050009771032546939 0.050009702323641173
leaf_weight=0.019979137032350991 0.0019026285881409422 0.065687199123203754 0.053730139741674066 0.017357778269797564 0.0073530483059585094 0.0024510161019861698 0.049137086374685168 0.056175538338720798
leaf_count=1210 87 27 22 7 3 1 20 23
internal_value=0.0420162 0.04926 0.0477115 0.0434628 0.0337554 0.00630281 0.0500097 0.0500097
internal_weight=0.273774 0.253794 0.0827946 0.0290645 0.0117067 0.00435364 0.171 0.121863
internal_count=1400 190 120 98 91 88 70 50
is_linear=0
shrinkage=0.05


Tree=169
num_leaves=10
num_cat=0
split_feature=10 11 7 13 17 17 2 12 2
split_gain=0.0694327 0.000112109 0.000307598 0.000702829 0.00198759 0.00407651 9.73666e-14 5.73153e-15 3.46945e-18
threshold=1.0000000180025095e-35 1.0000000180025095e-35 1.0000000180025095e-35 0.10935000000000002 0.23030000000000003 0.22665000000000005 20297.310000000001 3130.5750000000003 37426.580000000009
decision_type=2 2 2 2 2 2 2 2 2
left_child=8 2 3 4 5 -2 -3 -8 -1
right_child=1 6 -4 -5 -6 -7 7 -9 -10
leaf_value=-0.050000787520940206 -0.050001526302966316 0.05000929439939366 0.050009230970273058 0.050009395642331061 0.050009257300827573 0.050009257300813265 0.050009217987279524 0.050009195275639795 -0.05000078752091789
leaf_weight=0.017025749992171768 0.0018098390646628104 0.046740734716877341 0.051110160769894719 0.016511383932083845 0.0069945012219250202 0.0023315004073083401 0.069621964823454618 0.04629886569455266 0.0019790078404184888
leaf_count=1084 87 20 22 7 3 1 30 20 126
internal_value=0.0420158 0.0492595 0.047711 0.0434624 0.0337551 0.00630276 0.0500092 0.0500092 -0.0500008
internal_weight=0.260424 0.241419 0.0787574 0.0276472 0.0111358 0.00414134 0.162662 0.115921 0.0190048
internal_count=1400 190 120 98 91 88 70 50 1210
is_linear=0
shrinkage=0.05


Tree=170
num_leaves=10
num_cat=0
split_feature=10 11 7 13 17 17 12 16 2
split_gain=0.0660459 0.00010664 0.000292592 0.000668541 0.00189063 0.00387767 8.39051e-14 1.21292e-14 3.46945e-18
threshold=1.0000000180025095e-35 1.0000000180025095e-35 1.0000000180025095e-35 0.10935000000000002 0.23030000000000003 0.22665000000000005 4500.3700000000008 1573.5300000000002 3775.4750000000008
decision_type=2 2 2 2 2 2 2 2 2
left_child=8 2 3 4 5 -2 7 -3 -1
right_child=1 6 -4 -5 -6 -7 -8 -9 -10
leaf_value=-0.050000748760095019 -0.050001451403908825 0.050008740242698482 0.050008777257867149 0.050008936691442865 0.050008808004085109 0.050008808004070072 0.050008839058677895 0.050008773925576434 -0.050000748760114011
leaf_weight=0.0022560022507605018 0.0017215746793226572 0.048410912975668907 0.04861791804432869 0.015706254867836833 0.0066534338984638453 0.0022178112994879484 0.046676452271640301 0.059642460895702243 0.015821896579836903
leaf_count=151 87 22 22 7 3 1 21 27 1059
internal_value=0.0420155 0.0492591 0.0477106 0.0434621 0.0337549 0.00630273 0.0500088 0.0500088 -0.0500007
internal_weight=0.247725 0.229647 0.074917 0.0262991 0.0105928 0.00393939 0.15473 0.108053 0.0180779
internal_count=1400 190 120 98 91 88 70 49 1210
is_linear=0
shrinkage=0.05


Tree=171
num_leaves=10
num_cat=0
split_feature=10 11 7 13 17 17 12 17 2
split_gain=0.0628243 0.000101438 0.000278318 0.000635926 0.0017984 0.00368853 7.18314e-14 1.01724e-14 3.46945e-18
threshold=1.0000000180025095e-35 1.0000000180025095e-35 1.0000000180025095e-35 0.10935000000000002 0.23030000000000003 0.22665000000000005 4500.3700000000008 0.07715000000000001 2892.3450000000007
decision_type=2 2 2 2 2 2 2 2 2
left_child=8 2 3 4 5 -2 7 -3 -1
right_child=1 6 -4 -5 -6 -7 -8 -9 -10
leaf_value=-0.050000710354230753 -0.050001380863298944 0.050008313226855311 0.050008349941755993 0.050008498726161733 0.050008382130680054 0.050008382130664254 0.050008407525078347 0.050008345002226756 -0.050000710354261374
leaf_weight=0.0014780240453546858 0.001637614746869076 0.043953181710094213 0.046247180551290512 0.014940379187464714 0.0063289948739111423 0.0021096649579703808 0.044400387443602085 0.058831223985180259 0.015718217251560418
leaf_count=104 87 21 22 7 3 1 21 28 1106
internal_value=0.0420152 0.0492586 0.0477102 0.0434617 0.0337546 0.00630269 0.0500084 0.0500083 -0.0500007
internal_weight=0.235645 0.218449 0.0712638 0.0250167 0.0100763 0.00374728 0.147185 0.102784 0.0171962
internal_count=1400 190 120 98 91 88 70 49 1210
is_linear=0
shrinkage=0.05


Tree=172
num_leaves=9
num_cat=0
split_feature=10 11 7 13 17 17 13 16
split_gain=0.0597599 9.64896e-05 0.000264741 0.000604904 0.00171067 0.00350862 6.28941e-14 9.24261e-15
threshold=1.0000000180025095e-35 1.0000000180025095e-35 1.0000000180025095e-35 0.10935000000000002 0.23030000000000003 0.22665000000000005 0.21280000000000002 1012.2750000000002
decision_type=2 2 2 2 2 2 2 2
left_child=-1 2 3 4 5 -2 7 -3
right_child=1 6 -4 -5 -6 -7 -8 -9
leaf_value=-0.050000676133565153 -0.050001312965774751 0.050007907035459792 0.050007943081090703 0.050008084941721258 0.050007970667008898 0.050007970666992287 0.050007999759201553 0.05000793811955561
leaf_weight=0.016357582053387887 0.0015577493904856965 0.039815422147512436 0.043992026010528207 0.014211843023076653 0.006020373897626996 0.0020067912992089987 0.040231435792520642 0.059960760409012437
leaf_count=1210 87 20 22 7 3 1 20 30
internal_value=0.0420148 0.0492582 0.0477098 0.0434614 0.0337544 0.00630265 0.0500079 0.0500079
internal_weight=0.224154 0.207796 0.0677888 0.0237968 0.00958491 0.00356454 0.140008 0.0997762
internal_count=1400 190 120 98 91 88 70 50
is_linear=0
shrinkage=0.05


Tree=173
num_leaves=14
num_cat=0
split_feature=10 11 7 13 17 17 13 16 1 2 2 2 2
split_gain=0.0568449 9.17825e-05 0.000251826 0.000575395 0.00162723 0.00333749 5.19584e-14 8.46545e-15 1.73472e-18 1.73472e-18 1.73472e-18 1.73472e-18 8.67362e-19
threshold=1.0000000180025095e-35 1.0000000180025095e-35 1.0000000180025095e-35 0.10935000000000002 0.23030000000000003 0.22665000000000005 0.21280000000000002 4248.505000000001 5.5000000000000009 27352.415000000005 20456.510000000006 13980.715000000002 17221.750000000004
decision_type=2 2 2 2 2 2 2 2 2 2 2 2 2
left_child=8 2 3 4 5 -2 7 -3 9 10 11 -1 -10
right_child=1 6 -4 -5 -6 -7 -8 -9 12 -11 -12 -13 -14
leaf_value=-0.050000643609229789 -0.050001249360755257 0.050007525788074138 0.050007556442233793 0.050007692517076853 0.050007580371135507 0.050007580371118049 0.050007608594617531 0.050007555713889623 -0.05000064360921519 -0.050000643609192388 -0.050000643609186858 -0.050000643609186858 -0.050000643609212261
leaf_weight=0.0078956460092740599 0.0014817789078733767 0.051159369526430964 0.041846825275570154 0.013518826919607818 0.0057268005330115557 0.0019089335110038519 0.03826961712911725 0.043751385062932968 0.0023918406477605467 0.0011444828905951008 0.0010158893073821682 0.0010158893073821682 0.0020960754063708009
leaf_count=614 87 27 22 7 3 1 20 23 186 89 79 79 163
internal_value=0.0420145 0.0492579 0.0477095 0.0434611 0.0337541 0.00630261 0.0500076 0.0500075 -0.0500006 -0.0500006 -0.0500006 -0.0500006 -0.0500006
internal_weight=0.213223 0.197664 0.0644832 0.0226363 0.00911751 0.00339071 0.13318 0.0949108 0.0155598 0.0110719 0.00992742 0.00891154 0.00448792
internal_count=1400 190 120 98 91 88 70 50 1210 861 772 693 349
is_linear=0
shrinkage=0.05


Tree=174
num_leaves=10
num_cat=0
split_feature=10 11 7 13 17 17 4 12 0
split_gain=0.0540722 8.73054e-05 0.000239542 0.000547325 0.00154785 0.0031747 4.56302e-14 2.92821e-15 3.46945e-18
threshold=1.0000000180025095e-35 1.0000000180025095e-35 1.0000000180025095e-35 0.10935000000000002 0.23030000000000003 0.22665000000000005 15142.640000000001 3130.5750000000003 3.5000000000000004
decision_type=2 2 2 2 2 2 2 2 2
left_child=8 2 3 4 5 -2 -3 -8 -1
right_child=1 6 -4 -5 -6 -7 7 -9 -10
leaf_value=-0.050000613407796712 -0.050001188881205944 0.050007237901893424 0.05000718445225915 0.050007314658234464 0.050007212460815131 0.050007212460796785 0.050007178967766908 0.050007160541257978 -0.050000613407781218
leaf_weight=0.012244439361893455 0.001409513355611125 0.036403201054781675 0.039806218934245408 0.012859600130468607 0.0054475403157994151 0.0018158467719331384 0.054226853884756565 0.036055944743566215 0.0025565312953403927
leaf_count=1001 87 20 22 7 3 1 30 20 209
internal_value=0.0420142 0.0492575 0.0477091 0.0434607 0.0337539 0.00630258 0.0500072 0.0500072 -0.0500006
internal_weight=0.202826 0.188025 0.0613387 0.0215325 0.0086729 0.00322536 0.126686 0.0902828 0.014801
internal_count=1400 190 120 98 91 88 70 50 1210
is_linear=0
shrinkage=0.05


Tree=175
num_leaves=11
num_cat=0
split_feature=10 11 7 13 17 17 14 3 0 2
split_gain=0.0514347 8.30463e-05 0.000227857 0.000520626 0.00147235 0.00301986 3.85247e-14 1.95677e-15 1.73472e-18 3.46945e-18
threshold=1.0000000180025095e-35 1.0000000180025095e-35 1.0000000180025095e-35 0.10935000000000002 0.23030000000000003 0.22665000000000005 0.55000000000000016 12625.055000000002 3.5000000000000004 15953.935000000001
decision_type=2 2 2 2 2 2 2 2 2 2
left_child=8 2 3 4 5 -2 -3 -8 9 -1
right_child=1 6 -4 -5 -6 -7 7 -9 -10 -11
leaf_value=-0.050000582325864379 -0.050001130990477594 0.050006875172654133 0.050006836864053605 0.050006959215159755 0.05000686104819542 0.050006861048176116 0.050006809189254348 0.050006825455950477 -0.050000582325849918 -0.050000582325856163
leaf_weight=0.0081565852487983648 0.0013407720898612752 0.046700421022251248 0.037865104502998292 0.012232515029609203 0.0051818961510434747 0.0017272987170144916 0.037720661726780236 0.036087191780097783 0.0024318492396560041 0.0034906926885014409
leaf_count=701 87 27 22 7 3 1 22 21 209 300
internal_value=0.042014 0.0492571 0.0477088 0.0434605 0.0337537 0.00630255 0.0500068 0.0500068 -0.0500006 -0.0500006
internal_weight=0.192935 0.178856 0.0583476 0.0204825 0.00824997 0.00306807 0.120508 0.0738079 0.0140791 0.0116473
internal_count=1400 190 120 98 91 88 70 43 1210 1001
is_linear=0
shrinkage=0.05


Tree=176
num_leaves=10
num_cat=0
split_feature=10 11 7 13 17 17 2 1 2
split_gain=0.0489259 7.89952e-05 0.000216742 0.000495229 0.00140053 0.00287256 3.34593e-14 2.38698e-15 1.73472e-18
threshold=1.0000000180025095e-35 1.0000000180025095e-35 1.0000000180025095e-35 0.10935000000000002 0.23030000000000003 0.22665000000000005 20297.310000000001 5.5000000000000009 35734.625000000007
decision_type=2 2 2 2 2 2 2 2 2
left_child=8 2 3 4 5 -2 -3 -8 -1
right_child=1 6 -4 -5 -6 -7 7 -9 -10
leaf_value=-0.050000554661564757 -0.050001075626714866 0.05000654856702224 0.050006503279878906 0.050006620143041018 0.05000652550600352 0.050006525505983238 0.050006480973927007 0.050006498124836332 -0.050000554661533608
leaf_weight=0.011975761304711341 0.0012753832388625597 0.032939412398263812 0.036018635728396475 0.011636005132459104 0.0049292044714093208 0.0016430681571364403 0.044064122019335628 0.037628227728419006 0.0014167259214445957
leaf_count=1082 87 20 22 7 3 1 27 23 128
internal_value=0.0420137 0.0492568 0.0477085 0.0434602 0.0337535 0.00630252 0.0500065 0.0500065 -0.0500006
internal_weight=0.183527 0.170134 0.0555023 0.0194837 0.00784766 0.00291845 0.114632 0.0816923 0.0133925
internal_count=1400 190 120 98 91 88 70 50 1210
is_linear=0
shrinkage=0.05


Tree=177
num_leaves=10
num_cat=0
split_feature=10 11 7 13 17 17 13 16 1
split_gain=0.0465395 7.51418e-05 0.000206169 0.000471071 0.00133221 0.00273246 2.89352e-14 4.52416e-15 1.73472e-18
threshold=1.0000000180025095e-35 1.0000000180025095e-35 1.0000000180025095e-35 0.10935000000000002 0.23030000000000003 0.22665000000000005 0.21280000000000002 3076.6850000000004 5.5000000000000009
decision_type=2 2 2 2 2 2 2 2 2
left_child=8 2 3 4 5 -2 7 -3 -1
right_child=1 6 -4 -5 -6 -7 -8 -9 -10
leaf_value=-0.05000052694903212 -0.050001022408407453 0.050006159902973649 0.050006185483766813 0.050006297961806556 0.050006208293256152 0.050006208293234822 0.050006229390974301 0.050006184062598436 -0.050000526949024016
leaf_weight=0.0090649318663054146 0.0012131833182138499 0.037224196479655802 0.034262198489159346 0.011068580090068281 0.0046888331416994333 0.0015629443805664778 0.031333359889686108 0.040484223165549338 0.0036744032768183396
leaf_count=861 87 24 22 7 3 1 20 26 349
internal_value=0.0420135 0.0492565 0.0477082 0.0434599 0.0337533 0.00630249 0.0500062 0.0500062 -0.0500005
internal_weight=0.174577 0.161838 0.0527957 0.0185335 0.00746496 0.00277613 0.109042 0.0777084 0.0127393
internal_count=1400 190 120 98 91 88 70 50 1210
is_linear=0
shrinkage=0.05


Tree=178
num_leaves=10
num_cat=0
split_feature=10 11 7 13 17 17 2 1 2
split_gain=0.0442695 7.14764e-05 0.000196112 0.000448092 0.00126723 0.00259918 2.52992e-14 1.69309e-15 3.46945e-18
threshold=1.0000000180025095e-35 1.0000000180025095e-35 1.0000000180025095e-35 0.10935000000000002 0.23030000000000003 0.22665000000000005 20297.310000000001 5.5000000000000009 34294.385000000002
decision_type=2 2 2 2 2 2 2 2 2
left_child=8 2 3 4 5 -2 -3 -8 -1
right_child=1 6 -4 -5 -6 -7 7 -9 -10
leaf_value=-0.050000504018292515 -0.050000973239707196 0.050005926190308664 0.050005884632399106 0.050005990586614327 0.050005904051170183 0.050005904051147756 0.050005864658421377 0.050005879774363188 -0.050000504018264141
leaf_weight=0.010605784877952829 0.0011540167843122609 0.0298051763093099 0.032591402297839522 0.010528822196647525 0.0044601825065910816 0.0014867275021970272 0.039871344342827797 0.034047838533297181 0.0015122507238629632
leaf_count=1059 87 20 22 7 3 1 27 23 151
internal_value=0.0420132 0.0492562 0.0477079 0.0434597 0.0337532 0.00630246 0.0500059 0.0500059 -0.0500005
internal_weight=0.166064 0.153946 0.0502212 0.0176297 0.00710093 0.00264074 0.103724 0.0739192 0.012118
internal_count=1400 190 120 98 91 88 70 50 1210
is_linear=0
shrinkage=0.05


Tree=179
num_leaves=11
num_cat=0
split_feature=10 11 7 13 17 17 2 1 0 2
split_gain=0.0421102 6.79899e-05 0.000186546 0.000426234 0.00120542 0.00247241 2.16355e-14 1.33227e-15 1.73472e-18 1.73472e-18
threshold=1.0000000180025095e-35 1.0000000180025095e-35 1.0000000180025095e-35 0.10935000000000002 0.23030000000000003 0.22665000000000005 20297.310000000001 5.5000000000000009 3.5000000000000004 33763.880000000012
decision_type=2 2 2 2 2 2 2 2 2 2
left_child=8 2 3 4 5 -2 -3 -8 9 -1
right_child=1 6 -4 -5 -6 -7 7 -9 -10 -11
leaf_value=-0.050000477350978678 -0.050000926076853414 0.050005636869698646 0.050005595447079124 0.050005697914227133 0.050005614038772996 0.050005614038749417 0.050005578738276983 0.050005592610497557 -0.050000477350959499 -0.05000047735094048
leaf_weight=0.0084023533290746855 0.0010977357324009054 0.028351720422506332 0.031002075178548694 0.010015382547862828 0.0042426808504387736 0.0014142269501462579 0.037927007302641869 0.032387486891821027 0.001991033838748991 0.001133650845986268
leaf_count=882 87 20 22 7 3 1 27 23 209 119
internal_value=0.042013 0.0492559 0.0477076 0.0434594 0.033753 0.00630244 0.0500056 0.0500056 -0.0500005 -0.0500005
internal_weight=0.157965 0.146438 0.0477721 0.01677 0.00675464 0.00251196 0.0986662 0.0703145 0.011527 0.009536
internal_count=1400 190 120 98 91 88 70 50 1210 1001
is_linear=0
shrinkage=0.05


Tree=180
num_leaves=11
num_cat=0
split_feature=10 11 7 13 17 17 13 17 1 2
split_gain=0.0400563 6.46733e-05 0.000177447 0.000405443 0.00114662 0.00235182 1.8846e-14 2.81719e-15 1.73472e-18 1.73472e-18
threshold=1.0000000180025095e-35 1.0000000180025095e-35 1.0000000180025095e-35 0.10935000000000002 0.23030000000000003 0.22665000000000005 0.21280000000000002 0.07715000000000001 6.5000000000000009 28827.300000000003
decision_type=2 2 2 2 2 2 2 2 2 2
left_child=8 2 3 4 5 -2 7 -3 9 -1
right_child=1 6 -4 -5 -6 -7 -8 -9 -10 -11
leaf_value=-0.050000456660823638 -0.050000880273176909 0.050005300228966612 0.050005324506420062 0.050005419978427501 0.050005339352626146 0.050005339352601368 0.050005361841901498 0.050005321054069296 -0.050000456660797291 -0.050000456660790886
leaf_weight=0.0081375589052186115 0.0010441994536449775 0.028027425287291408 0.029490242595784366 0.0095269781304523349 0.0040357843972742558 0.0013452614657580853 0.026969331549480557 0.038857950014062226 0.0015405178328364863 0.0012867854838987123
leaf_count=898 87 21 22 7 3 1 20 29 170 142
internal_value=0.0420128 0.0492557 0.0477074 0.0434592 0.0337528 0.00630241 0.0500053 0.0500053 -0.0500005 -0.0500005
internal_weight=0.150262 0.139297 0.0454425 0.0159522 0.00642525 0.00238946 0.0938547 0.0668854 0.0109649 0.00942434
internal_count=1400 190 120 98 91 88 70 50 1210 1040
is_linear=0
shrinkage=0.05


Tree=181
num_leaves=10
num_cat=0
split_feature=10 11 7 13 17 15 13 2 2
split_gain=0.0381025 6.15186e-05 0.000168791 0.000385665 0.00109069 1.63619e-14 1.77636e-15 1.73472e-18 1.73472e-18
threshold=1.0000000180025095e-35 1.0000000180025095e-35 1.0000000180025095e-35 0.10935000000000002 0.23030000000000003 1.0000000180025095e-35 0.071300000000000016 38808.840000000004 23602.990000000002
decision_type=2 2 2 2 2 2 2 2 2
left_child=7 2 3 4 -2 -3 -7 8 -1
right_child=1 5 -4 -5 -6 6 -8 -9 -10
leaf_value=-0.050000432594262678 0.0063023876752075492 0.050005101054006233 0.050005066276106791 0.050005155094341447 0.050005080882450294 0.05000506055395109 0.050005043522038696 -0.050000432594220906 -0.050000432594231425
leaf_weight=0.0080510058996878797 0.0022729328293280568 0.025654004653915763 0.02805212780367583 0.0090623886790126562 0.0038389762630686164 0.038225364522077143 0.025398441473953426 0.0010430104002807647 0.0013360877028389959
leaf_count=934 88 20 22 7 3 30 20 121 155
internal_value=0.0420126 0.0492554 0.0477071 0.043459 0.0337527 0.0500051 0.0500051 -0.0500004 -0.0500004
internal_weight=0.142934 0.132504 0.0432264 0.0151743 0.00611191 0.0892778 0.0636238 0.0104301 0.00938709
internal_count=1400 190 120 98 91 70 50 1210 1089
is_linear=0
shrinkage=0.05


Tree=182
num_leaves=10
num_cat=0
split_feature=10 11 6 10 12 13 17 2 3
split_gain=0.0362152 6.52625e-05 0.000178888 0.000727339 0.000588682 1.41553e-14 1.99146e-15 3.46945e-18 1.73472e-18
threshold=1.0000000180025095e-35 1.0000000180025095e-35 1.0000000180025095e-35 1.5000000000000002 5766.5600000000004 0.21280000000000002 0.07715000000000001 37426.580000000009 8744.595000000003
decision_type=2 2 2 2 2 2 2 2 2
left_child=7 2 -2 4 -4 6 -3 8 -1
right_child=1 5 3 -5 -6 -7 -8 -9 -10
leaf_value=-0.050000410405480894 0.050004827287093795 0.050004796756277149 0.0082199609569930752 0.049566166870931891 0.050005312108760185 0.050004852565699281 0.050004815145621134 -0.050000410405438837 -0.05000041040544069
leaf_weight=0.0078141481226339238 0.026737516280263662 0.025360511033795774 0.0022781210882385503 0.010873977582377847 0.0013379160081967711 0.024403103976510465 0.035160474013537169 0.001033140255458421 0.001074137884643279
leaf_count=953 22 21 87 10 1 20 29 126 131
internal_value=0.0419786 0.0492124 0.0475802 0.0431063 0.0236803 0.0500048 0.0500048 -0.0500004 -0.0500004
internal_weight=0.136073 0.126152 0.0412275 0.01449 0.00361604 0.0849241 0.060521 0.00992143 0.00888829
internal_count=1400 190 120 98 88 70 50 1210 1084
is_linear=0
shrinkage=0.05


Tree=183
num_leaves=9
num_cat=0
split_feature=10 11 6 10 2 12 16 3
split_gain=0.0344177 6.97489e-05 0.000189756 0.000746043 0.000611973 1.19488e-14 1.99146e-15 3.46945e-18
threshold=1.0000000180025095e-35 1.0000000180025095e-35 1.0000000180025095e-35 1.5000000000000002 1435.0000000000002 4500.3700000000008 1012.2750000000002 11906.920000000002
decision_type=2 2 2 2 2 2 2 2
left_child=7 2 -2 4 -4 6 -3 -1
right_child=1 5 3 -5 -6 -7 -8 -9
leaf_value=-0.050000384804282573 0.050004589578696593 0.050004560991018555 0.050005221593321429 0.049520455430713657 0.0070119149758309908 0.050004614237975177 0.050004580141413249 -0.05000038480424171
leaf_weight=0.0083690070132433902 0.025433629285544157 0.0229729920392856 0.001315403846092523 0.010352960580348736 0.0022323902257994632 0.024369258782826364 0.033440412487834692 0.0010685498236853172
leaf_count=1073 22 20 1 10 87 21 29 137
internal_value=0.0419401 0.0491638 0.0474372 0.0427397 0.0229524 0.0500046 0.0500046 -0.0500004
internal_weight=0.129555 0.120117 0.0393344 0.0139008 0.00354779 0.0807827 0.0564134 0.00943756
internal_count=1400 190 120 98 88 70 49 1210
is_linear=0
shrinkage=0.05


Tree=184
num_leaves=10
num_cat=0
split_feature=10 11 6 10 12 1 13 2 3
split_gain=0.0327082 7.43728e-05 0.000200774 0.000762903 0.000611625 9.9365e-15 7.56339e-16 1.73472e-18 1.73472e-18
threshold=1.0000000180025095e-35 1.0000000180025095e-35 1.0000000180025095e-35 1.5000000000000002 5766.5600000000004 2.5000000000000004 0.061150000000000003 34617.19000000001 3711.2150000000006
decision_type=2 2 2 2 2 2 2 2 2
left_child=7 2 -2 4 -4 -3 -7 8 -1
right_child=1 5 3 -5 -6 6 -8 -9 -10
leaf_value=-0.050000370822359141 0.05000437062928445 0.050004389913085159 0.0064231192490745315 0.049470111444175832 0.050005020360978737 0.05000435499485692 0.050004342970794362 -0.050000370822325016 -0.050000370822359287
leaf_weight=0.0039321990561802522 0.024193320889025927 0.022080896771512926 0.0022177286491569257 0.0098578159340831917 0.0012637806357815862 0.032891711103729904 0.021870573284104466 0.0010683710643206732 0.0039767145171936136
leaf_count=530 22 20 87 10 1 30 20 144 536
internal_value=0.0419001 0.0491133 0.0472889 0.042364 0.0222433 0.0500044 0.0500044 -0.0500004 -0.0500004
internal_weight=0.123353 0.114376 0.0375326 0.0133393 0.00348151 0.0768432 0.0547623 0.00897728 0.00790891
internal_count=1400 190 120 98 88 70 50 1210 1066
is_linear=0
shrinkage=0.05


Tree=185
num_leaves=8
num_cat=0
split_feature=10 11 6 13 0 13 17
split_gain=0.0310821 7.92125e-05 0.000212119 0.000792244 0.000594558 1.00336e-14 1.22818e-15
threshold=1.0000000180025095e-35 1.0000000180025095e-35 1.0000000180025095e-35 0.092350000000000015 4.5000000000000009 0.21280000000000002 0.07715000000000001
decision_type=2 2 2 2 2 2 2
left_child=-1 2 -2 4 -4 6 -3
right_child=1 5 3 -5 -6 -7 -8
leaf_value=-0.050000354395183966 0.050004154095828569 0.050004127923493527 0.0033292410943373922 0.048869609253863987 0.050004153945392926 0.050004177915457797 0.050004143526270653
leaf_weight=0.0085394602047017543 0.023013494675979018 0.021828277385793626 0.0019645042084448514 0.0097955561686831061 0.0010453414870426059 0.02100422338116914 0.030263296444900334
leaf_count=1210 22 21 86 11 1 20 29
internal_value=0.0418581 0.0490602 0.047134 0.0419758 0.0195398 0.0500041 0.0500041
internal_weight=0.117454 0.108915 0.0358189 0.0128054 0.00300985 0.0730958 0.0520916
internal_count=1400 190 120 98 87 70 50
is_linear=0
shrinkage=0.05


Tree=186
num_leaves=8
num_cat=0
split_feature=10 11 7 13 12 14 12
split_gain=0.0295353 8.42915e-05 0.000224169 0.000498411 0.00329869 7.67442e-15 3.747e-16
threshold=1.0000000180025095e-35 1.0000000180025095e-35 1.0000000180025095e-35 0.10935000000000002 1.0000000180025095e-35 0.55000000000000016 3130.5750000000003
decision_type=2 2 2 2 2 2 2
left_child=-1 2 3 4 -2 -3 -7
right_child=1 5 -4 -5 -6 6 -8
leaf_value=-0.050000335308758692 0.050004004215547182 0.050003967447126867 0.050003955950155214 0.05000412318232729 -0.050000916731933867 0.050003937707482127 0.050003928291565115
leaf_weight=0.0081229885518041556 0.0040309978649020195 0.026945334509946406 0.021903189015574753 0.0072181083960458636 0.0010366508777224226 0.022801418672315776 0.019784394185990095
leaf_count=1210 4 27 22 7 87 23 20
internal_value=0.0418139 0.0490044 0.0469717 0.0415658 0.0295467 0.0500039 0.0500039
internal_weight=0.111843 0.10372 0.0341889 0.0122858 0.00506765 0.0695311 0.0425858
internal_count=1400 190 120 98 91 70 43
is_linear=0
shrinkage=0.05


Tree=187
num_leaves=9
num_cat=0
split_feature=10 11 7 13 18 13 16 2
split_gain=0.0280948 8.01802e-05 0.000213235 0.0004741 0.00120426 6.59195e-15 1.06859e-15 8.67362e-19
threshold=1.0000000180025095e-35 1.0000000180025095e-35 1.0000000180025095e-35 0.10935000000000002 248.60000000000002 0.21280000000000002 1573.5300000000002 33954.170000000006
decision_type=2 2 2 2 2 2 2 2
left_child=7 2 3 4 -2 6 -3 -1
right_child=1 5 -4 -5 -6 -7 -8 -9
leaf_value=-0.050000320454816186 -0.00098289650608711951 0.050003735029003619 0.050003760373151775 0.050003920861493738 0.050003821491672817 0.050003778410519818 0.050003750194062481 -0.050000320454775926
leaf_weight=0.0066795555021599276 0.0019341125471328269 0.020693558850325644 0.020835036411881447 0.0068661040859296918 0.0028863995103165507 0.019005555601324886 0.02644120785407722 0.0010472725643921876
leaf_count=1046 88 22 22 7 3 20 28 164
internal_value=0.0418137 0.0490043 0.0469715 0.0415657 0.0295466 0.0500038 0.0500037 -0.0500003
internal_weight=0.106389 0.098662 0.0325217 0.0116866 0.00482051 0.0661403 0.0471348 0.00772683
internal_count=1400 190 120 98 91 70 50 1210
is_linear=0
shrinkage=0.05


Tree=188
num_leaves=9
num_cat=0
split_feature=10 11 6 10 2 13 16 2
split_gain=0.0266999 8.37851e-05 0.000222296 0.000798032 0.000622732 5.66214e-15 9.15934e-16 8.67362e-19
threshold=1.0000000180025095e-35 1.0000000180025095e-35 1.0000000180025095e-35 1.5000000000000002 1435.0000000000002 0.21280000000000002 1573.5300000000002 27352.415000000005
decision_type=2 2 2 2 2 2 2 2
left_child=7 2 -2 4 -4 6 -3 -1
right_child=1 5 3 -5 -6 -7 -8 -9
leaf_value=-0.050000303196286844 0.050003585487504831 0.050003552891267337 0.050004254311042856 0.049355054451334618 0.0026315137733787701 0.05000359412907384 0.050003567315113906 -0.050000303196261336
leaf_weight=0.0058799910875677588 0.019855285936500877 0.019684392027556896 0.0010713038500398406 0.0081350976797693875 0.0019682613292388851 0.018078708497341722 0.025151744659524411 0.0014699977718919399
leaf_count=968 22 22 1 10 87 20 28 242
internal_value=0.0417747 0.0489549 0.0468287 0.0411876 0.0193282 0.0500036 0.0500036 -0.0500003
internal_weight=0.101295 0.0939448 0.0310299 0.0111747 0.00303957 0.0629148 0.0448361 0.00734999
internal_count=1400 190 120 98 88 70 50 1210
is_linear=0
shrinkage=0.05


Tree=189
num_leaves=8
num_cat=0
split_feature=10 11 6 13 12 14 6
split_gain=0.02537 8.85756e-05 0.000232963 0.000813947 0.000289151 4.80171e-15 2.08167e-16
threshold=1.0000000180025095e-35 1.0000000180025095e-35 1.0000000180025095e-35 0.092350000000000015 172.01000000000002 0.55000000000000016 1.5000000000000002
decision_type=2 2 2 2 2 2 2
left_child=-1 2 -2 4 -4 -3 -7
right_child=1 5 3 -5 -6 6 -8
leaf_value=-0.050000291195866624 0.050003412269565187 0.050003414056753487 0.037313856260266995 0.048630791847870052 0.0033685256020222058 0.050003388566515219 0.050003380919191209
leaf_weight=0.0069915272615617132 0.018886996142100543 0.023192315420601517 0.0010299870036760703 0.0081008921515604015 0.0016047756253101397 0.019626341294497252 0.017027998517733067
leaf_count=1210 22 27 14 11 73 23 20
internal_value=0.0417285 0.0488966 0.0466604 0.0407792 0.0166385 0.0500034 0.0500034
internal_weight=0.0964608 0.0894693 0.0296227 0.0107357 0.00263476 0.0598467 0.0366543
internal_count=1400 190 120 98 87 70 43
is_linear=0
shrinkage=0.05


Tree=190
num_leaves=9
num_cat=0
split_feature=10 11 7 4 1 14 6 0
split_gain=0.0241007 9.50376e-05 0.000248177 0.000543484 0.000211451 4.48946e-15 1.59595e-16 8.67362e-19
threshold=1.0000000180025095e-35 1.0000000180025095e-35 1.0000000180025095e-35 10479.6 4.5000000000000009 0.55000000000000016 1.5000000000000002 2.5000000000000004
decision_type=2 2 2 2 2 2 2 2
left_child=7 2 3 -2 -5 -3 -7 -1
right_child=1 5 -4 4 -6 6 -8 -9
leaf_value=-0.050000273031012565 0.04684505749765458 0.050003248199467942 0.050003246887245723 0.036202394415788534 0.0072262604504860668 0.050003222601669256 0.050003215733955553 -0.050000273031025756
leaf_weight=0.0020721130686069946 0.0077669415750278858 0.022061284107621759 0.017987275845371187 0.0011416991146688815 0.0014036876318641589 0.018669213401153684 0.016197585384361446 0.004578435507028189
leaf_count=377 31 27 22 15 52 23 20 833
internal_value=0.0416725 0.048826 0.0464579 0.040274 0.0202231 0.0500032 0.0500032 -0.0500003
internal_weight=0.0918782 0.0852277 0.0282996 0.0103123 0.00254539 0.0569281 0.0348668 0.00665055
internal_count=1400 190 120 98 67 70 43 1210
is_linear=0
shrinkage=0.05


Tree=191
num_leaves=8
num_cat=0
split_feature=10 11 7 13 6 13 16
split_gain=0.0228886 0.000103606 0.00026721 0.00057487 0.00310372 3.70537e-15 6.03684e-16
threshold=1.0000000180025095e-35 1.0000000180025095e-35 1.0000000180025095e-35 0.10935000000000002 1.0000000180025095e-35 0.21280000000000002 1573.5300000000002
decision_type=2 2 2 2 2 2 2
left_child=-1 2 3 4 -2 6 -3
right_child=1 5 -4 -5 -6 -7 -8
leaf_value=-0.050000265284904193 0.050003168524892477 0.050003057996230331 0.05000308982259432 0.050003279868224018 -0.050000923234772288 0.050003093931337061 0.050003070563669622
leaf_weight=0.0063261988225349333 0.0031900523463264108 0.016942675865720958 0.017110078770201653 0.0057340398780070245 0.0010252116953779478 0.015560641477350146 0.021648516645655036
leaf_count=1210 4 22 22 7 87 20 28
internal_value=0.0416048 0.0487406 0.0462142 0.0396985 0.0256808 0.0500031 0.0500031
internal_weight=0.0875374 0.0812112 0.0270594 0.0099493 0.00421526 0.0541518 0.0385912
internal_count=1400 190 120 98 91 70 50
is_linear=0
shrinkage=0.05


Tree=192
num_leaves=9
num_cat=0
split_feature=10 11 7 13 17 14 3 1
split_gain=0.0217723 9.8553e-05 0.000254177 0.000546831 0.00122645 3.15026e-15 2.08167e-16 8.67362e-19
threshold=1.0000000180025095e-35 1.0000000180025095e-35 1.0000000180025095e-35 0.10935000000000002 0.23030000000000003 0.55000000000000016 12625.055000000002 5.5000000000000009
decision_type=2 2 2 2 2 2 2 2
left_child=7 2 3 4 -2 -3 -7 -1
right_child=1 5 -4 -5 -6 6 -8 -9
leaf_value=-0.05000025145483751 -0.0057586906749331826 0.050002938522239838 0.050002938339791109 0.050003120932946704 0.050002993117583952 0.050002909192686962 0.050002917292743657 -0.050000251454820371
leaf_weight=0.0042819935410989265 0.001748960022268875 0.01996199635323137 0.016275658213999122 0.0054544043960049748 0.0022607332793995738 0.01612359459977597 0.015425377758219838 0.0017356745015604247
leaf_count=861 88 27 22 7 3 22 21 349
internal_value=0.0416047 0.0487405 0.0462141 0.0396983 0.0256807 0.0500029 0.0500029 -0.0500003
internal_weight=0.0832684 0.0772507 0.0257398 0.0094641 0.00400969 0.051511 0.031549 0.00601767
internal_count=1400 190 120 98 91 70 43 1210
is_linear=0
shrinkage=0.05


Tree=193
num_leaves=10
num_cat=0
split_feature=10 11 6 10 18 13 16 1 2
split_gain=0.0206887 0.000101951 0.00026231 0.000872348 0.000280773 2.67147e-15 4.23273e-16 8.67362e-19 4.33681e-19
threshold=1.0000000180025095e-35 1.0000000180025095e-35 1.0000000180025095e-35 1.5000000000000002 75.15000000000002 0.21280000000000002 1012.2750000000002 4.5000000000000009 10366.045000000002
decision_type=2 2 2 2 2 2 2 2 2
left_child=7 2 -2 4 -4 6 -3 8 -1
right_child=1 5 3 -5 -6 -7 -8 -9 -10
leaf_value=-0.050000235509258362 0.050002802360557201 0.050002766201817386 0.0020080219411539864 0.049180198990241862 0.035713773696796521 0.05000279877677638 0.050002777427711392 -0.05000023550926256 -0.050000235509234908
leaf_weight=0.0021051751969025636 0.015514853061176836 0.013934309768956155 0.0016115984526550164 0.0064401837371406145 0.0010020087356679142 0.014079931890591979 0.020984643662814051 0.0025593253517399717 0.0010596836946206167
leaf_count=445 22 20 78 10 10 20 30 541 224
internal_value=0.0415606 0.0486848 0.0460562 0.0392931 0.0149302 0.0500028 0.0500028 -0.0500002 -0.0500002
internal_weight=0.0792917 0.0735675 0.0245686 0.00905379 0.00261361 0.0489989 0.034919 0.00572418 0.00316486
internal_count=1400 190 120 98 88 70 50 1210 669
is_linear=0
shrinkage=0.05


Tree=194
num_leaves=9
num_cat=0
split_feature=10 11 6 13 13 12 16 2
split_gain=0.0196506 0.000108574 0.000276185 0.000886295 4.68841e-05 2.22045e-15 3.95517e-16 8.67362e-19
threshold=1.0000000180025095e-35 1.0000000180025095e-35 1.0000000180025095e-35 0.092350000000000015 0.027350000000000003 4500.3700000000008 1573.5300000000002 28060.430000000004
decision_type=2 2 2 2 2 2 2 2
left_child=7 2 -2 4 -4 6 -3 -1
right_child=1 5 3 -5 -6 -7 -8 -9
leaf_value=-0.050000222320346267 0.05000266442516213 0.050002632010763798 0.019946260398493953 0.04824561224302755 0.0055066576213385898 0.050002661914947594 0.050002643076734236 -0.050000222320308846
leaf_weight=0.0044190113203512729 0.014758224715478718 0.014582817093469203 0.0010149567342523369 0.0064499000436626375 0.0012600644222402479 0.014060376328416169 0.01796611089957878 0.0010260026283503976
leaf_count=982 22 22 33 11 54 21 27 228
internal_value=0.0414979 0.0486058 0.0458334 0.0387812 0.0119486 0.0500026 0.0500026 -0.0500002
internal_weight=0.0755375 0.0700925 0.0234831 0.00872492 0.00227502 0.0466093 0.0325489 0.00544501
internal_count=1400 190 120 98 87 70 49 1210
is_linear=0
shrinkage=0.05


Tree=195
num_leaves=11
num_cat=0
split_feature=10 11 7 13 18 2 12 0 1 2
split_gain=0.0186601 0.00011676 0.000294603 0.000613894 0.00128925 1.96371e-15 1.17961e-16 8.67362e-19 4.33681e-19 4.33681e-19
threshold=1.0000000180025095e-35 1.0000000180025095e-35 1.0000000180025095e-35 0.10935000000000002 248.60000000000002 20297.310000000001 3130.5750000000003 2.5000000000000004 5.5000000000000009 10965.555000000002
decision_type=2 2 2 2 2 2 2 2 2 2
left_child=7 2 3 4 -2 -3 -7 -1 9 -9
right_child=1 5 -4 -5 -6 6 -8 8 -10 -11
leaf_value=-0.050000217783514725 -0.0097019796999391755 0.05000253275925072 0.050002540380467725 0.050002727279395122 0.050002623390038192 0.05000251198663197 0.050002505740182106 -0.050000217783506218 -0.050000217783498384 -0.050000217783505399
leaf_weight=0.0016137651218741658 0.0016647302909404971 0.012740025238599628 0.014063980837818235 0.0047540990635752678 0.0019791655940935016 0.018976678955368698 0.012619549292139709 0.0012670410505961627 0.0010572943901934195 0.0012413577860570513
leaf_count=377 88 20 22 7 3 30 20 296 247 290
internal_value=0.0414255 0.0485146 0.0455777 0.0381675 0.0227263 0.0500025 0.0500025 -0.0500002 -0.0500002 -0.0500002
internal_weight=0.0719777 0.0667982 0.022462 0.00839799 0.0036439 0.0443363 0.0315962 0.00517946 0.00356569 0.0025084
internal_count=1400 190 120 98 91 70 50 1210 833 586
is_linear=0
shrinkage=0.05


Tree=196
num_leaves=9
num_cat=0
split_feature=10 11 6 10 4 2 1 2
split_gain=0.0177302 0.000119801 0.000300613 0.000936389 0.000128858 1.70003e-15 1.2837e-16 8.67362e-19
threshold=1.0000000180025095e-35 1.0000000180025095e-35 1.0000000180025095e-35 1.5000000000000002 10479.6 20297.310000000001 5.5000000000000009 14613.340000000002
decision_type=2 2 2 2 2 2 2 2
left_child=7 2 -2 4 -4 -3 -7 -1
right_child=1 5 3 -5 -6 6 -8 -9
leaf_value=-0.050000201028803842 0.050002420119304919 0.050002408765226936 0.025666207278710523 0.049015241120533931 0.0023040730237122321 0.050002383553464348 0.05000239011276944 -0.050000201028795668
leaf_weight=0.0029398255173873613 0.013393114903010428 0.012118716083932668 0.0010020523141065496 0.0056133220532501582 0.0014361858420670615 0.016211574955377728 0.013843758846633136 0.0019870288815582171
leaf_count=722 22 20 23 10 65 27 23 488
internal_value=0.0413785 0.0484552 0.0454124 0.0377773 0.0119053 0.0500024 0.0500024 -0.0500002
internal_weight=0.0685456 0.0636187 0.0214447 0.00805156 0.00243824 0.042174 0.0300553 0.00492685
internal_count=1400 190 120 98 88 70 50 1210
is_linear=0
shrinkage=0.05


Tree=197
num_leaves=9
num_cat=0
split_feature=10 11 6 13 14 3 2 2
split_gain=0.0168357 0.000127719 0.000316284 0.0013296 1.44329e-15 8.67362e-17 8.67362e-19 4.33681e-19
threshold=1.0000000180025095e-35 1.0000000180025095e-35 1.0000000180025095e-35 0.071300000000000016 0.55000000000000016 12625.055000000002 14043.930000000002 8764.7400000000034
decision_type=2 2 2 2 2 2 2 2
left_child=6 2 -2 -4 -3 -6 7 -1
right_child=1 4 3 -5 5 -7 -8 -9
leaf_value=-0.050000193724401412 0.050002302043585301 0.050002288377195336 -0.0061880652845156033 0.047057138236031283 0.050002266011407372 0.05000227191844904 -0.050000193724407505 -0.050000193724382962
leaf_weight=0.0016306164584420904 0.012739954225253314 0.015546616341453046 0.0014386509010364526 0.0063368452315444301 0.012557224952615798 0.012013447121717036 0.0020373022734929691 0.0010186511367464846
leaf_count=421 22 27 79 19 22 21 526 263
internal_value=0.0413039 0.0483612 0.0451522 0.0372055 0.0500023 0.0500023 -0.0500002 -0.0500002
internal_weight=0.0653193 0.0606327 0.0205155 0.0077755 0.0401173 0.0245707 0.00468657 0.00264927
internal_count=1400 190 120 98 70 43 1210 684
is_linear=0
shrinkage=0.05


Tree=198
num_leaves=9
num_cat=0
split_feature=10 11 7 13 17 14 1 1
split_gain=0.015988 0.000134387 0.000330776 0.000669881 0.00128311 1.33921e-15 7.28584e-17 8.67362e-19
threshold=1.0000000180025095e-35 1.0000000180025095e-35 1.0000000180025095e-35 0.10935000000000002 0.23030000000000003 0.55000000000000016 4.5000000000000009 4.5000000000000009
decision_type=2 2 2 2 2 2 2 2
left_child=7 2 3 4 -2 -3 -7 -1
right_child=1 5 -4 -5 -6 6 -8 -9
leaf_value=-0.050000182056872081 -0.012239388545950268 0.050002177410003082 0.050002197099865281 0.050002393032016403 0.050002271691949075 0.050002155632757388 0.050002161188060584 -0.050000182056867265
leaf_weight=0.0024647971927151948 0.0016050819413067066 0.014788431173656136 0.012147018394898623 0.0041569394525140524 0.0017103381105698645 0.01249004655983299 0.010882350208703429 0.0019932066984438279
leaf_count=669 88 27 22 7 3 23 20 541
internal_value=0.041234 0.0482732 0.0449102 0.0366327 0.0198694 0.0500022 0.0500022 -0.0500002
internal_weight=0.0622382 0.0577802 0.0196194 0.00747236 0.00331542 0.0381608 0.0233724 0.004458
internal_count=1400 190 120 98 91 70 43 1210
is_linear=0
shrinkage=0.05


Tree=199
num_leaves=7
num_cat=0
split_feature=10 11 6 13 15 13
split_gain=0.0151898 0.000137135 0.000335288 0.00128621 1.09635e-15 1.249e-16
threshold=1.0000000180025095e-35 1.0000000180025095e-35 1.0000000180025095e-35 0.071300000000000016 1.0000000180025095e-35 0.071300000000000016
decision_type=2 2 2 2 2 2
left_child=-1 2 -2 -4 -3 -6
right_child=1 4 3 -5 5 -7
leaf_value=-0.050000175171524941 0.050002091310034719 0.050002073113247586 -0.0068119600807613236 0.046655650698376953 0.050002056831263367 0.050002049729320132
leaf_weight=0.0042405850376781009 0.011564656917471439 0.010430759633891284 0.0013968748862680505 0.0057746260272324434 0.015542182722128928 0.010326834686566144
leaf_count=1210 22 20 79 19 30 20
internal_value=0.0411832 0.0482089 0.0447349 0.0362412 0.0500021 0.0500021
internal_weight=0.0592765 0.0550359 0.0187362 0.0071715 0.0362998 0.025869
internal_count=1400 190 120 98 70 50
is_linear=0
shrinkage=0.05


Tree=200
num_leaves=8
num_cat=0
split_feature=10 11 7 13 18 1 12
split_gain=0.0144229 0.000144168 0.000350311 0.000688261 0.00128308 1.02696e-15 6.59195e-17
threshold=1.0000000180025095e-35 1.0000000180025095e-35 1.0000000180025095e-35 0.10935000000000002 248.60000000000002 2.5000000000000004 3130.5750000000003
decision_type=2 2 2 2 2 2 2
left_child=-1 2 3 4 -2 -3 -7
right_child=1 5 -4 -5 -6 6 -8
leaf_value=-0.050000167101550308 -0.014110028721712416 0.05000197231435663 0.05000199454926884 0.050002173159864396 0.050002097029371077 0.050001955417817247 0.05000195004282923
leaf_weight=0.0040337699419978881 0.001545288341731065 0.0099220570409670472 0.011029853078071028 0.0037739788531325758 0.0015766088617965579 0.014779503049794585 0.0098279237863607705
leaf_count=1210 88 20 22 7 3 30 20
internal_value=0.0411072 0.0481133 0.0444753 0.0356353 0.0182676 0.050002 0.050002
internal_weight=0.056489 0.0524552 0.0179257 0.00689588 0.0031219 0.0345295 0.0246074
internal_count=1400 190 120 98 91 70 50
is_linear=0
shrinkage=0.05


Tree=201
num_leaves=7
num_cat=0
split_feature=10 11 6 13 1 1
split_gain=0.0137023 0.000146542 0.000353465 0.00123703 7.63278e-16 4.85723e-17
threshold=1.0000000180025095e-35 1.0000000180025095e-35 1.0000000180025095e-35 0.071300000000000016 2.5000000000000004 5.5000000000000009
decision_type=2 2 2 2 2 2
left_child=-1 2 -2 -4 -3 -6
right_child=1 4 3 -5 5 -7
leaf_value=-0.050000157743588097 0.050001900088288302 0.050001875926658459 -0.0073574428828410803 0.046211416983731803 0.050001856892795953 0.050001861497784399
leaf_weight=0.003837041374481486 0.010499101888854057 0.0094381702656392008 0.0013549456962209652 0.0052668287844426231 0.012625710340216756 0.010781641321955249
leaf_count=1210 22 20 79 19 27 23
internal_value=0.0410546 0.0480469 0.0442964 0.0352502 0.0500019 0.0500019
internal_weight=0.0538034 0.0499664 0.0171209 0.00662177 0.0328455 0.0234074
internal_count=1400 190 120 98 70 50
is_linear=0
shrinkage=0.05


Tree=202
num_leaves=8
num_cat=0
split_feature=10 11 7 13 17 2 12
split_gain=0.0130085 0.00015394 0.000369092 0.000703454 0.00124217 6.9042e-16 4.16334e-17
threshold=1.0000000180025095e-35 1.0000000180025095e-35 1.0000000180025095e-35 0.10935000000000002 0.23030000000000003 20297.310000000001 3130.5750000000003
decision_type=2 2 2 2 2 2 2
left_child=-1 2 3 4 -2 -3 -7
right_child=1 5 -4 -5 -6 6 -8
leaf_value=-0.050000150755683162 -0.014995642185973657 0.050001784571287358 0.050001814987488027 0.050001976159293859 0.050001910422389363 0.050001769908476927 0.050001765445499773
leaf_weight=0.0036499071416073994 0.0015086401981534428 0.0089778753754217178 0.010018040426075459 0.0034278190578334033 0.001433541823644191 0.013372832763707265 0.0088929742050822824
leaf_count=1210 88 20 22 7 3 30 20
internal_value=0.0409721 0.0479431 0.0440184 0.0346082 0.0166736 0.0500018 0.0500018
internal_weight=0.0512816 0.0476317 0.016388 0.00637 0.00294218 0.0312437 0.0222658
internal_count=1400 190 120 98 91 70 50
is_linear=0
shrinkage=0.05


Tree=203
num_leaves=8
num_cat=0
split_feature=10 11 6 13 13 16 2
split_gain=0.0123576 0.000156148 0.000371267 0.00118442 5.96745e-16 1.249e-16 8.67362e-19
threshold=1.0000000180025095e-35 1.0000000180025095e-35 1.0000000180025095e-35 0.071300000000000016 0.21280000000000002 4248.505000000001 14501.290000000003
decision_type=2 2 2 2 2 2 2
left_child=6 2 -2 -4 5 -3 -1
right_child=1 4 3 -5 -6 -7 -8
leaf_value=-0.050000146598679511 0.050001728906438649 0.050001678572871001 -0.0078529483596538659 0.045718182277645063 0.050001697818165242 0.050001686306563722 -0.050000146598669186
leaf_weight=0.0020372303060867116 0.0095337457023561001 0.011416494002332911 0.0013136478905835238 0.0048083803258123226 0.0085400949174072593 0.0097633711411617696 0.0014346692296385299
leaf_count=710 22 27 79 19 20 23 500
internal_value=0.0409164 0.0478729 0.0438316 0.034223 0.0500017 0.0500017 -0.0500001
internal_weight=0.0488476 0.0453757 0.0156558 0.00612203 0.02972 0.0211799 0.0034719
internal_count=1400 190 120 98 70 50 1210
is_linear=0
shrinkage=0.05


Tree=204
num_leaves=9
num_cat=0
split_feature=10 11 7 13 18 14 6 0
split_gain=0.0117298 0.000163913 0.000387516 0.000716139 0.00123258 5.55112e-16 3.1225e-17 4.33681e-19
threshold=1.0000000180025095e-35 1.0000000180025095e-35 1.0000000180025095e-35 0.10935000000000002 248.60000000000002 0.55000000000000016 1.5000000000000002 2.5000000000000004
decision_type=2 2 2 2 2 2 2 2
left_child=7 2 3 4 -2 -3 -7 -1
right_child=1 5 -4 -5 -6 6 -8 -9
leaf_value=-0.05000013745383567 -0.01669826610617179 0.050001612502105247 0.050001653195753816 0.05000179437895378 0.050001773181606229 0.050001600041225891 0.050001595987226727 -0.050000137453862226
leaf_weight=0.0010289836159245161 0.0014537827914864474 0.0109556601382792 0.009101572068175301 0.0031149443530011922 0.0013229150790721178 0.0092711500765290111 0.0080437357828486711 0.0022735897932761873
leaf_count=377 88 27 22 7 3 23 20 833
internal_value=0.040827 0.0477603 0.0435343 0.0335433 0.0150799 0.0500016 0.0500016 -0.0500001
internal_weight=0.0465663 0.0432638 0.0149932 0.00589164 0.0027767 0.0282705 0.0173149 0.00330257
internal_count=1400 190 120 98 91 70 43 1210
is_linear=0
shrinkage=0.05


Tree=205
num_leaves=7
num_cat=0
split_feature=10 11 6 13 14 6
split_gain=0.0111424 0.00016567 0.000387976 0.00112787 4.85723e-16 3.1225e-17
threshold=1.0000000180025095e-35 1.0000000180025095e-35 1.0000000180025095e-35 0.071300000000000016 0.55000000000000016 1.5000000000000002
decision_type=2 2 2 2 2 2
left_child=-1 2 -2 -4 -3 -6
right_child=1 4 3 -5 5 -7
leaf_value=-0.050000126985946018 0.050001572456985478 0.050001534593520171 -0.0082813983486414843 0.045176419794050307 0.050001522843429652 0.050001518437606973
leaf_weight=0.0031415056241712582 0.0086582793446723372 0.010421362123452127 0.0012723678041766115 0.004394357482851774 0.0088190041424240917 0.0076514497632160774
leaf_count=1210 22 27 79 19 23 20
internal_value=0.0407695 0.0476879 0.0433446 0.0331734 0.0500015 0.0500015
internal_weight=0.0443583 0.0412168 0.014325 0.00566673 0.0268918 0.0164705
internal_count=1400 190 120 98 70 43
is_linear=0
shrinkage=0.05


Tree=206
num_leaves=8
num_cat=0
split_feature=10 11 7 13 17 12 3
split_gain=0.0105745 0.000173794 0.000404953 0.00072572 0.00118614 4.12864e-16 5.20417e-17
threshold=1.0000000180025095e-35 1.0000000180025095e-35 1.0000000180025095e-35 0.10935000000000002 0.23030000000000003 4500.3700000000008 7411.3900000000003
decision_type=2 2 2 2 2 2 2
left_child=-1 2 3 4 -2 6 -3
right_child=1 5 -4 -5 -6 -7 -8
leaf_value=-0.050000124289976688 -0.01747675552136143 0.050001444129219599 0.050001508080219907 0.050001631860006404 0.050001614856718016 0.050001461286337513 0.050001449647814146
leaf_weight=0.0029882928515689846 0.0014186727189553503 0.0072753065323922774 0.0082713780866470188 0.0028321597492322326 0.0012039060820825398 0.0077166800037957719 0.010588337376248091
leaf_count=1210 88 20 22 7 3 21 29
internal_value=0.0406726 0.047566 0.0430273 0.0324518 0.0134995 0.0500015 0.0500014
internal_weight=0.0422947 0.0393064 0.0137261 0.00545474 0.00262258 0.0255803 0.0178636
internal_count=1400 190 120 98 91 70 49
is_linear=0
shrinkage=0.05


Tree=207
num_leaves=9
num_cat=0
split_feature=10 11 7 13 18 1 1 2
split_gain=0.0100441 0.000175327 0.000404453 0.000710888 0.0011685 3.53884e-16 3.1225e-17 8.67362e-19
threshold=1.0000000180025095e-35 1.0000000180025095e-35 1.0000000180025095e-35 0.10935000000000002 248.60000000000002 2.5000000000000004 5.5000000000000009 15025.235000000002
decision_type=2 2 2 2 2 2 2 2
left_child=7 2 3 4 -2 -3 -7 -1
right_child=1 5 -4 -5 -6 6 -8 -9
leaf_value=-0.050000116144384078 -0.017864510351005149 0.050001390666601968 0.05000143336922213 0.050001552938672957 0.050001579288099764 0.050001375466456083 0.050001379708970728 -0.050000116144364629
leaf_weight=0.0017877540278732331 0.0013861303323210459 0.006992035108851268 0.0078679896832909435 0.0026940378593280911 0.0011692850675899535 0.0093534438055939972 0.0079873115173541009 0.0010547983686137741
leaf_count=761 88 20 22 7 3 27 23 449
internal_value=0.0406119 0.0474895 0.04283 0.0320814 0.0131891 0.0500014 0.0500014 -0.0500001
internal_weight=0.0402928 0.0374502 0.0131174 0.00524945 0.00255542 0.0243328 0.0173408 0.00284255
internal_count=1400 190 120 98 91 70 50 1210
is_linear=0
shrinkage=0.05


Tree=208
num_leaves=8
num_cat=0
split_feature=10 11 6 10 15 13 1
split_gain=0.00954015 0.000176718 0.000407189 0.001067 2.81025e-16 3.1225e-17 4.33681e-19
threshold=1.0000000180025095e-35 1.0000000180025095e-35 1.0000000180025095e-35 1.5000000000000002 1.0000000180025095e-35 0.071300000000000016 4.5000000000000009
decision_type=2 2 2 2 2 2 2
left_child=6 2 -2 -4 -3 -6 -1
right_child=1 4 3 -5 5 -7 -8
leaf_value=-0.050000111924281325 0.050001370300841744 0.05000132215671186 7.1432653156198862e-05 0.048441848828475118 0.050001311691451999 0.050001307396575323 -0.050000111924273387
leaf_weight=0.0014949771025385408 0.0075111751211807132 0.0066510438919067374 0.0017483332621850423 0.0032771804399089888 0.0099102771491743624 0.0065847755467984817 0.0012089426195416308
leaf_count=669 22 20 88 10 30 20 541
internal_value=0.0405501 0.0474117 0.0426306 0.0316142 0.0500013 0.0500013 -0.0500001
internal_weight=0.0383867 0.0356828 0.0125367 0.00502551 0.0231461 0.0164951 0.00270392
internal_count=1400 190 120 98 70 50 1210
is_linear=0
shrinkage=0.05


Tree=209
num_leaves=8
num_cat=0
split_feature=10 11 6 13 14 3 1
split_gain=0.00905191 0.000184829 0.000418741 0.00107492 2.39392e-16 1.21431e-17 4.33681e-19
threshold=1.0000000180025095e-35 1.0000000180025095e-35 1.0000000180025095e-35 0.071300000000000016 0.55000000000000016 15323.345000000003 4.5000000000000009
decision_type=2 2 2 2 2 2 2
left_child=6 2 -2 -4 -3 -6 -1
right_child=1 4 3 -5 5 -7 -8
leaf_value=-0.050000106966125384 0.050001301449324867 0.050001256102126371 -0.01069491107882925 0.044216123332179794 0.050001243953992941 0.05000124686307688 -0.050000106966117022
leaf_weight=0.0014220664568256316 0.0071448604285251349 0.0085323360981419683 0.0011738827574845345 0.0037016235228293226 0.0072060379898175597 0.0062789014191366732 0.0011499819927394128
leaf_count=669 22 27 79 19 23 20 541
internal_value=0.0404444 0.0472788 0.0422923 0.0309951 0.0500012 0.0500012 -0.0500001
internal_weight=0.0366097 0.0340376 0.0120204 0.00487551 0.0220173 0.0134849 0.00257205
internal_count=1400 190 120 98 70 43 1210
is_linear=0
shrinkage=0.05


Tree=210
num_leaves=9
num_cat=0
split_feature=10 11 7 13 17 12 3 1
split_gain=0.00858781 0.000193035 0.000431563 0.000740201 0.00111759 2.35922e-16 3.81639e-17 4.33681e-19
threshold=1.0000000180025095e-35 1.0000000180025095e-35 1.0000000180025095e-35 0.10935000000000002 0.23030000000000003 4500.3700000000008 7411.3900000000003 4.5000000000000009
decision_type=2 2 2 2 2 2 2 2
left_child=7 2 3 4 -2 6 -3 -1
right_child=1 5 -4 -5 -6 -7 -8 -9
leaf_value=-0.050000101205341624 -0.019679595701351839 0.050001182173373994 0.050001245429393951 0.050001378355441363 0.050001369538735074 0.050001196783094393 0.050001187278805863 -0.050000101205332839
leaf_weight=0.0013527116043405831 0.001332867438577523 0.0059565473929978916 0.006807247205870226 0.00237542565446347 0.0010126018605660647 0.0063179160351864985 0.008669041795656085 0.0010938968280242989
leaf_count=669 88 20 22 7 3 21 29 541
internal_value=0.0403347 0.047141 0.0419449 0.0303281 0.0104035 0.0500012 0.0500012 -0.0500001
internal_weight=0.0349183 0.0324716 0.0115281 0.00472089 0.00234547 0.0209435 0.0146256 0.00244661
internal_count=1400 190 120 98 91 70 49 1210
is_linear=0
shrinkage=0.05


Tree=211
num_leaves=7
num_cat=0
split_feature=10 11 6 10 12 3
split_gain=0.00815606 0.000193783 0.000431569 0.00105274 1.8735e-16 2.08167e-17
threshold=1.0000000180025095e-35 1.0000000180025095e-35 1.0000000180025095e-35 1.5000000000000002 1102.9250000000002 8513.8650000000016
decision_type=2 2 2 2 2 2
left_child=-1 2 -2 -4 5 -3
right_child=1 4 3 -5 -6 -7
leaf_value=-0.05000009457267604 0.050001188772679755 0.050001124955821798 -0.0018710976857480638 0.048189793197819381 0.050001136858968245 0.050001129002511829
leaf_weight=0.002327286031231778 0.0064926927734632045 0.0065182204416487366 0.0016552390466131328 0.0028729263103741687 0.007718463835772126 0.0056854167196433991
leaf_count=1210 22 23 88 10 27 20
internal_value=0.0402688 0.0470582 0.0417382 0.0298904 0.0500011 0.0500011
internal_weight=0.0332702 0.030943 0.0110209 0.00452817 0.0199221 0.0122036
internal_count=1400 190 120 98 70 43
is_linear=0
shrinkage=0.05


Tree=212
num_leaves=8
num_cat=0
split_feature=10 11 6 10 15 13 2
split_gain=0.00773683 0.00020178 0.000441477 0.00102349 2.01228e-16 2.42861e-17 4.33681e-19
threshold=1.0000000180025095e-35 1.0000000180025095e-35 1.0000000180025095e-35 1.5000000000000002 1.0000000180025095e-35 0.071300000000000016 12463.370000000001
decision_type=2 2 2 2 2 2 2
left_child=6 2 -2 -4 -3 -6 -1
right_child=1 4 3 -5 5 -7 -8
leaf_value=-0.050000093207643329 0.050001127434841197 0.050001083355380088 -0.0017776678771145344 0.048010116182868878 0.050001073564019199 0.050001069425525506 -0.05000009320764344
leaf_weight=0.0011050620028072436 0.0061760477256029844 0.0054454396886285386 0.001655126020523312 0.0027427872009866405 0.008113886317005381 0.0053911830473225572 0.0011087211485119042
leaf_count=604 22 20 88 10 30 20 606
internal_value=0.0401536 0.0469134 0.0413798 0.0292728 0.0500011 0.0500011 -0.0500001
internal_weight=0.0317383 0.0295245 0.010574 0.00439791 0.0189505 0.0135051 0.00221378
internal_count=1400 190 120 98 70 50 1210
is_linear=0
shrinkage=0.05


Tree=213
num_leaves=8
num_cat=0
split_feature=10 11 6 13 15 13 2
split_gain=0.00733809 0.000210077 0.000451298 0.00103725 1.94289e-16 1.38778e-17 4.33681e-19
threshold=1.0000000180025095e-35 1.0000000180025095e-35 1.0000000180025095e-35 0.071300000000000016 1.0000000180025095e-35 0.071300000000000016 12911.060000000003
decision_type=2 2 2 2 2 2 2
left_child=6 2 -2 -4 -3 -6 -1
right_child=1 4 3 -5 5 -7 -8
leaf_value=-0.050000088187839846 0.050001076003307367 0.050001031021071722 -0.013271009978597295 0.043119346846871714 0.050001020948838154 0.050001017561438016 -0.05000008818783698
leaf_weight=0.0010842341197303531 0.005874844326172024 0.0051798677886836222 0.0010970269813697087 0.0031774647713973536 0.0077181752421893179 0.0051282571803312749 0.0010215817468406385
leaf_count=623 22 20 79 19 30 20 587
internal_value=0.0400325 0.0467614 0.0410076 0.028647 0.050001 0.050001 -0.0500001
internal_weight=0.0302815 0.0281756 0.0101493 0.00427449 0.0180263 0.0128464 0.00210582
internal_count=1400 190 120 98 70 50 1210
is_linear=0
shrinkage=0.05


Tree=214
num_leaves=8
num_cat=0
split_feature=10 11 7 13 16 12 16
split_gain=0.00695924 0.000218323 0.000464317 0.000784193 0.000997512 1.2837e-16 1.38778e-17
threshold=1.0000000180025095e-35 1.0000000180025095e-35 1.0000000180025095e-35 0.10935000000000002 2546.3750000000005 3130.5750000000003 1012.2750000000002
decision_type=2 2 2 2 2 2 2
left_child=-1 2 3 4 -2 6 -3
right_child=1 5 -4 -5 -6 -7 -8
leaf_value=-0.050000085841983878 -0.027108319226567021 0.050000967330272345 0.050001029587160774 0.050001204270858274 0.041886190954226216 0.050000978544134156 0.050000970873179021
leaf_weight=0.0020031141445997483 0.0010770293511086493 0.0048763110244181007 0.0056082672090269625 0.0020385015814099461 0.0010200258720942657 0.0059082423249492413 0.0063626105838920921
leaf_count=1210 86 20 22 7 5 24 26
internal_value=0.0399076 0.0466048 0.0406283 0.0279179 0.00645121 0.050001 0.050001
internal_weight=0.0288941 0.026891 0.00974382 0.00413556 0.00209706 0.0171472 0.0112389
internal_count=1400 190 120 98 91 70 46
is_linear=0
shrinkage=0.05


Tree=215
num_leaves=7
num_cat=0
split_feature=10 11 6 10 14 1
split_gain=0.00660787 0.000218558 0.000461123 0.000998556 1.17961e-16 3.46945e-18
threshold=1.0000000180025095e-35 1.0000000180025095e-35 1.0000000180025095e-35 1.5000000000000002 0.55000000000000016 4.5000000000000009
decision_type=2 2 2 2 2 2
left_child=-1 2 -2 -4 -3 -6
right_child=1 4 3 -5 5 -7
leaf_value=-0.05000007941400221 0.050000976329111761 0.050000930653038213 -0.0035420157156649933 0.047718327505380131 0.050000920915772074 0.050000922909908707
leaf_weight=0.0019054212964419994 0.0053418527677422389 0.0063209503859980023 0.0015680156643611554 0.0024106858036248013 0.0053385604405775666 0.0046513911074725911
leaf_count=1210 22 27 88 10 23 20
internal_value=0.0398326 0.0465107 0.0404029 0.0275165 0.0500009 0.0500009
internal_weight=0.0275369 0.0256315 0.00932055 0.0039787 0.0163109 0.00998995
internal_count=1400 190 120 98 70 43
is_linear=0
shrinkage=0.05


Tree=216
num_leaves=7
num_cat=0
split_feature=10 11 6 13 14 1
split_gain=0.00626568 0.000226595 0.000469046 0.000999679 9.19403e-17 3.46945e-18
threshold=1.0000000180025095e-35 1.0000000180025095e-35 1.0000000180025095e-35 0.10935000000000002 0.55000000000000016 4.5000000000000009
decision_type=2 2 2 2 2 2
left_child=-1 2 -2 -4 -3 -6
right_child=1 4 3 -5 5 -7
leaf_value=-0.050000072101226894 0.050000928443686136 0.050000884947868585 -0.0010457645277148961 0.050001103088588822 0.050000876146636508 0.050000877973803919
leaf_weight=0.001812493013630955 0.0050813322741305456 0.0060126793250674391 0.001751952743234142 0.0021192904678173363 0.0050782002072082832 0.0044245439930818975
leaf_count=1210 22 27 90 8 23 20
internal_value=0.0397012 0.0463459 0.0400115 0.0268996 0.0500009 0.0500009
internal_weight=0.0262805 0.024468 0.00895258 0.00387124 0.0155154 0.00950274
internal_count=1400 190 120 98 70 43
is_linear=0
shrinkage=0.05


Tree=217
num_leaves=7
num_cat=0
split_feature=10 11 7 13 12 3
split_gain=0.00594066 0.000234494 0.000484922 0.000793056 7.97973e-17 1.56125e-17
threshold=1.0000000180025095e-35 1.0000000180025095e-35 1.0000000180025095e-35 0.10935000000000002 4500.3700000000008 7411.3900000000003
decision_type=2 2 2 2 2 2
left_child=-1 2 3 -2 5 -3
right_child=1 4 -4 -5 -6 -7
leaf_value=-0.050000067819197518 0.0038520150998060903 0.05000083254603413 0.050000900350473526 0.05000106868324819 0.050000842778584388 0.050000836334454159
leaf_weight=0.0017240968179521579 0.0019358637191544403 0.0041975365311373025 0.0048721858038334176 0.0017933163908310235 0.0044521910749608659 0.0061090122035238892
leaf_count=1210 91 20 22 7 21 29
internal_value=0.039566 0.0461765 0.0396145 0.0260445 0.0500008 0.0500008
internal_weight=0.0250842 0.0233601 0.00860137 0.00372918 0.0147587 0.0103065
internal_count=1400 190 120 98 70 49
is_linear=0
shrinkage=0.05


Tree=218
num_leaves=7
num_cat=0
split_feature=10 11 6 10 12 16
split_gain=0.00562971 0.000244572 0.000497254 0.00099664 7.28584e-17 8.67362e-18
threshold=1.0000000180025095e-35 1.0000000180025095e-35 1.0000000180025095e-35 1.5000000000000002 4500.3700000000008 3076.6850000000004
decision_type=2 2 2 2 2 2
left_child=-1 2 -2 -4 5 -3
right_child=1 4 3 -5 -6 -7
leaf_value=-0.050000067102455671 0.050000853291003594 0.050000792793597093 -0.0059132503364107787 0.047284403343601844 0.050000801976396163 0.050000795494044549
leaf_weight=0.0016400116487602636 0.0046446218766504899 0.0047925526014296338 0.0015004164220044913 0.0021306930357241072 0.0042350585135864103 0.0050113475444959477
leaf_count=1210 22 24 88 10 21 25
internal_value=0.0394106 0.0459818 0.0391641 0.0253025 0.0500008 0.0500008
internal_weight=0.0239547 0.0223147 0.00827573 0.00363111 0.014039 0.0098039
internal_count=1400 190 120 98 70 49
is_linear=0
shrinkage=0.05


Tree=219
num_leaves=7
num_cat=0
split_feature=10 11 6 13 15 12
split_gain=0.00533655 0.000252222 0.000502714 0.00100791 6.76542e-17 5.20417e-18
threshold=1.0000000180025095e-35 1.0000000180025095e-35 1.0000000180025095e-35 0.10935000000000002 1.0000000180025095e-35 3130.5750000000003
decision_type=2 2 2 2 2 2
left_child=-1 2 -2 -4 -3 -6
right_child=1 4 3 -5 5 -7
leaf_value=-0.050000066133935817 0.050000811403245519 0.050000763363371184 -0.0034567068058811014 0.050000981175084239 0.050000756468953189 0.050000754174998031
leaf_weight=0.0015600274502958191 0.0044181044213473797 0.0038373605493688965 0.0016736324855628482 0.0018635288724908605 0.0055266844428842887 0.003990235723904334
leaf_count=1210 22 20 90 8 29 21
internal_value=0.0392672 0.0458023 0.0387544 0.0247071 0.0500008 0.0500008
internal_weight=0.0228696 0.0213095 0.00795527 0.00353716 0.0133543 0.00951692
internal_count=1400 190 120 98 70 50
is_linear=0
shrinkage=0.05


Tree=220
num_leaves=7
num_cat=0
split_feature=10 11 7 13 14 1
split_gain=0.00505834 0.00025949 0.000516262 0.000804398 5.37764e-17 2.60209e-18
threshold=1.0000000180025095e-35 1.0000000180025095e-35 1.0000000180025095e-35 0.10935000000000002 0.55000000000000016 4.5000000000000009
decision_type=2 2 2 2 2 2
left_child=-1 2 3 -2 -3 -6
right_child=1 4 -4 -5 5 -7
leaf_value=-0.050000064889710788 0.0013129612305598011 0.050000725115503436 0.050000787057380813 0.050000954312879924 0.050000717499741158 0.050000719456877951
leaf_weight=0.0014839440711966736 0.0018312492511540759 0.0049227809067815542 0.0042367575806565583 0.0015805151488166302 0.0041576914954930544 0.0036225214425940067
leaf_count=1210 91 27 22 7 23 20
internal_value=0.0391214 0.0456198 0.0383437 0.0238679 0.0500007 0.0500007
internal_weight=0.0218355 0.0203515 0.00764852 0.00341176 0.012703 0.00778021
internal_count=1400 190 120 98 70 43
is_linear=0
shrinkage=0.05


Tree=221
num_leaves=7
num_cat=0
split_feature=10 11 6 13 4 1
split_gain=0.00479207 0.000268957 0.000526667 0.000988828 3.46945e-17 6.93889e-18
threshold=1.0000000180025095e-35 1.0000000180025095e-35 1.0000000180025095e-35 0.10935000000000002 15142.640000000001 5.5000000000000009
decision_type=2 2 2 2 2 2
left_child=-1 2 -2 -4 -3 -6
right_child=1 4 3 -5 5 -7
leaf_value=-0.050000058471427022 0.050000746267456923 0.050000689837330331 -0.0045595359032513782 0.050000888893860819 0.050000682505824845 0.050000685325150132
leaf_weight=0.0014115714020590522 0.0040422665479127309 0.0034721884294413039 0.0016362927390218829 0.0016861936892382801 0.0046448463399428874 0.0039664350770181045
leaf_count=1210 22 20 90 8 27 23
internal_value=0.0389539 0.0454102 0.0378786 0.0231304 0.0500007 0.0500007
internal_weight=0.0208598 0.0194482 0.00736475 0.00332249 0.0120835 0.00861128
internal_count=1400 190 120 98 70 50
is_linear=0
shrinkage=0.05


Tree=222
num_leaves=7
num_cat=0
split_feature=10 11 7 13 2 3
split_gain=0.00454125 0.00027587 0.000537801 0.000789754 4.33681e-17 5.20417e-18
threshold=1.0000000180025095e-35 1.0000000180025095e-35 1.0000000180025095e-35 0.10935000000000002 20297.310000000001 15931.390000000001
decision_type=2 2 2 2 2 2
left_child=-1 2 3 -2 -3 -6
right_child=1 4 -4 -5 5 -7
leaf_value=-0.050000056346873711 0.00011158102843084873 0.050000657355449278 0.050000723605340629 0.050000863888786509 0.050000649496062213 0.050000651703460866
leaf_weight=0.0013427282749489669 0.0017813595345614877 0.0033028488687705257 0.0038732423126930371 0.0014301118062576279 0.0042558167915558442 0.0039354939217446372
leaf_count=1210 91 20 22 7 26 24
internal_value=0.0387996 0.0452173 0.0374568 0.022328 0.0500007 0.0500007
internal_weight=0.0199216 0.0185789 0.00708471 0.00321147 0.0114942 0.00819131
internal_count=1400 190 120 98 70 50
is_linear=0
shrinkage=0.05


Tree=223
num_leaves=7
num_cat=0
split_feature=10 11 6 10 1 1
split_gain=0.00430114 0.000284985 0.000548236 0.000996548 3.29597e-17 2.60209e-18
threshold=1.0000000180025095e-35 1.0000000180025095e-35 1.0000000180025095e-35 1.5000000000000002 2.5000000000000004 5.5000000000000009
decision_type=2 2 2 2 2 2
left_child=-1 2 -2 -4 -3 -6
right_child=1 4 3 -5 5 -7
leaf_value=-0.050000053850755843 0.050000689646595625 0.050000624823800792 -0.010329815162519868 0.046559352548968889 0.050000618039196011 0.050000619746571953
leaf_weight=0.0012772427385243637 0.0037010345549788317 0.0031417710270034149 0.0013732995366808609 0.001751735013385769 0.0042028350871987641 0.0035889834543922916
leaf_count=1210 22 20 88 10 27 23
internal_value=0.0386225 0.044996 0.03698 0.0215594 0.0500006 0.0500006
internal_weight=0.0190369 0.0177597 0.00682607 0.00312503 0.0109336 0.00779182
internal_count=1400 190 120 98 70 50
is_linear=0
shrinkage=0.05


Tree=224
num_leaves=7
num_cat=0
split_feature=10 11 6 13 14 1
split_gain=0.00407538 0.000291106 0.000548583 0.000974673 3.98986e-17 3.46945e-18
threshold=1.0000000180025095e-35 1.0000000180025095e-35 1.0000000180025095e-35 0.10935000000000002 0.55000000000000016 4.5000000000000009
decision_type=2 2 2 2 2 2
left_child=-1 2 -2 -4 -3 -6
right_child=1 4 3 -5 5 -7
leaf_value=-0.050000050950561252 0.050000658043368708 0.050000593927344295 -0.0065637715662218961 0.050000795244760726 0.050000586515898129 0.050000589018770226
leaf_weight=0.0012149509575465336 0.0035205352178309104 0.0040304424910573289 0.0015613382115589047 0.0014867662393953651 0.0034040385362459347 0.0029658772546099499
leaf_count=1210 22 27 90 8 23 20
internal_value=0.0384623 0.0447961 0.0365556 0.0210266 0.0500006 0.0500006
internal_weight=0.0181839 0.016969 0.00656864 0.0030481 0.0104004 0.00636992
internal_count=1400 190 120 98 70 43
is_linear=0
shrinkage=0.05


Tree=225
num_leaves=7
num_cat=0
split_feature=10 11 7 13 1 12
split_gain=0.00386098 0.000297088 0.000557137 0.000783312 2.25514e-17 4.33681e-18
threshold=1.0000000180025095e-35 1.0000000180025095e-35 1.0000000180025095e-35 0.10935000000000002 2.5000000000000004 3130.5750000000003
decision_type=2 2 2 2 2 2
left_child=-1 2 3 -2 -3 -6
right_child=1 4 -4 -5 5 -7
leaf_value=-0.050000053562853544 -0.0020695780178679297 0.050000565379783396 0.050000640903442722 0.050000774154556574 0.050000560837147906 0.050000558909176707
leaf_weight=0.001155697075319039 0.0016850027859618413 0.0028427952929632738 0.0033740098879206926 0.0012641096545848995 0.0042345135734649375 0.0028158234781585634
leaf_count=1210 91 20 22 7 30 20
internal_value=0.0382973 0.0445901 0.0361249 0.0202499 0.0500006 0.0500006
internal_weight=0.017372 0.0162163 0.00632312 0.00294911 0.00989313 0.00705034
internal_count=1400 190 120 98 70 50
is_linear=0
shrinkage=0.05


Tree=226
num_leaves=7
num_cat=0
split_feature=10 11 6 10 14 6
split_gain=0.00365569 0.000305221 0.000565417 0.000958118 2.94903e-17 2.60209e-18
threshold=1.0000000180025095e-35 1.0000000180025095e-35 1.0000000180025095e-35 1.5000000000000002 0.55000000000000016 1.5000000000000002
decision_type=2 2 2 2 2 2
left_child=-1 2 -2 -4 -3 -6
right_child=1 4 3 -5 5 -7
leaf_value=-0.050000046924222101 0.050000607499220244 0.050000538280121243 -0.012009105717862449 0.045984852509671159 0.050000533054968599 0.050000531515758243
leaf_weight=0.0010993331449071766 0.0032265768677461901 0.0036468991456786171 0.0013110127097206714 0.0015591910414514132 0.0030861619597999379 0.0026775824371725321
leaf_count=1210 22 27 88 10 23 20
internal_value=0.0381084 0.0443544 0.0356394 0.0194952 0.0500005 0.0500005
internal_weight=0.0166068 0.0155074 0.00609678 0.0028702 0.00941064 0.00576374
internal_count=1400 190 120 98 70 43
is_linear=0
shrinkage=0.05


Tree=227
num_leaves=7
num_cat=0
split_feature=10 11 12 13 1 1
split_gain=0.00346268 0.000310548 0.000565364 0.0010178 1.73472e-17 3.46945e-18
threshold=1.0000000180025095e-35 1.0000000180025095e-35 172.01000000000002 0.10935000000000002 2.5000000000000004 5.5000000000000009
decision_type=2 2 2 2 2 2
left_child=-1 2 -2 -4 -3 -6
right_child=1 4 3 -5 5 -7
leaf_value=-0.050000042752725696 0.047116174018822538 0.050000511413251049 -0.018384643851242857 0.050000648910101524 0.050000505363238634 0.050000507858000011
leaf_weight=0.0010457180974299254 0.0036938012854079725 0.0025722702412167564 0.0011146660281156073 0.0010629526805132627 0.0034409978543408215 0.0029384175431914628
leaf_count=1210 37 20 76 7 27 23
internal_value=0.0379358 0.0441393 0.0352033 0.014996 0.0500005 0.0500005
internal_weight=0.0158688 0.0148231 0.00587142 0.00217762 0.00895169 0.00637942
internal_count=1400 190 120 83 70 50
is_linear=0
shrinkage=0.05


Tree=228
num_leaves=7
num_cat=0
split_feature=14 11 7 9 15 1
split_gain=0.0019791 0.000356587 0.000517106 0.000766834 1.73472e-17 1.73472e-18
threshold=0.22500000000000003 1.0000000180025095e-35 1.0000000180025095e-35 1.0000000180025095e-35 1.0000000180025095e-35 5.5000000000000009
decision_type=2 2 2 2 2 2
left_child=-1 2 3 -2 -3 -6
right_child=1 4 -4 -5 5 -7
leaf_value=-0.017113496992913063 -0.0039726031008207241 0.05000048693277738 0.050000574882521014 0.050000663948676909 0.050000481147371933 0.050000482745226275
leaf_weight=0.0014821399263382782 0.0015935076394271172 0.0024468223637086339 0.0024502838277840056 0.0011210661905352026 0.0032731779647292569 0.0027951105803367682
leaf_count=1214 91 20 18 7 27 23
internal_value=0.0377675 0.0437135 0.0333483 0.0183173 0.0500005 0.0500005
internal_weight=0.0151621 0.01368 0.00516486 0.00271457 0.00851511 0.00606829
internal_count=1400 186 116 98 70 50
is_linear=0
shrinkage=0.05


Tree=229
num_leaves=7
num_cat=0
split_feature=14 11 7 13 1 1
split_gain=0.00189529 0.000363987 0.000515551 0.000783671 2.08167e-17 8.67362e-19
threshold=0.22500000000000003 1.0000000180025095e-35 1.0000000180025095e-35 0.10935000000000002 2.5000000000000004 5.5000000000000009
decision_type=2 2 2 2 2 2
left_child=-1 2 3 -2 -3 -6
right_child=1 4 -4 -5 5 -7
leaf_value=-0.016353689939563317 -0.0050816683738710905 0.050000463912940996 0.050000547074237282 0.050000696509455017 0.050000457676234233 0.050000459195510695
leaf_weight=0.0014736747665438097 0.0015552336367363759 0.0023274885534192435 0.0023307833471335471 0.0011041754914913327 0.0031135465251281857 0.0026587926258798689
leaf_count=1214 91 20 18 7 27 23
internal_value=0.0374041 0.0434562 0.0328338 0.0177883 0.0500005 0.0500005
internal_weight=0.0145637 0.01309 0.00499019 0.00265941 0.00809983 0.00577234
internal_count=1400 186 116 98 70 50
is_linear=0
shrinkage=0.05


Tree=230
num_leaves=7
num_cat=0
split_feature=14 11 6 13 6 2
split_gain=0.00181601 0.000370649 0.000525409 0.000935386 1.30104e-17 8.67362e-19
threshold=0.22500000000000003 1.0000000180025095e-35 1.0000000180025095e-35 0.10935000000000002 1.0000000180025095e-35 28060.430000000004
decision_type=2 2 2 2 2 2
left_child=-1 2 -2 -4 5 -3
right_child=1 4 3 -5 -6 -7
leaf_value=-0.015619619320076251 0.050000524981467322 0.05000043543861532 -0.010523255371487975 0.050000642089416597 0.050000439826303693 0.050000436312742036
leaf_weight=0.0014659888280448294 0.0022459247702499852 0.0023017322673695162 0.0014082311313359241 0.0011677304792101495 0.0032051669622887857 0.0021978985969326459
leaf_count=1214 18 21 90 8 29 20
internal_value=0.0370344 0.0431965 0.0323246 0.0169133 0.0500004 0.0500004
internal_weight=0.0139927 0.0125267 0.00482189 0.00257596 0.0077048 0.00449963
internal_count=1400 186 116 98 70 41
is_linear=0
shrinkage=0.05


Tree=231
num_leaves=7
num_cat=0
split_feature=14 11 7 9 14 6
split_gain=0.00174246 0.000374093 0.000521818 0.000751281 9.54098e-18 8.67362e-19
threshold=0.22500000000000003 1.0000000180025095e-35 1.0000000180025095e-35 1.0000000180025095e-35 0.63335000000000008 1.5000000000000002
decision_type=2 2 2 2 2 2
left_child=-1 2 3 -2 -3 -6
right_child=1 4 -4 -5 5 -7
leaf_value=-0.014911456377042488 -0.0058651551760451996 0.050000418068811441 0.050000509696493473 0.050000599842795569 0.05000041525431085 0.050000413638991763
leaf_weight=0.0014590139435313185 0.001509679756964033 0.00304913375293836 0.0021419754775706679 0.0010007062810473144 0.0021945916450931691 0.0020853080641245469
leaf_count=1214 91 29 18 7 21 20
internal_value=0.0366789 0.0429613 0.0318723 0.0164044 0.0500004 0.0500004
internal_weight=0.0134404 0.0119814 0.00465236 0.00251039 0.00732903 0.0042799
internal_count=1400 186 116 98 70 41
is_linear=0
shrinkage=0.05


Tree=232
num_leaves=7
num_cat=0
split_feature=14 11 7 18 2 13
split_gain=0.00167095 0.000379991 0.00051768 0.000654877 1.04083e-17 8.67362e-19
threshold=0.22500000000000003 1.0000000180025095e-35 1.0000000180025095e-35 77.40000000000002 20297.310000000001 0.018000000000000006
decision_type=2 2 2 2 2 2
left_child=-1 2 3 -2 -3 -6
right_child=1 4 -4 -5 5 -7
leaf_value=-0.014229213993631638 -0.01132972091179898 0.050000398430983507 0.050000486013460813 0.040338054575377036 0.050000394659004056 0.050000393580317548
leaf_weight=0.0014526874589364533 0.0011626369282566884 0.0020032892352901399 0.0020375110179884359 0.0012979320745216683 0.002685212210053578 0.0022830936286482029
leaf_count=1214 82 20 18 16 27 23
internal_value=0.0362915 0.0426902 0.0313601 0.0159247 0.0500004 0.0500004
internal_weight=0.0129224 0.0114697 0.00449808 0.00246057 0.0069716 0.00496831
internal_count=1400 186 116 98 70 50
is_linear=0
shrinkage=0.05


Tree=233
num_leaves=7
num_cat=0
split_feature=14 11 6 13 15 1
split_gain=0.00160195 0.000387135 0.000514789 0.000921982 1.12757e-17 1.73472e-18
threshold=0.22500000000000003 1.0000000180025095e-35 1.0000000180025095e-35 0.10935000000000002 1.0000000180025095e-35 5.5000000000000009
decision_type=2 2 2 2 2 2
left_child=-1 2 -2 -4 -3 -6
right_child=1 4 3 -5 5 -7
leaf_value=-0.013572763357694074 0.050000454992272986 0.050000379530585115 -0.012174839278134271 0.050000599808764035 0.050000374335947201 0.050000375690460376
leaf_weight=0.0014469515243717987 0.0019389555891393684 0.0019055911834584549 0.0013439255185403454 0.0010717262630350888 0.0025491588457953185 0.0021768388396594673
leaf_count=1214 18 20 90 8 27 23
internal_value=0.0358812 0.0423946 0.0308119 0.0154099 0.0500004 0.0500004
internal_weight=0.0124331 0.0109862 0.00435461 0.00241565 0.00663159 0.004726
internal_count=1400 186 116 98 70 50
is_linear=0
shrinkage=0.05


Tree=234
num_leaves=6
num_cat=0
split_feature=14 10 6 3 8
split_gain=0.00153911 0.000389936 0.00104163 5.89107e-06 5.17121e-15
threshold=0.22500000000000003 1.5000000000000002 1.0000000180025095e-35 16291.555000000002 1.0000000180025095e-35
decision_type=2 2 2 2 2
left_child=-1 2 -2 4 -3
right_child=1 3 -4 -5 -6
leaf_value=-0.012941847464326134 0.050000391629289168 0.050000460134977553 -0.0054723480243904542 0.04678737696268024 0.050000357169939107
leaf_weight=0.0014417532952393239 0.0022090056445449591 0.0022264223152888007 0.0013717284055019263 0.002008780422329437 0.0026961197872878984
leaf_count=1214 23 21 90 22 30
internal_value=0.0355033 0.0421477 0.0287496 0.0490692 0.0500004
internal_weight=0.0119538 0.0105121 0.00358073 0.00693132 0.00492254
internal_count=1400 186 113 73 51
is_linear=0
shrinkage=0.05


Tree=235
num_leaves=7
num_cat=0
split_feature=14 11 7 4 15 2
split_gain=0.00147546 0.000399708 0.000524386 0.00063436 1.9082e-17 2.60209e-18
threshold=0.22500000000000003 1.0000000180025095e-35 1.0000000180025095e-35 7915.0200000000013 1.0000000180025095e-35 34294.385000000002
decision_type=2 2 2 2 2 2
left_child=-1 2 3 -2 -3 -6
right_child=1 4 -4 -5 5 -7
leaf_value=-0.012336116384559084 0.03961534650451954 0.050000345906587966 0.050000430972450161 -0.013177293224481246 0.050000338577263263 0.050000340670530996
leaf_weight=0.0014370441015216793 0.0011635213086265139 0.0017353426446788944 0.0017836519982665777 0.0011136571642964554 0.0019663165367092006 0.0023151804562075995
leaf_count=1214 21 20 18 77 23 27
internal_value=0.0350611 0.0418198 0.0296988 0.013797 0.0500003 0.0500003
internal_weight=0.0115147 0.0100777 0.00406083 0.00227718 0.00601684 0.0042815
internal_count=1400 186 116 98 70 50
is_linear=0
shrinkage=0.05


Tree=236
num_leaves=7
num_cat=0
split_feature=14 11 7 18 13 2
split_gain=0.0014159 0.000405197 0.000518409 0.000594302 1.30104e-17 2.60209e-18
threshold=0.22500000000000003 1.0000000180025095e-35 1.0000000180025095e-35 77.40000000000002 0.21280000000000002 28214.540000000005
decision_type=2 2 2 2 2 2
left_child=-1 2 3 -2 5 -3
right_child=1 4 -4 -5 -6 -7
leaf_value=-0.011755119072305599 -0.012935140719563743 0.050000322143438407 0.050000408898243642 0.038609165926201658 0.050000328506385687 0.050000324294313815
leaf_weight=0.0014327793895745353 0.0010964857119688531 0.001867868697445374 0.0016966629700618796 0.0011413069778427598 0.0016522856531082653 0.0022032424167264253
leaf_count=1214 82 23 18 16 20 27
internal_value=0.0346279 0.0415089 0.0291567 0.0133532 0.0500003 0.0500003
internal_weight=0.0110906 0.00965785 0.00393446 0.00223779 0.0057234 0.00407111
internal_count=1400 186 116 98 70 50
is_linear=0
shrinkage=0.05


Tree=237
num_leaves=7
num_cat=0
split_feature=14 11 7 4 12 3
split_gain=0.00135865 0.000410839 0.000512348 0.000599729 1.73472e-17 8.67362e-19
threshold=0.22500000000000003 1.0000000180025095e-35 1.0000000180025095e-35 7915.0200000000013 3130.5750000000003 8513.8650000000016
decision_type=2 2 2 2 2 2
left_child=-1 2 3 -2 5 -3
right_child=1 4 -4 -5 -6 -7
leaf_value=-0.0111983371132448 0.038810328578085536 0.050000306301085311 0.050000391542514781 -0.013390471076689335 0.050000312781577107 0.05000030750186623
leaf_weight=0.0014289184099425265 0.0011090178541053319 0.0018540203382144682 0.0016139163562911563 0.0010920142626673623 0.0018830671688192524 0.0017071775801014155
leaf_count=1214 21 24 18 77 24 22
internal_value=0.0341808 0.0411839 0.028602 0.0129116 0.0500003 0.0500003
internal_weight=0.0106881 0.00925921 0.00381495 0.00220103 0.00544427 0.0035612
internal_count=1400 186 116 98 70 46
is_linear=0
shrinkage=0.05


Tree=238
num_leaves=7
num_cat=0
split_feature=14 11 6 10 1 3
split_gain=0.00130402 0.000415825 0.000506704 0.00073629 1.12757e-17 1.73472e-18
threshold=0.22500000000000003 1.0000000180025095e-35 1.0000000180025095e-35 1.5000000000000002 2.5000000000000004 16109.670000000002
decision_type=2 2 2 2 2 2
left_child=-1 2 -2 -4 -3 -6
right_child=1 4 3 -5 5 -7
leaf_value=-0.010665192651593866 0.050000364472616403 0.050000298079298205 -0.015141394436765555 0.04329728307049608 0.050000292003222951 0.05000029404958739
leaf_weight=0.001425423910518476 0.001537148913484998 0.0014938593812985346 0.0011414930504543008 0.0010211965854978189 0.0022064345394028351 0.0014784527375013568
leaf_count=1214 18 20 88 10 30 20
internal_value=0.0337272 0.0408543 0.0280524 0.0124527 0.0500003 0.0500003
internal_weight=0.010304 0.00887859 0.00369984 0.00216269 0.00517875 0.00368489
internal_count=1400 186 116 98 70 50
is_linear=0
shrinkage=0.05


Tree=239
num_leaves=7
num_cat=0
split_feature=14 11 7 4 1 2
split_gain=0.00125329 0.000417763 0.000498397 0.000545436 9.54098e-18 1.30104e-18
threshold=0.22500000000000003 1.0000000180025095e-35 1.0000000180025095e-35 7915.0200000000013 2.5000000000000004 50060.205000000009
decision_type=2 2 2 2 2 2
left_child=-1 2 3 -2 -3 -6
right_child=1 4 -4 -5 5 -7
leaf_value=-0.010155056441720442 0.037819911943385978 0.05000028315231643 0.050000354964951567 -0.012922163393752219 0.05000027756616493 0.050000279209791831
leaf_weight=0.0014222619354313801 0.0010432472845423035 0.00142100340599427 0.0014635341358371079 0.0010756449451037042 0.0020302289631217718 0.0014749452311662026
leaf_count=1214 21 20 18 77 29 21
internal_value=0.0332902 0.0405523 0.0275604 0.012061 0.0500003 0.0500003
internal_weight=0.00993087 0.0085086 0.00358243 0.00211889 0.00492618 0.00350517
internal_count=1400 186 116 98 70 50
is_linear=0
shrinkage=0.05


Tree=240
num_leaves=7
num_cat=0
split_feature=14 11 6 12 12 3
split_gain=0.00120279 0.00042251 0.000496912 0.000315815 9.54098e-18 4.33681e-19
threshold=0.22500000000000003 1.0000000180025095e-35 1.0000000180025095e-35 1539.1550000000002 3567.9750000000008 10402.510000000002
decision_type=2 2 2 2 2 2
left_child=-1 2 -2 -4 5 -3
right_child=1 4 3 -5 -6 -7
leaf_value=-0.0096672607157188718 0.050000330117021499 0.05000026415487268 -0.0083011002657518446 0.030699910869961766 0.050000269661142585 0.050000265795530775
leaf_weight=0.0014194016346209546 0.0014017782305018045 0.0018619936090544797 0.0010238144941467908 0.0010528504699323094 0.0014866999772493728 0.0013372327157412656
leaf_count=1214 18 28 77 21 22 20
internal_value=0.0328147 0.0402004 0.0269986 0.0114721 0.0500003 0.0500003
internal_weight=0.00958377 0.00816437 0.00347844 0.00207666 0.00468593 0.00319923
internal_count=1400 186 116 98 70 48
is_linear=0
shrinkage=0.05


Tree=241
num_leaves=7
num_cat=0
split_feature=14 11 7 18 15 2
split_gain=0.00115198 0.000430669 0.000495034 0.000527812 1.38778e-17 4.33681e-19
threshold=0.22500000000000003 1.0000000180025095e-35 1.0000000180025095e-35 77.40000000000002 1.0000000180025095e-35 58337.295000000006
decision_type=2 2 2 2 2 2
left_child=-1 2 3 -2 -3 -6
right_child=1 4 -4 -5 5 -7
leaf_value=-0.0092011114501185497 -0.014141400737720701 0.050000257515778128 0.050000329054339182 0.036597961371552301 0.050000251018922186 0.050000252296296892
leaf_weight=0.0014168147293958109 0.0010380307321611326 0.0012855756795033813 0.0013388645311351866 0.0010124540758624789 0.0019014613135368563 0.0012703550819423981
leaf_count=1214 82 20 18 16 30 20
internal_value=0.0322935 0.0397858 0.0263526 0.0109118 0.0500003 0.0500003
internal_weight=0.00926356 0.00784674 0.00338935 0.00205048 0.00445739 0.00317182
internal_count=1400 186 116 98 70 50
is_linear=0
shrinkage=0.05


Tree=242
num_leaves=6
num_cat=0
split_feature=10 7 14 3 8
split_gain=0.00112745 0.0010532 0.00103676 1.16682e-05 2.80592e-15
threshold=1.5000000000000002 1.0000000180025095e-35 0.29165000000000002 16291.555000000002 1.0000000180025095e-35
decision_type=2 2 2 2 2
left_child=1 2 -1 4 -2
right_child=3 -3 -4 -5 -6
leaf_value=-0.044190770433439469 0.050000330416825993 0.050000391154421536 0.018423836388759954 0.044552717610156056 0.050000239141071712
leaf_weight=0.0010328313809395695 0.0015761201466375496 0.0013095272297505289 0.0018367996894994576 0.0013854887001798488 0.0018072672719426919
leaf_count=1231 21 16 80 22 30
internal_value=0.0318029 0.0128438 -0.00411228 0.0484176 0.0500003
internal_weight=0.00894803 0.00417916 0.00286963 0.00476888 0.00338339
internal_count=1400 1327 1311 73 51
is_linear=0
shrinkage=0.05


Tree=243
num_leaves=6
num_cat=0
split_feature=10 7 1 3 8
split_gain=0.00109481 0.00100727 0.000341507 1.32286e-05 2.38394e-15
threshold=1.5000000000000002 1.0000000180025095e-35 2.5000000000000004 16291.555000000002 1.0000000180025095e-35
decision_type=2 2 2 2 2
left_child=1 2 -1 4 -2
right_child=3 -3 -4 -5 -6
leaf_value=0.018901694902047926 0.050000313871451277 0.050000371490113875 -0.017224986038538056 0.044075130333858438 0.05000022759502544
leaf_weight=0.001032294619676577 0.0014992523429100402 0.0012456612894311547 0.0017858348421668779 0.001331843450316228 0.0017191261977131944
leaf_count=360 21 16 951 22 30
internal_value=0.0314204 0.0125584 -0.00399161 0.048266 0.0500003
internal_weight=0.00861401 0.00406379 0.00281813 0.00455022 0.00321838
internal_count=1400 1327 1311 73 51
is_linear=0
shrinkage=0.05


Tree=244
num_leaves=6
num_cat=0
split_feature=10 7 1 3 8
split_gain=0.00107243 0.000964592 0.000310262 1.49664e-05 2.09945e-15
threshold=1.5000000000000002 1.0000000180025095e-35 2.5000000000000004 16291.555000000002 1.0000000180025095e-35
decision_type=2 2 2 2 2
left_child=1 2 -1 4 -2
right_child=3 -3 -4 -5 -6
leaf_value=0.018085934707629706 0.050000299352625205 0.050000353079535688 -0.016461491179986659 0.043564282170116576 0.050000216349842808
leaf_weight=0.0010251026335481583 0.0014261333526519593 0.0011849101138068363 0.0017755024539383157 0.0012813752073270734 0.0016352837810700294
leaf_count=360 21 16 951 22 30
internal_value=0.0309129 0.0121837 -0.00381613 0.0481013 0.0500003
internal_weight=0.00832831 0.00398552 0.00280061 0.00434279 0.00306142
internal_count=1400 1327 1311 73 51
is_linear=0
shrinkage=0.05


Tree=245
num_leaves=6
num_cat=0
split_feature=11 7 18 9 3
split_gain=0.00107664 0.00136618 0.00084073 1.01048e-16 4.77049e-18
threshold=1.0000000180025095e-35 1.0000000180025095e-35 75.15000000000002 1.0000000180025095e-35 16109.670000000002
decision_type=2 2 2 2 2
left_child=1 2 -1 -2 -5
right_child=3 -3 -4 4 -6
leaf_value=-0.029829825441093361 0.050000225158589297 0.050000341664010572 0.027669673520586274 0.050000205806348702 0.05000021014144293
leaf_weight=0.0016946529502774865 0.0012352334888419136 0.0015998356539057568 0.0010173787227358844 0.0014512575144181028 0.0010594971172395162
leaf_count=1274 22 22 34 28 20
internal_value=0.0303917 0.0133565 -0.00825974 0.0500002 0.0500002
internal_weight=0.00805786 0.00431187 0.00271203 0.00374599 0.00251075
internal_count=1400 1330 1308 70 48
is_linear=0
shrinkage=0.05


Tree=246
num_leaves=6
num_cat=0
split_feature=11 7 18 9 3
split_gain=0.00104981 0.00130309 0.000772181 8.06646e-17 4.33681e-18
threshold=1.0000000180025095e-35 1.0000000180025095e-35 75.15000000000002 1.0000000180025095e-35 16109.670000000002
decision_type=2 2 2 2 2
left_child=1 2 -1 -2 -5
right_child=3 -3 -4 4 -6
leaf_value=-0.028852080372617557 0.05000021379095887 0.050000324996401273 0.026695214487810065 0.050000195934635318 0.050000200340105584
leaf_weight=0.0016652441410087704 0.0011749906916520558 0.0015218112166621722 0.0010021874250014662 0.0013804791269649286 0.0010078250343212858
leaf_count=1274 22 22 34 28 20
internal_value=0.0300501 0.0130809 -0.00798227 0.0500002 0.0500002
internal_weight=0.00775254 0.00418924 0.00266743 0.00356329 0.0023883
internal_count=1400 1330 1308 70 48
is_linear=0
shrinkage=0.05


Tree=247
num_leaves=6
num_cat=0
split_feature=11 7 18 9 3
split_gain=0.00102424 0.00124305 0.000679098 8.0231e-17 2.60209e-18
threshold=1.0000000180025095e-35 1.0000000180025095e-35 67.200000000000017 1.0000000180025095e-35 15931.390000000001
decision_type=2 2 2 2 2
left_child=1 2 -1 -2 -5
right_child=3 -3 -4 4 -6
leaf_value=-0.02768038940051883 0.050000204246213154 0.050000309491223208 0.024654938119926483 0.05000018633315001 0.05000018991306774
leaf_weight=0.0016240126770981078 0.0011176859370607417 0.0014475920688710175 0.0010024550650769015 0.0012661347464018036 0.0010056908649858087
leaf_count=1271 22 22 37 27 21
internal_value=0.0296934 0.0127986 -0.00770534 0.0500002 0.0500002
internal_weight=0.00746357 0.00407406 0.00262647 0.00338951 0.00227183
internal_count=1400 1330 1308 70 48
is_linear=0
shrinkage=0.05


Tree=248
num_leaves=6
num_cat=0
split_feature=11 7 13 9 3
split_gain=0.00100021 0.00118596 0.000614703 6.76542e-17 2.1684e-18
threshold=1.0000000180025095e-35 1.0000000180025095e-35 0.06295000000000002 1.0000000180025095e-35 15705.690000000002
decision_type=2 2 2 2 2
left_child=1 2 -1 -2 -5
right_child=3 -3 -4 4 -6
leaf_value=-0.026742130706962183 0.050000194016188416 0.050000295108480836 0.023287669297889755 0.050000177197376164 0.050000180004721617
leaf_weight=0.0015902106208045552 0.0010631759651005268 0.001376992560835788 0.001000105602088297 0.0010706735556595959 0.0010903542133746669
leaf_count=1280 22 22 28 24 24
internal_value=0.0293159 0.0125058 -0.00742592 0.0500002 0.0500002
internal_weight=0.00719151 0.00396731 0.00259032 0.0032242 0.00216103
internal_count=1400 1330 1308 70 48
is_linear=0
shrinkage=0.05


Tree=249
num_leaves=6
num_cat=0
split_feature=11 7 16 9 3
split_gain=0.000977248 0.00113161 0.00059984 5.0307e-17 2.1684e-18
threshold=1.0000000180025095e-35 1.0000000180025095e-35 74.050000000000011 1.0000000180025095e-35 15705.690000000002
decision_type=2 2 2 2 2
left_child=1 2 -1 -2 -5
right_child=3 -3 -4 4 -6
leaf_value=-0.026589263711572393 0.050000183998879899 0.050000279409448262 0.023011753458765646 0.050000168779395684 0.050000171871224935
leaf_weight=0.0015551379041198743 0.001011324449791573 0.0013098362287564669 0.0010024230868452833 0.0010184563579969108 0.0010371771750214975
leaf_count=1277 22 22 31 24 24
internal_value=0.0289224 0.0122071 -0.0071484 0.0500002 0.0500002
internal_weight=0.00693436 0.0038674 0.00255756 0.00306696 0.00205563
internal_count=1400 1330 1308 70 48
is_linear=0
shrinkage=0.05


Tree=250
num_leaves=5
num_cat=0
split_feature=11 7 13 17
split_gain=0.000954662 0.00107978 0.000540095 5.0307e-17
threshold=1.0000000180025095e-35 1.0000000180025095e-35 0.061150000000000003 0.07715000000000001
decision_type=2 2 2 2
left_child=1 2 -1 -2
right_child=3 -3 -4 -5
leaf_value=-0.025633047487119354 0.050000174963486022 0.05000026585060996 0.021626437966414853 0.050000161267611337
leaf_weight=0.0015235043977668283 0.0010427580709801987 0.0012459550889616366 0.0010022620463132625 0.0018746230962278787
leaf_count=1278 24 22 30 46
internal_value=0.0285226 0.01191 -0.00687977 0.0500002
internal_weight=0.0066891 0.00377172 0.00252577 0.00291738
internal_count=1400 1330 1308 70
is_linear=0
shrinkage=0.05


Tree=251
num_leaves=5
num_cat=0
split_feature=11 7 18 17
split_gain=0.000933004 0.00103042 0.000536658 3.1225e-17
threshold=1.0000000180025095e-35 1.0000000180025095e-35 66.050000000000011 0.088350000000000026
decision_type=2 2 2 2
left_child=1 2 -1 -2
right_child=3 -3 -4 -5
leaf_value=-0.025559353485418063 0.050000164471999758 0.050000252929526826 0.021745428473970929 0.050000153651029555
leaf_weight=0.0014970173502888429 0.0011070625369029585 0.0011851894378196448 0.0010000859264209794 0.0016680367043591104
leaf_count=1268 27 22 40 43
internal_value=0.0281073 0.0116081 -0.00661386 0.0500002
internal_weight=0.00645739 0.00368229 0.0024971 0.0027751
internal_count=1400 1330 1308 70
is_linear=0
shrinkage=0.05


Tree=252
num_leaves=5
num_cat=0
split_feature=11 7 16 18
split_gain=0.000911522 0.000983317 0.000473942 3.20924e-17
threshold=1.0000000180025095e-35 1.0000000180025095e-35 45.905000000000008 125.65000000000002
decision_type=2 2 2 2
left_child=1 2 -1 -2
right_child=3 -3 -4 -5
leaf_value=-0.024439309604644351 0.050000156914090071 0.050000241372911092 0.020184947945422936 0.05000014564667047
leaf_weight=0.001468477447758687 0.0010548956161073875 0.0011273873424215708 0.0010003304009273961 0.0015848608454689384
leaf_count=1265 27 22 43 43
internal_value=0.027688 0.0113099 -0.00635811 0.0500002
internal_weight=0.00623595 0.0035962 0.00246881 0.00263976
internal_count=1400 1330 1308 70
is_linear=0
shrinkage=0.05


Tree=253
num_leaves=5
num_cat=0
split_feature=11 7 13 14
split_gain=0.00089093 0.00093845 0.000470509 2.86229e-17
threshold=1.0000000180025095e-35 1.0000000180025095e-35 0.06020000000000001 0.55000000000000016
decision_type=2 2 2 2
left_child=1 2 -1 -2
right_child=3 -3 -4 -5
leaf_value=-0.024522293135555193 0.050000150117674051 0.050000230849896424 0.020030044835183253 0.050000139206839926
leaf_weight=0.0014335299513845712 0.0010057181571028195 0.0010724042404035572 0.0010102242458742694 0.0015052962153276894
leaf_count=1275 27 22 33 43
internal_value=0.0272521 0.0110069 -0.00610479 0.0500001
internal_weight=0.00602717 0.00351616 0.00244375 0.00251101
internal_count=1400 1330 1308 70
is_linear=0
shrinkage=0.05


Tree=254
num_leaves=5
num_cat=0
split_feature=11 7 4 14
split_gain=0.000870481 0.000895621 0.000467331 2.08167e-17
threshold=1.0000000180025095e-35 1.0000000180025095e-35 7887.5600000000004 0.63335000000000008
decision_type=2 2 2 2
left_child=1 2 -1 -2
right_child=3 -3 -4 -5
leaf_value=0.017943355406429416 0.050000141205304341 0.050000218078384978 -0.026150279777992554 0.050000131722924869
leaf_weight=0.0011130738784004279 0.0010228207029285841 0.0010201027216680814 0.0013059652484344042 0.0013657303934451193
leaf_count=487 29 22 821 41
internal_value=0.0268124 0.010708 -0.00586145 0.0500001
internal_weight=0.00582769 0.00343914 0.00241904 0.00238855
internal_count=1400 1330 1308 70
is_linear=0
shrinkage=0.05


Tree=255
num_leaves=4
num_cat=0
split_feature=10 14 2
split_gain=0.000853698 0.000242588 2.01392e-05
threshold=1.5000000000000002 0.29165000000000002 35734.625000000007
decision_type=2 2 2
left_child=1 -1 -2
right_child=2 -3 -4
leaf_value=-0.0092061449909270465 0.050000180697853926 0.01991370148101167 0.041064012957418274
leaf_weight=0.0012301994376571201 0.0016941865105764009 0.0017084544660974643 0.0010042071662610397
leaf_count=1240 44 87 29
internal_value=0.0263689 0.00772335 0.0466746
internal_weight=0.00563705 0.00293865 0.00269839
internal_count=1400 1327 73
is_linear=0
shrinkage=0.05


Tree=256
num_leaves=5
num_cat=0
split_feature=11 1 2 18
split_gain=0.000854698 0.000373702 0.000119242 1.34441e-17
threshold=1.0000000180025095e-35 4.5000000000000009 11307.490000000002 144.90000000000001
decision_type=2 2 2 2
left_child=1 2 -1 -2
right_child=3 -3 -4 -5
leaf_value=0.0097728533410048335 0.050000128674161884 -0.012951341990838132 0.033346952093356343 0.050000120761203554
leaf_weight=0.0010248498122109595 0.001088502400307334 0.0011752326017813175 0.0011255156278480172 0.001092045109544415
leaf_count=504 34 602 224 36
internal_value=0.0256722 0.00972077 0.0221117 0.0500001
internal_weight=0.00550615 0.0033256 0.00215037 0.00218055
internal_count=1400 1330 728 70
is_linear=0
shrinkage=0.05


Tree=257
num_leaves=5
num_cat=0
split_feature=11 1 2 10
split_gain=0.000842425 0.000341387 0.000113174 1.17094e-17
threshold=1.0000000180025095e-35 4.5000000000000009 11307.490000000002 2.5000000000000004
decision_type=2 2 2 2
left_child=1 2 -1 -2
right_child=3 -3 -4 -5
leaf_value=0.0093019934392817635 0.050000121902930551 -0.012345216407483393 0.03240054104881069 0.050000114396097153
leaf_weight=0.0010229411891486961 0.001006462967779953 0.0011713890913824798 0.0011011054322125347 0.0010677382488211151
leaf_count=504 33 602 224 37
internal_value=0.0250373 0.00932525 0.0212763 0.0500001
internal_weight=0.00536964 0.00329544 0.00212405 0.0020742
internal_count=1400 1330 728 70
is_linear=0
shrinkage=0.05


Tree=258
num_leaves=4
num_cat=0
split_feature=9 7 1
split_gain=0.000832909 0.00098598 0.00037585
threshold=1.0000000180025095e-35 1.0000000180025095e-35 3.5000000000000004
decision_type=2 2 2
left_child=1 2 -1
right_child=-2 -3 -4
leaf_value=0.012039955673410411 0.050000164897147426 0.050000179267679724 -0.028841560840861254
leaf_weight=0.0010674142247353302 0.0019778677506110398 0.0010075748068629764 0.0011878694626261677
leaf_count=528 59 27 786
internal_value=0.0243982 0.00887888 -0.00949255
internal_weight=0.00524073 0.00326286 0.00225528
internal_count=1400 1341 1314
is_linear=0
shrinkage=0.05


Tree=259
num_leaves=4
num_cat=0
split_feature=11 14 3
split_gain=0.000820127 0.000319564 0.00017536
threshold=1.0000000180025095e-35 0.29165000000000002 4641.1550000000016
decision_type=2 2 2
left_child=1 -1 -3
right_child=-2 2 -4
leaf_value=-0.012704472025730702 0.050000108494461917 0.034785447747429525 0.0054154580854290264
leaf_weight=0.0011431720239443166 0.0018962041740451241 0.0010331059529562481 0.00100035607783866
leaf_count=1239 70 32 59
internal_value=0.023979 0.00844638 0.020337
internal_weight=0.00507284 0.00317663 0.00203346
internal_count=1400 1330 91
is_linear=0
shrinkage=0.05


Tree=260
num_leaves=3
num_cat=0
split_feature=9 14
split_gain=0.000805703 0.000298676
threshold=1.0000000180025095e-35 0.36665000000000009
decision_type=2 2
left_child=1 -1
right_child=-2 -3
leaf_value=-0.0041540233596399001 0.050000152261639425 0.027465036455962617
leaf_weight=0.00192827578791821 0.0018045142587652663 0.0012190177803859115
leaf_count=1299 59 42
internal_value=0.0233644 0.00809275
internal_weight=0.00495181 0.00314729
internal_count=1400 1341
is_linear=0
shrinkage=0.05


Tree=261
num_leaves=3
num_cat=0
split_feature=11 1
split_gain=0.00080307 0.000290196
threshold=1.0000000180025095e-35 4.5000000000000009
decision_type=2 2
left_child=1 -1
right_child=-2 -3
leaf_value=0.018950022940136119 0.050000099294280759 -0.012873554003353353
leaf_weight=0.0019956224923589616 0.0017320775859843707 0.0011175178868825242
leaf_count=728 70 602
internal_value=0.02271 0.00752638
internal_weight=0.00484522 0.00311314
internal_count=1400 1330
is_linear=0
shrinkage=0.05


Tree=262
num_leaves=3
num_cat=0
split_feature=9 14
split_gain=0.00079452 0.000266528
threshold=1.0000000180025095e-35 0.36665000000000009
decision_type=2 2
left_child=1 -1
right_child=-2 -3
leaf_value=-0.0043880421540791158 0.050000142830745269 0.025906555691476152
leaf_weight=0.0019190969558167126 0.0016562226956011727 0.0011678382161335321
leaf_count=1299 59 42
internal_value=0.0220623 0.0070729
internal_weight=0.00474316 0.00308694
internal_count=1400 1341
is_linear=0
shrinkage=0.05


Tree=263
num_leaves=3
num_cat=0
split_feature=11 1
split_gain=0.000784681 0.000263822
threshold=1.0000000180025095e-35 4.5000000000000009
decision_type=2 2
left_child=1 -1
right_child=-2 -3
leaf_value=0.017699220837836496 0.050000091164789366 -0.012835450379401901
leaf_weight=0.0019544442097867432 0.0015832511671760585 0.0011086806713365149
leaf_count=728 70 602
internal_value=0.0214198 0.00664737
internal_weight=0.00464638 0.00306312
internal_count=1400 1330
is_linear=0
shrinkage=0.05


Tree=264
num_leaves=3
num_cat=0
split_feature=9 14
split_gain=0.000779917 0.000236576
threshold=1.0000000180025095e-35 0.36665000000000009
decision_type=2 2
left_child=1 -1
right_child=-2 -3
leaf_value=-0.0045727591371733925 0.050000134456293088 0.024354121669141447
leaf_weight=0.0019105195423776422 0.0015212773141684011 0.0011218626882509852
leaf_count=1299 59 42
internal_value=0.0207854 0.00612905
internal_weight=0.00455366 0.00303238
internal_count=1400 1341
is_linear=0
shrinkage=0.05


Tree=265
num_leaves=3
num_cat=0
split_feature=11 1
split_gain=0.000763512 0.000239674
threshold=1.0000000180025095e-35 4.5000000000000009
decision_type=2 2
left_child=1 -1
right_child=-2 -3
leaf_value=0.016507848903561315 0.050000083837747081 -0.012770233859665584
leaf_weight=0.0019174770058612012 0.0014482437436527107 0.0010999889685763264
leaf_count=728 70 602
internal_value=0.0201577 0.0058348
internal_weight=0.00446571 0.00301747
internal_count=1400 1330
is_linear=0
shrinkage=0.05


Tree=266
num_leaves=3
num_cat=0
split_feature=9 14
split_gain=0.000762314 0.000208923
threshold=1.0000000180025095e-35 0.36665000000000009
decision_type=2 2
left_child=1 -1
right_child=-2 -3
leaf_value=-0.0047125009970344659 0.050000126498846581 0.022818094039339664
leaf_weight=0.0019024896390362755 0.0013984053948661312 0.0010804960638779448
leaf_count=1299 59 42
internal_value=0.0195394 0.00525962
internal_weight=0.00438139 0.00298299
internal_count=1400 1341
is_linear=0
shrinkage=0.05


Tree=267
num_leaves=3
num_cat=0
split_feature=9 12
split_gain=0.00074365 0.000204289
threshold=1.0000000180025095e-35 172.01000000000002
decision_type=2 2
left_child=1 -1
right_child=-2 -3
leaf_value=0.01449162412209406 0.050000119446800453 -0.013126742628407044
leaf_weight=0.001952076508700884 0.0013302045244927285 0.0010191132839736383
leaf_count=1260 59 81
internal_value=0.0189291 0.00501857
internal_weight=0.00430139 0.00297119
internal_count=1400 1341
is_linear=0
shrinkage=0.05


Tree=268
num_leaves=3
num_cat=0
split_feature=11 14
split_gain=0.000736729 0.00022413
threshold=1.0000000180025095e-35 0.29165000000000002
decision_type=2 2
left_child=1 -1
right_child=-2 -3
leaf_value=-0.01287894327182741 0.050000074829246545 0.015470712163289
leaf_weight=0.0011331190113992307 0.0012798437310266308 0.0018121390337455523
leaf_count=1239 70 91
internal_value=0.0183271 0.00456385
internal_weight=0.0042251 0.00294526
internal_count=1400 1330
is_linear=0
shrinkage=0.05


Tree=269
num_leaves=3
num_cat=0
split_feature=9 12
split_gain=0.000718508 0.000193271
threshold=1.0000000180025095e-35 172.01000000000002
decision_type=2 2
left_child=1 -1
right_child=-2 -3
leaf_value=0.013670129089298003 0.050000111895361056 -0.01331449061769969
leaf_weight=0.0019163412796388002 0.0012192118956591003 0.0010150063135370146
leaf_count=1260 59 81
internal_value=0.0177429 0.00432645
internal_weight=0.00415056 0.00293135
internal_count=1400 1341
is_linear=0
shrinkage=0.05


Tree=270
num_leaves=3
num_cat=0
split_feature=11 1
split_gain=0.000712654 0.000216837
threshold=1.0000000180025095e-35 4.5000000000000009
decision_type=2 2
left_child=1 -1
right_child=-2 -3
leaf_value=0.014254138760243736 0.050000069133811269 -0.014101233997474455
leaf_weight=0.0018405215576535738 0.0011761072455556132 0.001063977728364307
leaf_count=728 70 602
internal_value=0.0171634 0.00386698
internal_weight=0.00408061 0.0029045
internal_count=1400 1330
is_linear=0
shrinkage=0.05


Tree=271
num_leaves=3
num_cat=0
split_feature=9 14
split_gain=0.000695397 0.000178568
threshold=1.0000000180025095e-35 0.29165000000000002
decision_type=2 2
left_child=1 -1
right_child=-2 -3
leaf_value=-0.011579193377542318 0.050000105731849466 0.013788152475273272
leaf_weight=0.0011572619920059424 0.0011225473608647007 0.0017320206088697887
leaf_count=1240 59 101
internal_value=0.0166031 0.00362761
internal_weight=0.00401183 0.00288928
internal_count=1400 1341
is_linear=0
shrinkage=0.05


Tree=272
num_leaves=3
num_cat=0
split_feature=7 18
split_gain=0.000696539 0.000895422
threshold=1.0000000180025095e-35 77.40000000000002
decision_type=2 2
left_child=1 -1
right_child=-2 -3
leaf_value=-0.020097080675526145 0.050000144436991502 0.036919823828642555
leaf_weight=0.0016957712232681388 0.0010924990829153103 0.001159364923580597
leaf_count=1302 42 56
internal_value=0.0160472 0.00305537
internal_weight=0.00394764 0.00285514
internal_count=1400 1358
is_linear=0
shrinkage=0.05


Tree=273
num_leaves=3
num_cat=0
split_feature=11 1
split_gain=0.000681481 0.000203611
threshold=1.0000000180025095e-35 4.5000000000000009
decision_type=2 2
left_child=1 -1
right_child=-2 -3
leaf_value=0.013072268382806736 0.050000062998795905 -0.014876988302652105
leaf_weight=0.0017678783967767231 0.0010502691138754017 0.00103202630171495
leaf_count=728 70 602
internal_value=0.0156539 0.00277036
internal_weight=0.00385017 0.0027999
internal_count=1400 1330
is_linear=0
shrinkage=0.05


Tree=274
num_leaves=3
num_cat=0
split_feature=7 18
split_gain=0.000681394 0.000823772
threshold=1.0000000180025095e-35 77.40000000000002
decision_type=2 2
left_child=1 -1
right_child=-2 -3
leaf_value=-0.019898410072672262 0.050000136766116136 0.035876011374762977
leaf_weight=0.0016682246249217769 0.0010227696675428888 0.0010976128753554804
leaf_count=1302 42 56
internal_value=0.01513 0.00223547
internal_weight=0.00378861 0.00276584
internal_count=1400 1358
is_linear=0
shrinkage=0.05


Tree=275
num_leaves=3
num_cat=0
split_feature=10 14
split_gain=0.000588082 0.000130739
threshold=1.5000000000000002 0.29165000000000002
decision_type=2 2
left_child=1 -1
right_child=-2 -3
leaf_value=-0.012582548595454733 0.042219195776797495 0.010769256257605792
leaf_weight=0.0010884851175489985 0.0012759033324982738 0.0013339022195850703
leaf_count=1240 73 87
internal_value=0.0147465 0.000276264
internal_weight=0.00369829 0.00242239
internal_count=1400 1327
is_linear=0
shrinkage=0.05


Tree=276
num_leaves=3
num_cat=0
split_feature=10 14
split_gain=0.000557316 0.000118328
threshold=1.5000000000000002 0.29165000000000002
decision_type=2 2
left_child=1 -1
right_child=-2 -3
leaf_value=-0.011991421518944945 0.041591341167995038 0.010254601183636346
leaf_weight=0.0010851245844207824 0.0012315411486270023 0.0013308852733189269
leaf_count=1240 73 87
internal_value=0.0142169 0.000263042
internal_weight=0.00364755 0.00241601
internal_count=1400 1327
is_linear=0
shrinkage=0.05


Tree=277
num_leaves=3
num_cat=0
split_feature=10 14
split_gain=0.000527286 0.000107067
threshold=1.5000000000000002 0.29165000000000002
decision_type=2 2
left_child=1 -1
right_child=-2 -3
leaf_value=-0.011424735079724866 0.040928179897323586 0.0097624213564139004
leaf_weight=0.0010820817990122578 0.0011899856626769179 0.001328155973851608
leaf_count=1240 73 87
internal_value=0.0136957 0.000250399
internal_weight=0.00360022 0.00241024
internal_count=1400 1327
is_linear=0
shrinkage=0.05


Tree=278
num_leaves=3
num_cat=0
split_feature=10 2
split_gain=0.00049803 9.73938e-05
threshold=1.5000000000000002 14644.270000000002
decision_type=2 2
left_child=1 -1
right_child=-2 -3
leaf_value=-0.01142271697045912 0.040230003008646147 0.0089202497432561596
leaf_weight=0.0010264075918371418 0.0011511028078530217 0.0013786073984647373
leaf_count=767 73 560
internal_value=0.0131835 0.000238318
internal_weight=0.00355612 0.00240501
internal_count=1400 1327
is_linear=0
shrinkage=0.05


Tree=279
num_leaves=3
num_cat=0
split_feature=10 14
split_gain=0.000469581 9.80145e-05
threshold=1.5000000000000002 0.29165000000000002
decision_type=2 2
left_child=1 -1
right_child=-2 -3
leaf_value=-0.010998202579658355 0.039497442175895202 0.0093214160708287083
leaf_weight=0.0010743131101946801 0.0011147628692924627 0.0013259511558771919
leaf_count=1240 73 87
internal_value=0.0126811 0.000226737
internal_weight=0.00351503 0.00240026
internal_count=1400 1327
is_linear=0
shrinkage=0.05


Tree=280
num_leaves=3
num_cat=0
split_feature=10 2
split_gain=0.000441947 8.92396e-05
threshold=1.5000000000000002 14644.270000000002
decision_type=2 2
left_child=1 -1
right_child=-2 -3
leaf_value=-0.011001885070218244 0.038731481460081658 0.0085181440515221911
leaf_weight=0.0010188626070828377 0.0010808402967086295 0.0013766207491130444
leaf_count=767 73 560
internal_value=0.0121909 0.000215758
internal_weight=0.00347632 0.00239548
internal_count=1400 1327
is_linear=0
shrinkage=0.05


Tree=281
num_leaves=3
num_cat=0
split_feature=10 1
split_gain=0.000415201 9.01226e-05
threshold=1.5000000000000002 3.5000000000000004
decision_type=2 2
left_child=1 -1
right_child=-2 -3
leaf_value=0.011028894141883338 0.037933465843793229 -0.008500313998917701
leaf_weight=0.0010658964891945288 0.0010492133933439618 0.0013252341313716443
leaf_count=533 73 794
internal_value=0.0117113 0.000205239
internal_weight=0.00344034 0.00239113
internal_count=1400 1327
is_linear=0
shrinkage=0.05


Tree=282
num_leaves=3
num_cat=0
split_feature=10 14
split_gain=0.000389346 8.9863e-05
threshold=1.5000000000000002 0.29165000000000002
decision_type=2 2
left_child=1 -1
right_child=-2 -3
leaf_value=-0.010597586013903254 0.03710509876316604 0.0089165910558683774
leaf_weight=0.0010666616705634624 0.0010197641131526325 0.0013200736548242276
leaf_count=1240 73 87
internal_value=0.0112447 0.000195463
internal_weight=0.0034065 0.00238674
internal_count=1400 1327
is_linear=0
shrinkage=0.05


Tree=283
num_leaves=3
num_cat=0
split_feature=18 1
split_gain=0.000286128 0.000173612
threshold=77.40000000000002 3.5000000000000004
decision_type=2 2
left_child=1 -1
right_child=-2 -3
leaf_value=0.014192747910747995 0.031847157069178143 -0.013389916206665506
leaf_weight=0.0011683232334576132 0.001091517606596426 0.001114889508755823
leaf_count=542 71 787
internal_value=0.0107905 0.000724173
internal_weight=0.00337473 0.00228321
internal_count=1400 1329
is_linear=0
shrinkage=0.05


Tree=284
num_leaves=3
num_cat=0
split_feature=18 1
split_gain=0.000265304 0.000157303
threshold=77.40000000000002 3.5000000000000004
decision_type=2 2
left_child=1 -1
right_child=-2 -3
leaf_value=0.013537691994971544 0.030881602901747914 -0.012766231056336869
leaf_weight=0.0011637340224979198 0.0010699245199816687 0.0011109919024647752
leaf_count=542 71 787
internal_value=0.0103485 0.000690674
internal_weight=0.00334465 0.00227473
internal_count=1400 1329
is_linear=0
shrinkage=0.05


Tree=285
num_leaves=3
num_cat=0
split_feature=18 1
split_gain=0.00024559 0.000142475
threshold=77.40000000000002 3.5000000000000004
decision_type=2 2
left_child=1 -1
right_child=-2 -3
leaf_value=0.012908159163768366 0.029908336929715104 -0.012167608975045808
leaf_weight=0.0011595750531228077 0.0010500225886289627 0.001107461330860815
leaf_count=542 71 787
internal_value=0.0099176 0.000658491
internal_weight=0.00331706 0.00226704
internal_count=1400 1329
is_linear=0
shrinkage=0.05


Tree=286
num_leaves=3
num_cat=0
split_feature=14 12
split_gain=0.000234377 0.000432829
threshold=0.29165000000000002 172.01000000000002
decision_type=2 2
left_child=-1 -2
right_child=1 -3
leaf_value=-0.0096614309558523577 0.042806217083661183 -0.001534500233136235
leaf_weight=0.001074926108657337 0.0010160757610719884 0.0012007723701117357
leaf_count=1241 62 97
internal_value=0.00949836 0.0187887
internal_weight=0.00329177 0.00221685
internal_count=1400 159
is_linear=0
shrinkage=0.05


Tree=287
num_leaves=3
num_cat=0
split_feature=18 1
split_gain=0.000224892 0.00012557
threshold=77.40000000000002 3.5000000000000004
decision_type=2 2
left_child=1 -1
right_child=-2 -3
leaf_value=0.011896518300593874 0.028655602777766926 -0.011796002483845956
leaf_weight=0.0011411881853291561 0.0010155807194109912 0.0010966770690288286
leaf_count=542 71 787
internal_value=0.00914164 0.00028588
internal_weight=0.00325345 0.00223787
internal_count=1400 1329
is_linear=0
shrinkage=0.05


Tree=288
num_leaves=3
num_cat=0
split_feature=14 12
split_gain=0.000207295 0.000299977
threshold=0.29165000000000002 374.53000000000003
decision_type=2 2
left_child=-1 -2
right_child=1 -3
leaf_value=-0.0092010851490028182 0.037384031829676444 3.6677701254047657e-05
leaf_weight=0.0010738983717430983 0.0010193083298872807 0.001137848437338107
leaf_count=1241 68 91
internal_value=0.0087484 0.0176842
internal_weight=0.00323106 0.00215716
internal_count=1400 159
is_linear=0
shrinkage=0.05


Tree=289
num_leaves=2
num_cat=0
split_feature=14
split_gain=0.000192264
threshold=0.36665000000000009
decision_type=2
left_child=-1
right_child=-2
leaf_value=-0.0019842776755550524 0.022859688340700748
leaf_weight=0.0018638819566092479 0.0013376150989188318
leaf_count=1308 92
internal_value=0.00839576
internal_weight=0.0032015
internal_count=1400
is_linear=0
shrinkage=0.05


Tree=290
num_leaves=3
num_cat=0
split_feature=14 12
split_gain=0.000179528 0.000240449
threshold=0.29165000000000002 513.21000000000015
decision_type=2 2
left_child=-1 -2
right_child=1 -3
leaf_value=-0.0086596651512502593 0.034178372933508491 0.00042621482094236602
leaf_weight=0.0010717550235597173 0.0010050346920706943 0.0011109306990420009
leaf_count=1241 71 88
internal_value=0.00801291 0.0164577
internal_weight=0.00318772 0.00211597
internal_count=1400 159
is_linear=0
shrinkage=0.05


Tree=291
num_leaves=2
num_cat=0
split_feature=14
split_gain=0.000168407
threshold=0.36665000000000009
decision_type=2
left_child=-1
right_child=-2
leaf_value=-0.0020089142033260852 0.021418106638099892
leaf_weight=0.0018553658910320792 0.0013078849701742001
leaf_count=1308 92
internal_value=0.00767728
internal_weight=0.00316325
internal_count=1400
is_linear=0
shrinkage=0.05


Tree=292
num_leaves=3
num_cat=0
split_feature=14 12
split_gain=0.000154932 0.000179522
threshold=0.29165000000000002 580.04500000000019
decision_type=2 2
left_child=-1 -2
right_child=1 -3
leaf_value=-0.0081412992520628249 0.030505734351874415 0.0011185377391887555
leaf_weight=0.0010698356208820314 0.001002434624979287 0.0010791322624754685
leaf_count=1241 77 82
internal_value=0.00732284 0.0152707
internal_weight=0.0031514 0.00208157
internal_count=1400 159
is_linear=0
shrinkage=0.05


Tree=293
num_leaves=2
num_cat=0
split_feature=1
split_gain=0.000152211
threshold=4.5000000000000009
decision_type=2
left_child=-1
right_child=-2
leaf_value=0.015829504977102365 -0.0067637677246680187
leaf_weight=0.001908524652833421 0.0012232749166400936
leaf_count=767 633
internal_value=0.00700462
internal_weight=0.0031318
internal_count=1400
is_linear=0
shrinkage=0.05


Tree=294
num_leaves=2
num_cat=0
split_feature=12
split_gain=0.000148937
threshold=172.01000000000002
decision_type=2
left_child=-1
right_child=-2
leaf_value=0.015656947567628986 -0.006607151278937142
leaf_weight=0.001862513617481909 0.0012588695817612461
leaf_count=1288 112
internal_value=0.00667772
internal_weight=0.00312138
internal_count=1400
is_linear=0
shrinkage=0.05


Tree=295
num_leaves=2
num_cat=0
split_feature=14
split_gain=0.000153843
threshold=0.36665000000000009
decision_type=2
left_child=-1
right_child=-2
leaf_value=-0.0028523472876273272 0.019775692988882473
leaf_weight=0.001843967834616933 0.0012674409372266382
leaf_count=1308 92
internal_value=0.00636525
internal_weight=0.00311141
internal_count=1400
is_linear=0
shrinkage=0.05


Tree=296
num_leaves=3
num_cat=0
split_feature=14 12
split_gain=0.000142358 9.87968e-05
threshold=0.29165000000000002 666.78500000000008
decision_type=2 2
left_child=-1 -2
right_child=1 -3
leaf_value=-0.0086999861161748734 0.024962906993954752 0.0029129965563414444
leaf_weight=0.0010692552206990058 0.0010069054592349858 0.0010252874840261939
leaf_count=1241 83 76
internal_value=0.00606795 0.0138382
internal_weight=0.00310145 0.00203219
internal_count=1400 159
is_linear=0
shrinkage=0.05


Tree=297
num_leaves=2
num_cat=0
split_feature=6
split_gain=0.000145577
threshold=1.0000000180025095e-35
decision_type=2
left_child=-1
right_child=-2
leaf_value=0.016417775523734652 -0.0053015659938754458
leaf_weight=0.0015771300729738869 0.0015103332775652234
leaf_count=1273 127
internal_value=0.00579305
internal_weight=0.00308746
internal_count=1400
is_linear=0
shrinkage=0.05


Tree=298
num_leaves=2
num_cat=0
split_feature=14
split_gain=0.000139831
threshold=0.36665000000000009
decision_type=2
left_child=-1
right_child=-2
leaf_value=-0.0032540693590520859 0.018462362176074231
leaf_weight=0.0018344947708897053 0.0012438516018846713
leaf_count=1308 92
internal_value=0.00552078
internal_weight=0.00307835
internal_count=1400
is_linear=0
shrinkage=0.05


Tree=299
num_leaves=2
num_cat=0
split_feature=6
split_gain=0.000138225
threshold=1.0000000180025095e-35
decision_type=2
left_child=-1
right_child=-2
leaf_value=0.015674909430247966 -0.0055487970432853972
leaf_weight=0.0015634437141898161 0.0015062539937389374
leaf_count=1273 127
internal_value=0.00526076
internal_weight=0.0030697
internal_count=1400
is_linear=0
shrinkage=0.05


end of trees

feature_importances:
excess_ratio=358
cost_gap_ratio=330
avg_line_inr=275
n_findings=260
n_high_severity=258
total_billed_inr=256
r2_dx_mismatch_count=221
los_days=189
max_line_inr=144
cost_gap_over_p95_inr=80
share_lines_flagged=78
r1_overbilling_count=69
total_excess_inr=62
cost_lines_above_band=44
max_pct_over_median=39
n_lines=37
r4_cost_outlier_count=20
r3_stay_logic_count=4

parameters:
[boosting: gbdt]
[objective: binary]
[metric: binary_logloss]
[tree_learner: serial]
[device_type: cpu]
[data_sample_strategy: bagging]
[data: ]
[valid: ]
[num_iterations: 300]
[learning_rate: 0.05]
[num_leaves: 15]
[num_threads: 8]
[seed: 42]
[deterministic: 0]
[force_col_wise: 0]
[force_row_wise: 0]
[histogram_pool_size: -1]
[max_depth: -1]
[min_data_in_leaf: 20]
[min_sum_hessian_in_leaf: 0.001]
[bagging_fraction: 1]
[pos_bagging_fraction: 1]
[neg_bagging_fraction: 1]
[bagging_freq: 0]
[bagging_seed: 400]
[bagging_by_query: 0]
[feature_fraction: 1]
[feature_fraction_bynode: 1]
[feature_fraction_seed: 30056]
[extra_trees: 0]
[extra_seed: 12879]
[early_stopping_round: 0]
[early_stopping_min_delta: 0]
[first_metric_only: 0]
[max_delta_step: 0]
[lambda_l1: 0]
[lambda_l2: 0]
[linear_lambda: 0]
[min_gain_to_split: 0]
[drop_rate: 0.1]
[max_drop: 50]
[skip_drop: 0.5]
[xgboost_dart_mode: 0]
[uniform_drop: 0]
[drop_seed: 17869]
[top_rate: 0.2]
[other_rate: 0.1]
[min_data_per_group: 100]
[max_cat_threshold: 32]
[cat_l2: 10]
[cat_smooth: 10]
[max_cat_to_onehot: 4]
[top_k: 20]
[monotone_constraints: ]
[monotone_constraints_method: basic]
[monotone_penalty: 0]
[feature_contri: ]
[forcedsplits_filename: ]
[refit_decay_rate: 0.9]
[cegb_tradeoff: 1]
[cegb_penalty_split: 0]
[cegb_penalty_feature_lazy: ]
[cegb_penalty_feature_coupled: ]
[path_smooth: 0]
[interaction_constraints: ]
[verbosity: -1]
[saved_feature_importance_type: 0]
[use_quantized_grad: 0]
[num_grad_quant_bins: 4]
[quant_train_renew_leaf: 0]
[stochastic_rounding: 1]
[linear_tree: 0]
[max_bin: 255]
[max_bin_by_feature: ]
[min_data_in_bin: 3]
[bin_construct_sample_cnt: 200000]
[data_random_seed: 175]
[is_enable_sparse: 1]
[enable_bundle: 1]
[use_missing: 1]
[zero_as_missing: 0]
[feature_pre_filter: 1]
[pre_partition: 0]
[two_round: 0]
[header: 0]
[label_column: ]
[weight_column: ]
[group_column: ]
[ignore_column: ]
[categorical_feature: ]
[forcedbins_filename: ]
[precise_float_parser: 0]
[parser_config_file: ]
[objective_seed: 16083]
[num_class: 1]
[is_unbalance: 0]
[scale_pos_weight: 12.5922]
[sigmoid: 1]
[boost_from_average: 1]
[reg_sqrt: 0]
[alpha: 0.9]
[fair_c: 1]
[poisson_max_delta_step: 0.7]
[tweedie_variance_power: 1.5]
[lambdarank_truncation_level: 30]
[lambdarank_norm: 1]
[label_gain: ]
[lambdarank_position_bias_regularization: 0]
[eval_at: ]
[multi_error_top_k: 1]
[auc_mu_weights: ]
[num_machines: 1]
[local_listen_port: 12400]
[time_out: 120]
[machine_list_filename: ]
[machines: ]
[gpu_platform_id: -1]
[gpu_device_id: -1]
[gpu_device_id_list: ]
[gpu_use_dp: 0]
[num_gpu: 1]

end of parameters

pandas_categorical:[]
